time_s,chassis_travel_mm,front_left_smoothed_mm,front_right_smoothed_mm,rear_left_smoothed_mm,rear_right_smoothed_mm,front_left_raw_mm,front_right_raw_mm,rear_left_raw_mm,rear_right_raw_mm
0.000000,0.000000,23.665105,23.665105,46.786800,46.786800,-50.556955,-50.556955,0.000000,0.000000
0.002000,0.400000,23.941754,23.941754,46.786800,46.786800,-50.532329,-50.532329,0.254000,0.254000
0.004000,0.800000,24.217623,24.217623,46.786800,46.786800,-50.501498,-50.501498,0.558800,0.558800
0.006000,1.200000,24.492684,24.492684,46.786800,46.786800,-50.469277,-50.469277,0.863600,0.863600
0.008000,1.600000,24.766909,24.766909,46.786800,46.786800,-50.441370,-50.441370,1.117600,1.117600
0.010000,2.000000,25.040270,25.040270,46.786800,46.786800,-50.406617,-50.406617,1.422400,1.422400
0.012000,2.400000,25.312740,25.312740,46.786800,46.786800,-50.370492,-50.370492,1.727200,1.727200
0.014000,2.800000,25.584289,25.584289,46.786800,46.786800,-50.333001,-50.333001,2.032000,2.032000
0.016000,3.200000,25.854891,25.854891,46.786800,46.786800,-50.300719,-50.300719,2.286000,2.286000
0.018000,3.600000,26.124518,26.124518,46.786800,46.786800,-50.260739,-50.260739,2.590800,2.590800
0.020000,4.000000,26.393141,26.393141,46.786800,46.786800,-50.219410,-50.219410,2.895600,2.895600
0.022000,4.400000,26.660734,26.660734,46.786800,46.786800,-50.183942,-50.183942,3.149600,3.149600
0.024000,4.800000,26.927268,26.927268,46.786800,46.786800,-50.140154,-50.140154,3.454400,3.454400
0.026000,5.200000,27.192716,27.192716,46.786800,46.786800,-50.095033,-50.095033,3.759200,3.759200
0.028000,5.600000,27.457052,27.457052,46.786800,46.786800,-50.048585,-50.048585,4.064000,4.064000
0.030000,6.000000,27.720247,27.720247,46.786800,46.786800,-50.008869,-50.008869,4.318000,4.318000
0.032000,6.400000,27.982275,27.982275,46.786800,46.786800,-49.960002,-49.960002,4.622800,4.622800
0.034000,6.800000,28.243109,28.243109,46.786800,46.786800,-49.909824,-49.909824,4.927600,4.927600
0.036000,7.200000,28.502722,28.502722,46.786800,46.786800,-49.858339,-49.858339,5.232400,5.232400
0.038000,7.600000,28.761089,28.761089,46.786800,46.786800,-49.814442,-49.814442,5.486400,5.486400
0.040000,8.000000,29.018182,29.018182,46.786800,46.786800,-49.760577,-49.760577,5.791200,5.791200
0.042000,8.400000,29.273977,29.273977,46.786800,46.786800,-49.705422,-49.705422,6.096000,6.096000
0.044000,8.800000,29.528446,29.528446,46.786800,46.786800,-49.658476,-49.658476,6.350000,6.350000
0.046000,9.200000,29.781565,29.781565,46.786800,46.786800,-49.600967,-49.600967,6.654800,6.654800
0.048000,9.600000,30.033308,30.033308,46.786800,46.786800,-49.542182,-49.542182,6.959600,6.959600
0.050000,10.000000,30.283650,30.283650,46.786800,46.786800,-49.482126,-49.482126,7.264400,7.264400
0.052000,10.400000,30.532567,30.532567,46.786800,46.786800,-49.431112,-49.431112,7.518400,7.518400
0.054000,10.800000,30.780033,30.780033,46.786800,46.786800,-49.368738,-49.368738,7.823200,7.823200
0.056000,11.200000,31.026026,31.026026,46.786800,46.786800,-49.305107,-49.305107,8.128000,8.128000
0.058000,11.600000,31.270520,31.270520,46.786800,46.786800,-49.240224,-49.240224,8.432800,8.432800
0.060000,12.000000,31.513493,31.513493,46.786800,46.786800,-49.185201,-49.185201,8.686800,8.686800
0.062000,12.400000,31.754921,31.754921,46.786800,46.786800,-49.118035,-49.118035,8.991600,8.991600
0.064000,12.800000,31.994781,31.994781,46.786800,46.786800,-49.049629,-49.049629,9.296400,9.296400
0.066000,13.200000,32.233051,32.233051,46.786800,46.786800,-48.991682,-48.991682,9.550400,9.550400
0.068000,13.600000,32.469708,32.469708,46.786800,46.786800,-48.921018,-48.921018,9.855200,9.855200
0.070000,14.000000,32.704730,32.704730,46.786800,46.786800,-48.849128,-48.849128,10.160000,10.160000
0.072000,14.400000,32.938097,32.938097,46.786800,46.786800,-48.776018,-48.776018,10.464800,10.464800
0.074000,14.800000,33.169786,33.169786,46.786800,46.786800,-48.714163,-48.714163,10.718800,10.718800
0.076000,15.200000,33.399776,33.399776,46.786800,46.786800,-48.638825,-48.638825,11.023600,11.023600
0.078000,15.600000,33.628049,33.628049,46.786800,46.786800,-48.562279,-48.562279,11.328400,11.328400
0.080000,16.000000,33.854582,33.854582,46.786800,46.786800,-48.484529,-48.484529,11.633200,11.633200
0.082000,16.400000,34.079358,34.079358,46.786800,46.786800,-48.418821,-48.418821,11.887200,11.887200
0.084000,16.800000,34.302355,34.302355,46.786800,46.786800,-48.338875,-48.338875,12.192000,12.192000
0.086000,17.200000,34.523557,34.523557,46.786800,46.786800,-48.257737,-48.257737,12.496800,12.496800
0.088000,17.600000,34.742943,34.742943,46.786800,46.786800,-48.189214,-48.189214,12.750800,12.750800
0.090000,18.000000,34.960496,34.960496,46.786800,46.786800,-48.105902,-48.105902,13.055600,13.055600
0.092000,18.400000,35.176199,35.176199,46.786800,46.786800,-48.021410,-48.021410,13.360400,13.360400
0.094000,18.800000,35.390034,35.390034,46.786800,46.786800,-47.935742,-47.935742,13.665200,13.665200
0.096000,19.200000,35.601984,35.601984,46.786800,46.786800,-47.863457,-47.863457,13.919200,13.919200
0.098000,19.600000,35.812033,35.812033,46.786800,46.786800,-47.775643,-47.775643,14.224000,14.224000
0.100000,20.000000,36.020165,36.020165,46.786800,46.786800,-47.686665,-47.686665,14.528800,14.528800
0.102000,20.400000,36.226365,36.226365,46.786800,46.786800,-47.596526,-47.596526,14.833600,14.833600
0.104000,20.800000,36.430618,36.430618,46.786800,46.786800,-47.520527,-47.520527,15.087600,15.087600
0.106000,21.200000,36.632908,36.632908,46.786800,46.786800,-47.428270,-47.428270,15.392400,15.392400
0.108000,21.600000,36.833222,36.833222,46.786800,46.786800,-47.334864,-47.334864,15.697200,15.697200
0.110000,22.000000,37.031547,37.031547,46.786800,46.786800,-47.256150,-47.256150,15.951200,15.951200
0.112000,22.400000,37.227869,37.227869,46.786800,46.786800,-47.160646,-47.160646,16.256000,16.256000
0.114000,22.800000,37.422176,37.422176,46.786800,46.786800,-47.064003,-47.064003,16.560800,16.560800
0.116000,23.200000,37.614455,37.614455,46.786800,46.786800,-46.966224,-46.966224,16.865600,16.865600
0.118000,23.600000,37.804695,37.804695,46.786800,46.786800,-46.883878,-46.883878,17.119600,17.119600
0.120000,24.000000,37.992884,37.992884,46.786800,46.786800,-46.784027,-46.784027,17.424400,17.424400
0.122000,24.400000,38.179012,38.179012,46.786800,46.786800,-46.683051,-46.683051,17.729200,17.729200
0.124000,24.800000,38.363069,38.363069,46.786800,46.786800,-46.580954,-46.580954,18.034000,18.034000
0.126000,25.200000,38.545045,38.545045,46.786800,46.786800,-46.495019,-46.495019,18.288000,18.288000
0.128000,25.600000,38.724931,38.724931,46.786800,46.786800,-46.390875,-46.390875,18.592800,18.592800
0.130000,26.000000,38.902718,38.902718,46.786800,46.786800,-46.285619,-46.285619,18.897600,18.897600
0.132000,26.400000,39.078398,39.078398,46.786800,46.786800,-46.197059,-46.197059,19.151600,19.151600
0.134000,26.800000,39.251965,39.251965,46.786800,46.786800,-46.089774,-46.089774,19.456400,19.456400
0.136000,27.200000,39.423409,39.423409,46.786800,46.786800,-45.981387,-45.981387,19.761200,19.761200
0.138000,27.600000,39.592726,39.592726,46.786800,46.786800,-45.871901,-45.871901,20.066000,20.066000
0.140000,28.000000,39.759909,39.759909,46.786800,46.786800,-45.779826,-45.779826,20.320000,20.320000
0.142000,28.400000,39.924952,39.924952,46.786800,46.786800,-45.668334,-45.668334,20.624800,20.624800
0.144000,28.800000,40.087851,40.087851,46.786800,46.786800,-45.555753,-45.555753,20.929600,20.929600
0.146000,29.200000,40.248601,40.248601,46.786800,46.786800,-45.442086,-45.442086,21.234400,21.234400
0.148000,29.600000,40.407199,40.407199,46.786800,46.786800,-45.346535,-45.346535,21.488400,21.488400
0.150000,30.000000,40.563640,40.563640,46.786800,46.786800,-45.230885,-45.230885,21.793200,21.793200
0.152000,30.400000,40.717923,40.717923,46.786800,46.786800,-45.114157,-45.114157,22.098000,22.098000
0.154000,30.800000,40.870046,40.870046,46.786800,46.786800,-45.016063,-45.016063,22.352000,22.352000
0.156000,31.200000,41.020006,41.020006,46.786800,46.786800,-44.897368,-44.897368,22.656800,22.656800
0.158000,31.600000,41.167802,41.167802,46.786800,46.786800,-44.777605,-44.777605,22.961600,22.961600
0.160000,32.000000,41.313433,41.313433,46.786800,46.786800,-44.656775,-44.656775,23.266400,23.266400
0.162000,32.400000,41.456901,41.456901,46.786800,46.786800,-44.555273,-44.555273,23.520400,23.520400
0.164000,32.800000,41.598204,41.598204,46.786800,46.786800,-44.432498,-44.432498,23.825200,23.825200
0.166000,33.200000,41.737345,41.737345,46.786800,46.786800,-44.308665,-44.308665,24.130000,24.130000
0.168000,33.600000,41.874324,41.874324,46.786800,46.786800,-44.183779,-44.183779,24.434800,24.434800
0.170000,34.000000,42.009145,42.009145,46.786800,46.786800,-44.078903,-44.078903,24.688800,24.688800
0.172000,34.400000,42.141809,42.141809,46.786800,46.786800,-43.952091,-43.952091,24.993600,24.993600
0.174000,34.800000,42.272320,42.272320,46.786800,46.786800,-43.824233,-43.824233,25.298400,25.298400
0.176000,35.200000,42.400682,42.400682,46.786800,46.786800,-43.716887,-43.716887,25.552400,25.552400
0.178000,35.600000,42.526898,42.526898,46.786800,46.786800,-43.587118,-43.587118,25.857200,25.857200
0.180000,36.000000,42.650975,42.650975,46.786800,46.786800,-43.456310,-43.456310,26.162000,26.162000
0.182000,36.400000,42.772916,42.772916,46.786800,46.786800,-43.324467,-43.324467,26.466800,26.466800
0.184000,36.800000,42.892729,42.892729,46.786800,46.786800,-43.213808,-43.213808,26.720800,26.720800
0.186000,37.200000,43.010418,43.010418,46.786800,46.786800,-43.080073,-43.080073,27.025600,27.025600
0.188000,37.600000,43.125993,43.125993,46.786800,46.786800,-42.945310,-42.945310,27.330400,27.330400
0.190000,38.000000,43.239459,43.239459,46.786800,46.786800,-42.809522,-42.809522,27.635200,27.635200
0.192000,38.400000,43.350825,43.350825,46.786800,46.786800,-42.695583,-42.695583,27.889200,27.889200
0.194000,38.800000,43.460099,43.460099,46.786800,46.786800,-42.557921,-42.557921,28.194000,28.194000
0.196000,39.200000,43.567292,43.567292,46.786800,46.786800,-42.419241,-42.419241,28.498800,28.498800
0.198000,39.600000,43.672411,43.672411,46.786800,46.786800,-42.302899,-42.302899,28.752800,28.752800
0.200000,40.000000,43.775467,43.775467,46.786800,46.786800,-42.162359,-42.162359,29.057600,29.057600
0.202000,40.400000,43.876472,43.876472,46.786800,46.786800,-42.020808,-42.020808,29.362400,29.362400
0.204000,40.800000,43.975435,43.975435,46.786800,46.786800,-41.878249,-41.878249,29.667200,29.667200
0.206000,41.200000,44.072368,44.072368,46.786800,46.786800,-41.758681,-41.758681,29.921200,29.921200
0.208000,41.600000,44.167284,44.167284,46.786800,46.786800,-41.614279,-41.614279,30.226000,30.226000
0.210000,42.000000,44.260195,44.260195,46.786800,46.786800,-41.468875,-41.468875,30.530800,30.530800
0.212000,42.400000,44.351115,44.351115,46.786800,46.786800,-41.322472,-41.322472,30.835600,30.835600
0.214000,42.800000,44.440055,44.440055,46.786800,46.786800,-41.199708,-41.199708,31.089600,31.089600
0.216000,43.200000,44.527032,44.527032,46.786800,46.786800,-41.051479,-41.051479,31.394400,31.394400
0.218000,43.600000,44.612059,44.612059,46.786800,46.786800,-40.902257,-40.902257,31.699200,31.699200
0.220000,44.000000,44.695151,44.695151,46.786800,46.786800,-40.777149,-40.777149,31.953200,31.953200
0.222000,44.400000,44.776323,44.776323,46.786800,46.786800,-40.626113,-40.626113,32.258000,32.258000
0.224000,44.800000,44.855592,44.855592,46.786800,46.786800,-40.474092,-40.474092,32.562800,32.562800
0.226000,45.200000,44.932973,44.932973,46.786800,46.786800,-40.321086,-40.321086,32.867600,32.867600
0.228000,45.600000,45.008484,45.008484,46.786800,46.786800,-40.192831,-40.192831,33.121600,33.121600
0.230000,46.000000,45.082140,45.082140,46.786800,46.786800,-40.038027,-40.038027,33.426400,33.426400
0.232000,46.400000,45.153961,45.153961,46.786800,46.786800,-39.882245,-39.882245,33.731200,33.731200
0.234000,46.800000,45.223964,45.223964,46.786800,46.786800,-39.725488,-39.725488,34.036000,34.036000
0.236000,47.200000,45.292168,45.292168,46.786800,46.786800,-39.594113,-39.594113,34.290000,34.290000
0.238000,47.600000,45.358590,45.358590,46.786800,46.786800,-39.435573,-39.435573,34.594800,34.594800
0.240000,48.000000,45.423251,45.423251,46.786800,46.786800,-39.276063,-39.276063,34.899600,34.899600
0.242000,48.400000,45.486171,45.486171,46.786800,46.786800,-39.142398,-39.142398,35.153600,35.153600
0.244000,48.800000,45.547367,45.547367,46.786800,46.786800,-38.981116,-38.981116,35.458400,35.458400
0.246000,49.200000,45.606863,45.606863,46.786800,46.786800,-38.818870,-38.818870,35.763200,35.763200
0.248000,49.600000,45.664677,45.664677,46.786800,46.786800,-38.655662,-38.655662,36.068000,36.068000
0.250000,50.000000,45.720831,45.720831,46.786800,46.786800,-38.518923,-38.518923,36.322000,36.322000
0.252000,50.400000,45.775346,45.775346,46.786800,46.786800,-38.353957,-38.353957,36.626800,36.626800
0.254000,50.800000,45.828244,45.828244,46.786800,46.786800,-38.188035,-38.188035,36.931600,36.931600
0.256000,51.200000,45.879547,45.879547,46.786800,46.786800,-38.049038,-38.049038,37.185600,37.185600
0.258000,51.600000,45.929278,45.929278,46.786800,46.786800,-37.881368,-37.881368,37.490400,37.490400
0.260000,52.000000,45.977459,45.977459,46.786800,46.786800,-37.712747,-37.712747,37.795200,37.795200
0.262000,52.400000,46.024112,46.024112,46.786800,46.786800,-37.543178,-37.543178,38.100000,38.100000
0.264000,52.800000,46.069262,46.069262,46.786800,46.786800,-37.401147,-37.401147,38.354000,38.354000
0.266000,53.200000,46.112932,46.112932,46.786800,46.786800,-37.229844,-37.229844,38.658800,38.658800
0.268000,53.600000,46.155145,46.155145,46.786800,46.786800,-37.057596,-37.057596,38.963600,38.963600
0.270000,54.000000,46.195926,46.195926,46.786800,46.786800,-36.884408,-36.884408,39.268400,39.268400
0.272000,54.400000,46.235298,46.235298,46.786800,46.786800,-36.739366,-36.739366,39.522400,39.522400
0.274000,54.800000,46.273287,46.273287,46.786800,46.786800,-36.564455,-36.564455,39.827200,39.827200
0.276000,55.200000,46.309917,46.309917,46.786800,46.786800,-36.388608,-36.388608,40.132000,40.132000
0.278000,55.600000,46.345213,46.345213,46.786800,46.786800,-36.241355,-36.241355,40.386000,40.386000
0.280000,56.000000,46.379200,46.379200,46.786800,46.786800,-36.063795,-36.063795,40.690800,40.690800
0.282000,56.400000,46.411903,46.411903,46.786800,46.786800,-35.885304,-35.885304,40.995600,40.995600
0.284000,56.800000,46.443348,46.443348,46.786800,46.786800,-35.705883,-35.705883,41.300400,41.300400
0.286000,57.200000,46.473561,46.473561,46.786800,46.786800,-35.555657,-35.555657,41.554400,41.554400
0.288000,57.600000,46.502566,46.502566,46.786800,46.786800,-35.374535,-35.374535,41.859200,41.859200
0.290000,58.000000,46.530391,46.530391,46.786800,46.786800,-35.192489,-35.192489,42.164000,42.164000
0.292000,58.400000,46.557060,46.557060,46.786800,46.786800,-35.009519,-35.009519,42.468800,42.468800
0.294000,58.800000,46.582601,46.582601,46.786800,46.786800,-34.856340,-34.856340,42.722800,42.722800
0.296000,59.200000,46.607039,46.607039,46.786800,46.786800,-34.671681,-34.671681,43.027600,43.027600
0.298000,59.600000,46.630401,46.630401,46.786800,46.786800,-34.486103,-34.486103,43.332400,43.332400
0.300000,60.000000,46.652713,46.652713,46.786800,46.786800,-34.330754,-34.330754,43.586400,43.586400
0.302000,60.400000,46.674001,46.674001,46.786800,46.786800,-34.143496,-34.143496,43.891200,43.891200
0.304000,60.800000,46.694292,46.694292,46.786800,46.786800,-33.955323,-33.955323,44.196000,44.196000
0.306000,61.200000,46.713613,46.713613,46.786800,46.786800,-33.766238,-33.766238,44.500800,44.500800
0.308000,61.600000,46.731989,46.731989,46.786800,46.786800,-33.607970,-33.607970,44.754800,44.754800
0.310000,62.000000,46.749447,46.749447,46.786800,46.786800,-33.417215,-33.417215,45.059600,45.059600
0.312000,62.400000,46.766014,46.766014,46.786800,46.786800,-33.225551,-33.225551,45.364400,45.364400
0.314000,62.800000,46.781715,46.781715,46.786800,46.786800,-33.032980,-33.032980,45.669200,45.669200
0.316000,63.200000,46.796578,46.796578,46.786800,46.786800,-32.871813,-32.871813,45.923200,45.923200
0.318000,63.600000,46.810629,46.810629,46.786800,46.786800,-32.677582,-32.677582,46.228000,46.228000
0.320000,64.000000,46.823893,46.823893,46.786800,46.786800,-32.482449,-32.482449,46.532800,46.532800
0.322000,64.400000,46.836397,46.836397,46.786800,46.786800,-32.319149,-32.319149,46.786800,46.786800
0.324000,64.800000,46.848167,46.848167,46.786800,46.786800,-32.122364,-32.122364,46.612132,46.612132
0.326000,65.200000,46.859228,46.859228,46.786800,46.786800,-31.924680,-31.924680,41.015957,41.015957
0.328000,65.600000,46.869606,46.869606,46.786797,46.786797,-31.726099,-31.726099,36.919782,36.919782
0.330000,66.000000,46.879327,46.879327,46.786769,46.786769,-31.559929,-31.559929,34.081374,34.081374
0.332000,66.400000,46.888415,46.888415,46.786683,46.786683,-31.359706,-31.359706,31.113615,31.113615
0.334000,66.800000,46.896896,46.896896,46.786491,46.786491,-31.158588,-31.158588,28.485500,28.485500
0.336000,67.200000,46.904796,46.904796,46.786139,46.786139,-30.956578,-30.956578,26.110447,26.110447
0.338000,67.600000,46.912137,46.912137,46.785563,46.785563,-30.787556,-30.787556,24.284307,24.284307
0.340000,68.000000,46.918945,46.918945,46.784691,46.784691,-30.583913,-30.583913,22.243287,22.243287
0.342000,68.400000,46.925244,46.925244,46.783449,46.783449,-30.379382,-30.379382,20.339887,20.339887
0.344000,68.800000,46.931058,46.931058,46.781753,46.781753,-30.208261,-30.208261,18.843489,18.843489
0.346000,69.200000,46.936409,46.936409,46.779518,46.779518,-30.002104,-30.002104,17.141269,17.141269
0.348000,69.600000,46.941322,46.941322,46.776653,46.776653,-29.795061,-29.795061,15.528656,15.528656
0.350000,70.000000,46.945818,46.945818,46.773065,46.773065,-29.587135,-29.587135,13.995068,13.995068
0.352000,70.400000,46.949921,46.949921,46.768656,46.768656,-29.413189,-29.413189,12.771166,12.771166
0.354000,70.800000,46.953652,46.953652,46.763326,46.763326,-29.203645,-29.203645,11.361106,11.361106
0.356000,71.200000,46.957033,46.957033,46.756972,46.756972,-28.993221,-28.993221,10.009204,10.009204
0.358000,71.600000,46.960085,46.960085,46.749490,46.749490,-28.781917,-28.781917,8.710219,8.710219
0.360000,72.000000,46.962828,46.962828,46.740774,46.740774,-28.605160,-28.605160,7.664896,7.664896
0.362000,72.400000,46.965283,46.965283,46.730714,46.730714,-28.392248,-28.392248,6.451708,6.451708
0.364000,72.800000,46.967471,46.967471,46.719201,46.719201,-28.178459,-28.178459,5.280218,5.280218
0.366000,73.200000,46.969409,46.969409,46.706124,46.706124,-27.999634,-27.999634,4.333630,4.333630
0.368000,73.600000,46.971116,46.971116,46.691373,46.691373,-27.784243,-27.784243,3.230967,3.230967
0.370000,74.000000,46.972611,46.972611,46.674834,46.674834,-27.567978,-27.567978,2.162292,2.162292
0.372000,74.400000,46.973912,46.973912,46.656396,46.656396,-27.350842,-27.350842,1.125442,1.125442
0.374000,74.800000,46.975034,46.975034,46.635945,46.635945,-27.169231,-27.169231,0.284309,0.284309
0.376000,75.200000,46.975995,46.975995,46.613367,46.613367,-26.950499,-26.950499,-0.699088,-0.699088
0.378000,75.600000,46.976810,46.976810,46.588549,46.588549,-26.730899,-26.730899,-1.655669,-1.655669
0.380000,76.000000,46.977494,46.977494,46.561379,46.561379,-26.510432,-26.510432,-2.586891,-2.586891
0.382000,76.400000,46.978062,46.978062,46.531744,46.531744,-26.326047,-26.326047,-3.344500,-3.344500
0.384000,76.800000,46.978527,46.978527,46.499536,46.499536,-26.103992,-26.103992,-4.232595,-4.232595
0.386000,77.200000,46.978902,46.978902,46.464652,46.464652,-25.881071,-25.881071,-5.098804,-5.098804
0.388000,77.600000,46.979199,46.979199,46.426993,46.426993,-25.694645,-25.694645,-5.804677,-5.804677
0.390000,78.000000,46.979429,46.979429,46.386464,46.386464,-25.470142,-25.470142,-6.633394,-6.633394
0.392000,78.400000,46.979604,46.979604,46.342977,46.342977,-25.244778,-25.244778,-7.442957,-7.442957
0.394000,78.800000,46.979732,46.979732,46.296446,46.296446,-25.018552,-25.018552,-8.234195,-8.234195
0.396000,79.200000,46.979823,46.979823,46.246790,46.246790,-24.829374,-24.829374,-8.880116,-8.880116
0.398000,79.600000,46.979884,46.979884,46.193934,46.193934,-24.601573,-24.601573,-9.639712,-9.639712
0.400000,80.000000,46.979923,46.979923,46.137805,46.137805,-24.372913,-24.372913,-10.383024,-10.383024
0.402000,80.400000,46.979945,46.979945,46.078336,46.078336,-24.143397,-24.143397,-11.110680,-11.110680
0.404000,80.800000,46.979957,46.979957,46.015464,46.015464,-23.951478,-23.951478,-11.705527,-11.705527
0.406000,81.200000,46.979962,46.979962,45.949128,45.949128,-23.720392,-23.720392,-12.405983,-12.405983
0.408000,81.600000,46.979963,46.979963,45.879274,45.879274,-23.488452,-23.488452,-13.092357,-13.092357
0.410000,82.000000,46.979964,46.979964,45.805851,45.805851,-23.294516,-23.294516,-13.653934,-13.653934
0.412000,82.400000,46.979964,46.979964,45.728810,45.728810,-23.061010,-23.061010,-14.315747,-14.315747
0.414000,82.800000,46.979964,46.979964,45.648110,45.648110,-22.826652,-22.826652,-14.964796,-14.964796
0.416000,83.200000,46.979964,46.979964,45.563710,45.563710,-22.591443,-22.591443,-15.601498,-15.601498
0.418000,83.600000,46.979964,46.979964,45.475574,45.475574,-22.394786,-22.394786,-16.122935,-16.122935
0.420000,84.000000,46.979964,46.979964,45.383671,45.383671,-22.158018,-22.158018,-16.738005,-16.738005
0.422000,84.400000,46.979964,46.979964,45.287972,45.287972,-21.920401,-21.920401,-17.341785,-17.341785
0.424000,84.800000,46.979964,46.979964,45.188453,45.188453,-21.681936,-21.681936,-17.934613,-17.934613
0.426000,85.200000,46.979964,46.979964,45.085092,45.085092,-21.482568,-21.482568,-18.420501,-18.420501
0.428000,85.600000,46.979964,46.979964,44.977873,44.977873,-21.242550,-21.242550,-18.994069,-18.994069
0.430000,86.000000,46.979964,46.979964,44.866780,44.866780,-21.001686,-21.001686,-19.557549,-19.557549
0.432000,86.400000,46.979964,46.979964,44.751804,44.751804,-20.800320,-20.800320,-20.019610,-20.019610
0.434000,86.800000,46.979964,46.979964,44.632936,44.632936,-20.557907,-20.557907,-20.565308,-20.565308
0.436000,87.200000,46.979964,46.979964,44.510173,44.510173,-20.314650,-20.314650,-21.101671,-21.101671
0.438000,87.600000,46.979964,46.979964,44.383514,44.383514,-20.070549,-20.070549,-21.628941,-21.628941
0.440000,88.000000,46.979964,46.979964,44.252961,44.252961,-19.866489,-19.866489,-22.061555,-22.061555
0.442000,88.400000,46.979964,46.979964,44.118520,44.118520,-19.620845,-19.620845,-22.572750,-22.572750
0.444000,88.800000,46.979964,46.979964,43.980198,43.980198,-19.374359,-19.374359,-23.075484,-23.075484
0.446000,89.200000,46.979964,46.979964,43.838009,43.838009,-19.127034,-19.127034,-23.569960,-23.569960
0.448000,89.600000,46.979964,46.979964,43.691967,43.691967,-18.920287,-18.920287,-23.975858,-23.975858
0.450000,90.000000,46.979964,46.979964,43.542088,43.542088,-18.671423,-18.671423,-24.455699,-24.455699
0.452000,90.400000,46.979964,46.979964,43.388393,43.388393,-18.421719,-18.421719,-24.927818,-24.927818
0.454000,90.800000,46.979964,46.979964,43.230906,43.230906,-18.212993,-18.212993,-25.315477,-25.315477
0.456000,91.200000,46.979964,46.979964,43.069652,43.069652,-17.961754,-17.961754,-25.773885,-25.773885
0.458000,91.600000,46.979964,46.979964,42.904659,42.904659,-17.709678,-17.709678,-26.225048,-26.225048
0.460000,92.000000,46.979964,46.979964,42.735960,42.735960,-17.456766,-17.456766,-26.669120,-26.669120
0.462000,92.400000,46.979964,46.979964,42.563587,42.563587,-17.245368,-17.245368,-27.033873,-27.033873
0.464000,92.800000,46.979964,46.979964,42.387578,42.387578,-16.990925,-16.990925,-27.465333,-27.465333
0.466000,93.200000,46.979964,46.979964,42.207971,42.207971,-16.735647,-16.735647,-27.890114,-27.890114
0.468000,93.600000,46.979964,46.979964,42.024808,42.024808,-16.479536,-16.479536,-28.308351,-28.308351
0.470000,94.000000,46.979964,46.979964,41.838132,41.838132,-16.265473,-16.265473,-28.651978,-28.651978
0.472000,94.400000,46.979964,46.979964,41.647989,41.647989,-16.007834,-16.007834,-29.058553,-29.058553
0.474000,94.800000,46.979964,46.979964,41.454428,41.454428,-15.749364,-15.749364,-29.458942,-29.458942
0.476000,95.200000,46.979964,46.979964,41.257499,41.257499,-15.533336,-15.533336,-29.787960,-29.787960
0.478000,95.600000,46.979964,46.979964,41.057255,41.057255,-15.273340,-15.273340,-30.177311,-30.177311
0.480000,96.000000,46.979964,46.979964,40.853751,40.853751,-15.012514,-15.012514,-30.560801,-30.560801
0.482000,96.400000,46.979964,46.979964,40.647044,40.647044,-14.750858,-14.750858,-30.938536,-30.938536
0.484000,96.800000,46.979964,46.979964,40.437193,40.437193,-14.532177,-14.532177,-31.248994,-31.248994
0.486000,97.200000,46.979964,46.979964,40.224259,40.224259,-14.269000,-14.269000,-31.616446,-31.616446
0.488000,97.600000,46.979964,46.979964,40.008305,40.008305,-14.004994,-14.004994,-31.978429,-31.978429
0.490000,98.000000,46.979964,46.979964,39.789396,39.789396,-13.740160,-13.740160,-32.335038,-32.335038
0.492000,98.400000,46.979964,46.979964,39.567599,39.567599,-13.518833,-13.518833,-32.628173,-32.628173
0.494000,98.800000,46.979964,46.979964,39.342982,39.342982,-13.252481,-13.252481,-32.975165,-32.975165
0.496000,99.200000,46.979964,46.979964,39.115615,39.115615,-12.985302,-12.985302,-33.317037,-33.317037
0.498000,99.600000,46.979964,46.979964,38.885570,38.885570,-12.762022,-12.762022,-33.598078,-33.598078
0.500000,100.000000,46.979964,46.979964,38.652921,38.652921,-12.493328,-12.493328,-33.930778,-33.930778
0.502000,100.400000,46.979964,46.979964,38.417743,38.417743,-12.223808,-12.223808,-34.258589,-34.258589
0.504000,100.800000,46.979964,46.979964,38.180112,38.180112,-11.953463,-11.953463,-34.581589,-34.581589
0.506000,101.200000,46.979964,46.979964,37.940108,37.940108,-11.727545,-11.727545,-34.847135,-34.847135
0.508000,101.600000,46.979964,46.979964,37.697809,37.697809,-11.455687,-11.455687,-35.161509,-35.161509
0.510000,102.000000,46.979964,46.979964,37.453297,37.453297,-11.183005,-11.183005,-35.471279,-35.471279
0.512000,102.400000,46.979964,46.979964,37.206654,37.206654,-10.955141,-10.955141,-35.725955,-35.725955
0.514000,102.800000,46.979964,46.979964,36.957964,36.957964,-10.680949,-10.680949,-36.027465,-36.027465
0.516000,103.200000,46.979964,46.979964,36.707312,36.707312,-10.405933,-10.405933,-36.324564,-36.324564
0.518000,103.600000,46.979964,46.979964,36.454785,36.454785,-10.130095,-10.130095,-36.617317,-36.617317
0.520000,104.000000,46.979964,46.979964,36.200468,36.200468,-9.899601,-9.899601,-36.858002,-36.858002
0.522000,104.400000,46.979964,46.979964,35.944452,35.944452,-9.622255,-9.622255,-37.142947,-37.142947
0.524000,104.800000,46.979964,46.979964,35.686826,35.686826,-9.344086,-9.344086,-37.423719,-37.423719
0.526000,105.200000,46.979964,46.979964,35.427680,35.427680,-9.065096,-9.065096,-37.700376,-37.700376
0.528000,105.600000,46.979964,46.979964,35.167106,35.167106,-8.831976,-8.831976,-37.927821,-37.927821
0.530000,106.000000,46.979964,46.979964,34.905197,34.905197,-8.551480,-8.551480,-38.197079,-38.197079
0.532000,106.400000,46.979964,46.979964,34.642046,34.642046,-8.270163,-8.270163,-38.462380,-38.462380
0.534000,106.800000,46.979964,46.979964,34.377748,34.377748,-8.035106,-8.035106,-38.680478,-38.680478
0.536000,107.200000,46.979964,46.979964,34.112397,34.112397,-7.752284,-7.752284,-38.938658,-38.938658
0.538000,107.600000,46.979964,46.979964,33.846089,33.846089,-7.468643,-7.468643,-39.193026,-39.193026
0.540000,108.000000,46.979964,46.979964,33.578922,33.578922,-7.184181,-7.184181,-39.443632,-39.443632
0.542000,108.400000,46.979964,46.979964,33.310992,33.310992,-6.946504,-6.946504,-39.649631,-39.649631
0.544000,108.800000,46.979964,46.979964,33.042398,33.042398,-6.660539,-6.660539,-39.893462,-39.893462
0.546000,109.200000,46.979964,46.979964,32.773237,32.773237,-6.373756,-6.373756,-40.133665,-40.133665
0.548000,109.600000,46.979964,46.979964,32.503610,32.503610,-6.086153,-6.086153,-40.370283,-40.370283
0.550000,110.000000,46.979964,46.979964,32.233616,32.233616,-5.845859,-5.845859,-40.564759,-40.564759
0.552000,110.400000,46.979964,46.979964,31.963354,31.963354,-5.556755,-5.556755,-40.794920,-40.794920
0.554000,110.800000,46.979964,46.979964,31.692926,31.692926,-5.266833,-5.266833,-41.021619,-41.021619
0.556000,111.200000,46.979964,46.979964,31.422432,31.422432,-5.024605,-5.024605,-41.207919,-41.207919
0.558000,111.600000,46.979964,46.979964,31.151973,31.151973,-4.733183,-4.733183,-41.428377,-41.428377
0.560000,112.000000,46.979964,46.979964,30.881651,30.881651,-4.440942,-4.440942,-41.645487,-41.645487
0.562000,112.400000,46.979964,46.979964,30.611568,30.611568,-4.147883,-4.147883,-41.859288,-41.859288
0.564000,112.800000,46.979964,46.979964,30.341825,30.341825,-3.903043,-3.903043,-42.034955,-42.034955
0.566000,113.200000,46.979964,46.979964,30.072524,30.072524,-3.608484,-3.608484,-42.242787,-42.242787
0.568000,113.600000,46.979964,46.979964,29.803769,29.803769,-3.313109,-3.313109,-42.447416,-42.447416
0.570000,114.000000,46.979964,46.979964,29.535661,29.535661,-3.016915,-3.016915,-42.648876,-42.648876
0.572000,114.400000,46.979964,46.979964,29.268302,29.268302,-2.769463,-2.769463,-42.814365,-42.814365
0.574000,114.800000,46.979964,46.979964,29.001796,29.001796,-2.471771,-2.471771,-43.010107,-43.010107
0.576000,115.200000,46.979964,46.979964,28.736244,28.736244,-2.173262,-2.173262,-43.202778,-43.202778
0.578000,115.600000,46.979964,46.979964,28.471748,28.471748,-1.923880,-1.923880,-43.361015,-43.361015
0.580000,116.000000,46.979964,46.979964,28.208411,28.208411,-1.623873,-1.623873,-43.548141,-43.548141
0.582000,116.400000,46.979964,46.979964,27.946335,27.946335,-1.323049,-1.323049,-43.732287,-43.732287
0.584000,116.800000,46.979964,46.979964,27.685621,27.685621,-1.021408,-1.021408,-43.913485,-43.913485
0.586000,117.200000,46.979964,46.979964,27.426372,27.426372,-0.769416,-0.769416,-44.062253,-44.062253
0.588000,117.600000,46.979964,46.979964,27.168687,27.168687,-0.466276,-0.466276,-44.238124,-44.238124
0.590000,118.000000,46.979964,46.979964,26.912669,26.912669,-0.162320,-0.162320,-44.411131,-44.411131
0.592000,118.400000,46.979964,46.979964,26.658418,26.658418,0.142364,0.142364,-44.581303,-44.581303
0.594000,118.800000,46.979964,46.979964,26.406034,26.406034,0.396364,0.396364,-44.720968,-44.720968
0.596000,119.200000,46.979964,46.979964,26.155617,26.155617,0.701164,0.701164,-44.886016,-44.886016
0.598000,119.600000,46.979964,46.979964,25.907266,25.907266,1.005964,1.005964,-45.048307,-45.048307
0.600000,120.000000,46.979964,46.979964,25.661080,25.661080,1.259964,1.259964,-45.181464,-45.181464
0.602000,120.400000,46.979964,46.979964,25.417157,25.417157,1.564764,1.564764,-45.338772,-45.338772
0.604000,120.800000,46.979964,46.979964,25.175595,25.175595,1.869564,1.869564,-45.493398,-45.493398
0.606000,121.200000,46.979964,46.979964,24.936491,24.936491,2.174364,2.174364,-45.645367,-45.645367
0.608000,121.600000,46.979964,46.979964,24.699942,24.699942,2.428364,2.428364,-45.769997,-45.769997
0.610000,122.000000,46.979964,46.979964,24.466042,24.466042,2.733164,2.733164,-45.917162,-45.917162
0.612000,122.400000,46.979964,46.979964,24.234888,24.234888,3.037964,3.037964,-46.061739,-46.061739
0.614000,122.800000,46.979964,46.979964,24.006573,24.006573,3.342764,3.342764,-46.203753,-46.203753
0.616000,123.200000,46.979964,46.979964,23.781191,23.781191,3.596764,3.596764,-46.320157,-46.320157
0.618000,123.600000,46.979964,46.979964,23.558835,23.558835,3.901564,3.901564,-46.457532,-46.457532
0.620000,124.000000,46.979964,46.979964,23.339595,23.339595,4.206364,4.206364,-46.592409,-46.592409
0.622000,124.400000,46.979964,46.979964,23.123563,23.123563,4.460364,4.460364,-46.702913,-46.702913
0.624000,124.800000,46.979964,46.979964,22.910828,22.910828,4.765164,4.765164,-46.833267,-46.833267
0.626000,125.200000,46.979964,46.979964,22.701480,22.701480,5.069964,5.069964,-46.961184,-46.961184
0.628000,125.600000,46.979964,46.979964,22.495606,22.495606,5.374764,5.374764,-47.086685,-47.086685
0.630000,126.000000,46.979964,46.979964,22.293294,22.293294,5.628764,5.628764,-47.189439,-47.189439
0.632000,126.400000,46.979964,46.979964,22.094628,22.094628,5.933564,5.933564,-47.310565,-47.310565
0.634000,126.800000,46.979964,46.979964,21.899693,21.899693,6.238364,6.238364,-47.429334,-47.429334
0.636000,127.200000,46.979964,46.979964,21.708573,21.708573,6.543164,6.543164,-47.545764,-47.545764
0.638000,127.600000,46.979964,46.979964,21.521350,21.521350,6.797164,6.797164,-47.641017,-47.641017
0.640000,128.000000,46.979964,46.979964,21.338105,21.338105,7.101964,7.101964,-47.753211,-47.753211
0.642000,128.400000,46.979964,46.979964,21.158918,21.158918,7.406764,7.406764,-47.863120,-47.863120
0.644000,128.800000,46.979964,46.979964,20.983867,20.983867,7.660764,7.660764,-47.952980,-47.952980
0.646000,129.200000,46.979964,46.979964,20.813029,20.813029,7.965564,7.965564,-48.058751,-48.058751
0.648000,129.600000,46.979964,46.979964,20.646481,20.646481,8.270364,8.270364,-48.162289,-48.162289
0.650000,130.000000,46.979964,46.979964,20.484295,20.484295,8.575164,8.575164,-48.263612,-48.263612
0.652000,130.400000,46.979964,46.979964,20.326546,20.326546,8.829164,8.829164,-48.346369,-48.346369
0.654000,130.800000,46.979964,46.979964,20.173305,20.173305,9.133964,9.133964,-48.443678,-48.443678
0.656000,131.200000,46.979964,46.979964,20.024642,20.024642,9.438764,9.438764,-48.538820,-48.538820
0.658000,131.600000,46.979964,46.979964,19.880626,19.880626,9.743564,9.743564,-48.631813,-48.631813
0.660000,132.000000,46.979964,46.979964,19.741322,19.741322,9.997564,9.997564,-48.707677,-48.707677
0.662000,132.400000,46.979964,46.979964,19.606798,19.606798,10.302364,10.302364,-48.796772,-48.796772
0.664000,132.800000,46.979964,46.979964,19.477116,19.477116,10.607164,10.607164,-48.883764,-48.883764
0.666000,133.200000,46.979964,46.979964,19.352338,19.352338,10.861164,10.861164,-48.954661,-48.954661
0.668000,133.600000,46.979964,46.979964,19.232526,19.232526,11.165964,11.165964,-49.037836,-49.037836
0.670000,134.000000,46.979964,46.979964,19.117737,19.117737,11.470764,11.470764,-49.118952,-49.118952
0.672000,134.400000,46.979964,46.979964,19.008029,19.008029,11.775564,11.775564,-49.198023,-49.198023
0.674000,134.800000,46.979964,46.979964,18.903457,18.903457,12.029564,12.029564,-49.262364,-49.262364
0.676000,135.200000,46.979964,46.979964,18.804074,18.804074,12.334364,12.334364,-49.337725,-49.337725
0.678000,135.600000,46.979964,46.979964,18.709931,18.709931,12.639164,12.639164,-49.411082,-49.411082
0.680000,136.000000,46.979964,46.979964,18.621080,18.621080,12.943964,12.943964,-49.482450,-49.482450
0.682000,136.400000,46.979964,46.979964,18.537567,18.537567,13.197964,13.197964,-49.540414,-49.540414
0.684000,136.800000,46.979964,46.979964,18.459438,18.459438,13.502764,13.502764,-49.608171,-49.608171
0.686000,137.200000,46.979964,46.979964,18.386738,18.386738,13.807564,13.807564,-49.673978,-49.673978
0.688000,137.600000,46.979964,46.979964,18.319508,18.319508,14.061564,14.061564,-49.727338,-49.727338
0.690000,138.000000,46.979964,46.979964,18.257788,18.257788,14.366364,14.366364,-49.789605,-49.789605
0.692000,138.400000,46.979964,46.979964,18.201616,18.201616,14.671164,14.671164,-49.849959,-49.849959
0.694000,138.800000,46.979964,46.979964,18.151029,18.151029,14.975964,14.975964,-49.908413,-49.908413
0.696000,139.200000,46.979964,46.979964,18.106059,18.106059,15.229964,15.229964,-49.955684,-49.955684
0.698000,139.600000,46.979964,46.979964,18.066740,18.066740,15.534764,15.534764,-50.010688,-50.010688
0.700000,140.000000,46.979964,46.979964,18.033099,18.033099,15.839564,15.839564,-50.063829,-50.063829
0.702000,140.400000,46.979964,46.979964,18.005165,18.005165,16.144364,16.144364,-50.115117,-50.115117
0.704000,140.800000,46.979964,46.979964,17.982963,17.982963,16.398364,16.398364,-50.156452,-50.156452
0.706000,141.200000,46.979964,46.979964,17.966515,17.966515,16.703164,16.703164,-50.204376,-50.204376
0.708000,141.600000,46.979964,46.979964,17.955843,17.955843,17.007964,17.007964,-50.250482,-50.250482
0.710000,142.000000,46.979964,46.979964,17.950965,17.950965,17.261964,17.261964,-50.287523,-50.287523
0.712000,142.400000,46.979964,46.979964,17.951896,17.951896,17.566764,17.566764,-50.330326,-50.330326
0.714000,142.800000,46.979964,46.979964,17.958651,17.958651,17.871564,17.871564,-50.371343,-50.371343
0.716000,143.200000,46.979964,46.979964,17.971241,17.971241,18.176364,18.176364,-50.410584,-50.410584
0.718000,143.600000,46.979964,46.979964,17.989674,17.989674,18.430364,18.430364,-50.441938,-50.441938
0.720000,144.000000,46.979964,46.979964,18.013954,18.013954,18.735164,18.735164,-50.477955,-50.477955
0.722000,144.400000,46.979964,46.979964,18.044082,18.044082,19.039964,19.039964,-50.512227,-50.512227
0.724000,144.800000,46.979964,46.979964,18.080056,18.080056,19.344764,19.344764,-50.544767,-50.544767
0.726000,145.200000,46.979964,46.979964,18.121870,18.121870,19.598764,19.598764,-50.570566,-50.570566
0.728000,145.600000,46.979964,46.979964,18.169514,18.169514,19.903564,19.903564,-50.599954,-50.599954
0.730000,146.000000,46.979964,46.979964,18.222975,18.222975,20.208364,20.208364,-50.627638,-50.627638
0.732000,146.400000,46.979964,46.979964,18.282237,18.282237,20.462364,20.462364,-50.649414,-50.649414
0.734000,146.800000,46.979964,46.979964,18.347281,18.347281,20.767164,20.767164,-50.674000,-50.674000
0.736000,147.200000,46.979964,46.979964,18.418083,18.418083,21.071964,21.071964,-50.696909,-50.696909
0.738000,147.600000,46.979964,46.979964,18.494616,18.494616,21.376764,21.376764,-50.718153,-50.718153
0.740000,148.000000,46.979964,46.979964,18.576850,18.576850,21.630764,21.630764,-50.734590,-50.734590
0.742000,148.400000,46.979964,46.979964,18.664751,18.664751,21.935564,21.935564,-50.752803,-50.752803
0.744000,148.800000,46.979964,46.979964,18.758283,18.758283,22.240364,22.240364,-50.769377,-50.769377
0.746000,149.200000,46.979964,46.979964,18.857405,18.857405,22.545164,22.545164,-50.784320,-50.784320
0.748000,149.600000,46.979964,46.979964,18.962072,18.962072,22.799164,22.799164,-50.795535,-50.795535
0.750000,150.000000,46.979964,46.979964,19.072238,19.072238,23.103964,23.103964,-50.807513,-50.807513
0.752000,150.400000,46.979964,46.979964,19.187851,19.187851,23.408764,23.408764,-50.817887,-50.817887
0.754000,150.800000,46.979964,46.979964,19.308857,19.308857,23.662764,23.662764,-50.825312,-50.825312
0.756000,151.200000,46.979964,46.979964,19.435198,19.435198,23.967564,23.967564,-50.832767,-50.832767
0.758000,151.600000,46.979964,46.979964,19.566813,19.566813,24.272364,24.272364,-50.838641,-50.838641
0.760000,152.000000,46.979964,46.979964,19.703637,19.703637,24.577164,24.577164,-50.842944,-50.842944
0.762000,152.400000,46.979964,46.979964,19.845602,19.845602,24.831164,24.831164,-50.845336,-50.845336
0.764000,152.800000,46.979964,46.979964,19.992635,19.992635,25.135964,25.135964,-50.846779,-50.846779
0.766000,153.200000,46.979964,46.979964,20.144663,20.144663,25.440764,25.440764,-50.846675,-50.846675
0.768000,153.600000,46.979964,46.979964,20.301606,20.301606,25.694764,25.694764,-50.845411,-50.845411
0.770000,154.000000,46.979964,46.979964,20.463382,20.463382,25.999564,25.999564,-50.842490,-50.842490
0.772000,154.400000,46.979964,46.979964,20.629906,20.629906,26.304364,26.304364,-50.838043,-50.838043
0.774000,154.800000,46.979964,46.979964,20.801089,20.801089,26.609164,26.609164,-50.832079,-50.832079
0.776000,155.200000,46.979964,46.979964,20.976837,20.976837,26.863164,26.863164,-50.825956,-50.825956
0.778000,155.600000,46.979964,46.979964,21.157057,21.157057,27.167964,27.167964,-50.817230,-50.817230
0.780000,156.000000,46.979964,46.979964,21.341647,21.341647,27.472764,27.472764,-50.807009,-50.807009
0.782000,156.400000,46.979964,46.979964,21.530505,21.530505,27.777564,27.777564,-50.795299,-50.795299
0.784000,156.800000,46.979964,46.979964,21.723526,21.723526,28.031564,28.031564,-50.784409,-50.784409
0.786000,157.200000,46.979964,46.979964,21.920598,21.920598,28.336364,28.336364,-50.769991,-50.769991
0.788000,157.600000,46.979964,46.979964,22.121610,22.121610,28.641164,28.641164,-50.754104,-50.754104
0.790000,158.000000,46.979964,46.979964,22.326444,22.326444,28.895164,28.895164,-50.739750,-50.739750
0.792000,158.400000,46.979964,46.979964,22.534980,22.534980,29.199964,29.199964,-50.721192,-50.721192
0.794000,158.800000,46.979964,46.979964,22.747094,22.747094,29.504764,29.504764,-50.701187,-50.701187
0.796000,159.200000,46.979964,46.979964,22.962661,22.962661,29.809564,29.809564,-50.679741,-50.679741
0.798000,159.600000,46.979964,46.979964,23.181548,23.181548,30.063564,30.063564,-50.660775,-50.660775
0.800000,160.000000,46.979964,46.979964,23.403623,23.403623,30.368364,30.368364,-50.636706,-50.636706
0.802000,160.400000,46.979964,46.979964,23.628748,23.628748,30.673164,30.673164,-50.611216,-50.611216
0.804000,160.800000,46.979964,46.979964,23.856782,23.856782,30.977964,30.977964,-50.584312,-50.584312
0.806000,161.200000,46.979964,46.979964,24.087580,24.087580,31.231964,31.231964,-50.560816,-50.560816
0.808000,161.600000,46.979964,46.979964,24.320995,24.320995,31.536764,31.536764,-50.531336,-50.531336
0.810000,162.000000,46.979964,46.979964,24.556877,24.556877,31.841564,31.841564,-50.500459,-50.500459
0.812000,162.400000,46.979964,46.979964,24.795069,24.795069,32.095564,32.095564,-50.473667,-50.473667
0.814000,162.800000,46.979964,46.979964,25.035414,25.035414,32.400364,32.400364,-50.440247,-50.440247
0.816000,163.200000,46.979964,46.979964,25.277750,25.277750,32.705164,32.705164,-50.405449,-50.405449
0.818000,163.600000,46.979964,46.979964,25.521913,25.521913,33.009964,33.009964,-50.369279,-50.369279
0.820000,164.000000,46.979964,46.979964,25.767733,25.767733,33.263964,33.263964,-50.338094,-50.338094
0.822000,164.400000,46.979964,46.979964,26.015040,26.015040,33.568764,33.568764,-50.299424,-50.299424
0.824000,164.800000,46.979964,46.979964,26.263657,26.263657,33.873564,33.873564,-50.259400,-50.259400
0.826000,165.200000,46.979964,46.979964,26.513405,26.513405,34.178364,34.178364,-50.218026,-50.218026
0.828000,165.600000,46.979964,46.979964,26.764103,26.764103,34.432364,34.432364,-50.182522,-50.182522
0.830000,166.000000,46.979964,46.979964,27.015564,27.015564,34.737164,34.737164,-50.138690,-50.138690
0.832000,166.400000,46.979964,46.979964,27.267603,27.267603,35.041964,35.041964,-50.093525,-50.093525
0.834000,166.800000,46.979964,46.979964,27.520048,27.520048,35.295964,35.295964,-50.054874,-50.054874
0.836000,167.200000,46.979964,46.979964,27.772740,27.772740,35.600764,35.600764,-50.007281,-50.007281
0.838000,167.600000,46.979964,46.979964,28.025530,28.025530,35.905564,35.905564,-49.958371,-49.958371
0.840000,168.000000,46.979964,46.979964,28.278276,28.278276,36.210364,36.210364,-49.908149,-49.908149
0.842000,168.400000,46.979964,46.979964,28.530846,28.530846,36.464364,36.464364,-49.865300,-49.865300
0.844000,168.800000,46.979964,46.979964,28.783112,28.783112,36.769164,36.769164,-49.812689,-49.812689
0.846000,169.200000,46.979964,46.979964,29.034956,29.034956,37.073964,37.073964,-49.758782,-49.758782
0.848000,169.600000,46.979964,46.979964,29.286262,29.286262,37.378764,37.378764,-49.703584,-49.703584
0.850000,170.000000,46.979964,46.979964,29.536922,29.536922,37.632764,37.632764,-49.656603,-49.656603
0.852000,170.400000,46.979964,46.979964,29.786834,29.786834,37.937564,37.937564,-49.599052,-49.599052
0.854000,170.800000,46.979964,46.979964,30.035899,30.035899,38.242364,38.242364,-49.540225,-49.540225
0.856000,171.200000,46.979964,46.979964,30.284025,30.284025,38.496364,38.496364,-49.490231,-49.490231
0.858000,171.600000,46.979964,46.979964,30.531126,30.531126,38.801164,38.801164,-49.429078,-49.429078
0.860000,172.000000,46.979964,46.979964,30.777118,30.777118,39.105964,39.105964,-49.366663,-49.366663
0.862000,172.400000,46.979964,46.979964,31.021925,31.021925,39.410764,39.410764,-49.302990,-49.302990
0.864000,172.800000,46.979964,46.979964,31.265473,31.265473,39.664764,39.664764,-49.248973,-49.248973
0.866000,173.200000,46.979964,46.979964,31.507696,31.507696,39.969564,39.969564,-49.183009,-49.183009
0.868000,173.600000,46.979964,46.979964,31.748531,31.748531,40.274364,40.274364,-49.115802,-49.115802
0.870000,174.000000,46.979964,46.979964,31.987918,31.987918,40.579164,40.579164,-49.047356,-49.047356
0.872000,174.400000,46.979964,46.979964,32.225806,32.225806,40.833164,40.833164,-48.989375,-48.989375
0.874000,174.800000,46.979964,46.979964,32.462145,32.462145,41.137964,41.137964,-48.918670,-48.918670
0.876000,175.200000,46.979964,46.979964,32.696891,32.696891,41.442764,41.442764,-48.846741,-48.846741
0.878000,175.600000,46.979964,46.979964,32.930005,32.930005,41.696764,41.696764,-48.785866,-48.785866
0.880000,176.000000,46.979964,46.979964,33.161453,33.161453,42.001564,42.001564,-48.711701,-48.711701
0.882000,176.400000,46.979964,46.979964,33.391205,33.391205,42.306364,42.306364,-48.636324,-48.636324
0.884000,176.800000,46.979964,46.979964,33.619236,33.619236,42.611164,42.611164,-48.559738,-48.559738
0.886000,177.200000,46.979964,46.979964,33.845526,33.845526,42.865164,42.865164,-48.494997,-48.494997
0.888000,177.600000,46.979964,46.979964,34.070055,34.070055,43.169964,43.169964,-48.416208,-48.416208
0.890000,178.000000,46.979964,46.979964,34.292803,34.292803,43.474764,43.474764,-48.336222,-48.336222
0.892000,178.400000,46.979964,46.979964,34.513753,34.513753,43.779564,43.779564,-48.255045,-48.255045
0.894000,178.800000,46.979964,46.979964,34.732885,34.732885,44.033564,44.033564,-48.186490,-48.186490
0.896000,179.200000,46.979964,46.979964,34.950182,34.950182,44.338364,44.338364,-48.103139,-48.103139
0.898000,179.600000,46.979964,46.979964,35.165625,35.165625,44.643164,44.643164,-48.018608,-48.018608
0.900000,180.000000,46.979964,46.979964,35.379199,35.379199,44.897164,44.897164,-47.947267,-47.947267
0.902000,180.400000,46.979964,46.979964,35.590885,35.590885,45.201964,45.201964,-47.860584,-47.860584
0.904000,180.800000,46.979964,46.979964,35.800669,35.800669,45.506764,45.506764,-47.772732,-47.772732
0.906000,181.200000,46.979964,46.979964,36.008533,36.008533,45.811564,45.811564,-47.683715,-47.683715
0.908000,181.600000,46.979964,46.979964,36.214462,36.214462,46.065564,46.065564,-47.608648,-47.608648
0.910000,182.000000,46.979964,46.979964,36.418442,36.418442,46.370364,46.370364,-47.517507,-47.517507
0.912000,182.400000,46.979964,46.979964,36.620459,36.620459,46.675164,46.675164,-47.425213,-47.425213
0.914000,182.800000,46.979964,46.979964,36.820497,36.820497,46.979964,46.979964,-47.331769,-47.331769
0.916000,183.200000,46.979964,46.979964,37.018544,37.018544,43.711362,43.711362,-47.253024,-47.253024
0.918000,183.600000,46.979962,46.979962,37.214586,37.214586,38.982899,38.982899,-47.157482,-47.157482
0.920000,184.000000,46.979946,46.979946,37.408611,37.408611,35.279881,35.279881,-47.060801,-47.060801
0.922000,184.400000,46.979887,46.979887,37.600607,37.600607,32.645459,32.645459,-46.979367,-46.979367
0.924000,184.800000,46.979743,46.979743,37.790562,37.790562,29.850082,29.850082,-46.880608,-46.880608
0.926000,185.200000,46.979463,46.979463,37.978465,37.978465,27.348552,27.348552,-46.780720,-46.780720
0.928000,185.600000,46.978987,46.978987,38.164305,38.164305,25.071584,25.071584,-46.679707,-46.679707
0.930000,186.000000,46.978247,46.978247,38.348073,38.348073,23.312279,23.312279,-46.594673,-46.594673
0.932000,186.400000,46.977168,46.977168,38.529759,38.529759,21.338553,21.338553,-46.491608,-46.491608
0.934000,186.800000,46.975671,46.975671,38.709353,38.709353,19.491873,19.491873,-46.387427,-46.387427
0.936000,187.200000,46.973672,46.973672,38.886847,38.886847,17.753693,17.753693,-46.282134,-46.282134
0.938000,187.600000,46.971081,46.971081,39.062234,39.062234,16.377606,16.377606,-46.193544,-46.193544
0.940000,188.000000,46.967806,46.967806,39.235505,39.235505,14.803089,14.803089,-46.086222,-46.086222
0.942000,188.400000,46.963749,46.963749,39.406653,39.406653,13.303353,13.303353,-45.977799,-45.977799
0.944000,188.800000,46.958813,46.958813,39.575673,39.575673,12.104960,12.104960,-45.886607,-45.886607
0.946000,189.200000,46.952894,46.952894,39.742558,39.742558,10.722770,10.722770,-45.776172,-45.776172
0.948000,189.600000,46.945889,46.945889,39.907303,39.907303,9.396187,9.396187,-45.664644,-45.664644
0.950000,190.000000,46.937692,46.937692,40.069903,40.069903,8.120340,8.120340,-45.552027,-45.552027
0.952000,190.400000,46.928195,46.928195,40.230354,40.230354,7.092851,7.092851,-45.457350,-45.457350
0.954000,190.800000,46.917288,46.917288,40.388651,40.388651,5.899542,5.899542,-45.342745,-45.342745
0.956000,191.200000,46.904862,46.904862,40.544792,40.544792,4.746466,4.746466,-45.227058,-45.227058
0.958000,191.600000,46.890804,46.890804,40.698774,40.698774,3.630763,3.630763,-45.110295,-45.110295
0.960000,192.000000,46.875002,46.875002,40.850595,40.850595,2.727725,2.727725,-45.012172,-45.012172
0.962000,192.400000,46.857344,46.857344,41.000253,41.000253,1.674170,1.674170,-44.893442,-44.893442
0.964000,192.800000,46.837715,46.837715,41.147747,41.147747,0.651509,0.651509,-44.773643,-44.773643
0.966000,193.200000,46.816002,46.816002,41.293077,41.293077,-0.178444,-0.178444,-44.672997,-44.672997
0.968000,193.600000,46.792093,46.792093,41.436242,41.436242,-1.149126,-1.149126,-44.551247,-44.551247
0.970000,194.000000,46.765872,46.765872,41.577244,41.577244,-2.093689,-2.093689,-44.428437,-44.428437
0.972000,194.400000,46.737228,46.737228,41.716083,41.716083,-3.013530,-3.013530,-44.304570,-44.304570
0.974000,194.800000,46.706049,46.706049,41.852761,41.852761,-3.762098,-3.762098,-44.200542,-44.200542
0.976000,195.200000,46.672231,46.672231,41.987280,41.987280,-4.639836,-4.639836,-44.074744,-44.074744
0.978000,195.600000,46.635671,46.635671,42.119643,42.119643,-5.496183,-5.496183,-43.947898,-43.947898
0.980000,196.000000,46.596273,46.596273,42.249853,42.249853,-6.332136,-6.332136,-43.820005,-43.820005
0.982000,196.400000,46.553946,46.553946,42.377915,42.377915,-7.013851,-7.013851,-43.712630,-43.712630
0.984000,196.800000,46.508601,46.508601,42.503832,42.503832,-7.814755,-7.814755,-43.582827,-43.582827
0.986000,197.200000,46.460156,46.460156,42.627609,42.627609,-8.597699,-8.597699,-43.451985,-43.451985
0.988000,197.600000,46.408531,46.408531,42.749252,42.749252,-9.236971,-9.236971,-43.342159,-43.342159
0.990000,198.000000,46.353653,46.353653,42.868767,42.868767,-9.988880,-9.988880,-43.209421,-43.209421
0.992000,198.400000,46.295452,46.295452,42.986160,42.986160,-10.724804,-10.724804,-43.075652,-43.075652
0.994000,198.800000,46.233862,46.233862,43.101439,43.101439,-11.445352,-11.445352,-42.940855,-42.940855
0.996000,199.200000,46.168822,46.168822,43.214610,43.214610,-12.034476,-12.034476,-42.827741,-42.827741
0.998000,199.600000,46.100273,46.100273,43.325683,43.325683,-12.728292,-12.728292,-42.691066,-42.691066
1.000000,200.000000,46.028163,46.028163,43.434664,43.434664,-13.408259,-13.408259,-42.553371,-42.553371
1.002000,200.400000,45.952443,45.952443,43.541565,43.541565,-14.074854,-14.074854,-42.414658,-42.414658
1.004000,200.800000,45.873066,45.873066,43.646394,43.646394,-14.620462,-14.620462,-42.298287,-42.298287
1.006000,201.200000,45.789993,45.789993,43.749161,43.749161,-15.263694,-15.263694,-42.157714,-42.157714
1.008000,201.600000,45.703184,45.703184,43.849878,43.849878,-15.894765,-15.894765,-42.016130,-42.016130
1.010000,202.000000,45.612605,45.612605,43.948555,43.948555,-16.411644,-16.411644,-41.897373,-41.897373
1.012000,202.400000,45.518228,45.518228,44.045204,44.045204,-17.021398,-17.021398,-41.753942,-41.753942
1.014000,202.800000,45.420025,45.420025,44.139837,44.139837,-17.620022,-17.620022,-41.609507,-41.609507
1.016000,203.200000,45.317973,45.317973,44.232466,44.232466,-18.207845,-18.207845,-41.464070,-41.464070
1.018000,203.600000,45.212053,45.212053,44.323106,44.323106,-18.689672,-18.689672,-41.342109,-41.342109
1.020000,204.000000,45.102249,45.102249,44.411768,44.411768,-19.258493,-19.258493,-41.194843,-41.194843
1.022000,204.400000,44.988549,44.988549,44.498469,44.498469,-19.817357,-19.817357,-41.046581,-41.046581
1.024000,204.800000,44.870943,44.870943,44.583221,44.583221,-20.275668,-20.275668,-40.922271,-40.922271
1.026000,205.200000,44.749427,44.749427,44.666040,44.666040,-20.816975,-20.816975,-40.772191,-40.772191
1.028000,205.600000,44.623998,44.623998,44.746942,44.746942,-21.349061,-21.349061,-40.621123,-40.621123
1.030000,206.000000,44.494656,44.494656,44.825942,44.825942,-21.872165,-21.872165,-40.469069,-40.469069
1.032000,206.400000,44.361405,44.361405,44.903057,44.903057,-22.301386,-22.301386,-40.341606,-40.341606
1.034000,206.800000,44.224253,44.224253,44.978303,44.978303,-22.808604,-22.808604,-40.187749,-40.187749
1.036000,207.200000,44.083209,44.083209,45.051698,45.051698,-23.307456,-23.307456,-40.032913,-40.032913
1.038000,207.600000,43.938287,43.938287,45.123260,45.123260,-23.798143,-23.798143,-39.877099,-39.877099
1.040000,208.000000,43.789503,43.789503,45.193006,45.193006,-24.200951,-24.200951,-39.746509,-39.746509
1.042000,208.400000,43.636876,43.636876,45.260955,45.260955,-24.677163,-24.677163,-39.588908,-39.588908
1.044000,208.800000,43.480428,43.480428,45.327126,45.327126,-25.145735,-25.145735,-39.430336,-39.430336
1.046000,209.200000,43.320182,43.320182,45.391537,45.391537,-25.530499,-25.530499,-39.297451,-39.297451
1.048000,209.600000,43.156168,43.156168,45.454210,45.454210,-25.985503,-25.985503,-39.137103,-39.137103
1.050000,210.000000,42.988414,42.988414,45.515163,45.515163,-26.433335,-26.433335,-38.975789,-38.975789
1.052000,210.400000,42.816953,42.816953,45.574417,45.574417,-26.874148,-26.874148,-38.813511,-38.813511
1.054000,210.800000,42.641822,42.641822,45.631993,45.631993,-27.236236,-27.236236,-38.677545,-38.677545
1.056000,211.200000,42.463056,42.463056,45.687912,45.687912,-27.664559,-27.664559,-38.513506,-38.513506
1.058000,211.600000,42.280697,42.280697,45.742196,45.742196,-28.086267,-28.086267,-38.348509,-38.348509
1.060000,212.000000,42.094788,42.094788,45.794865,45.794865,-28.501493,-28.501493,-38.182555,-38.182555
1.062000,212.400000,41.905373,41.905373,45.845943,45.845943,-28.842655,-28.842655,-38.043532,-38.043532
1.064000,212.800000,41.712499,41.712499,45.895451,45.895451,-29.246326,-29.246326,-37.875831,-37.875831
1.066000,213.200000,41.516218,41.516218,45.943413,45.943413,-29.643867,-29.643867,-37.707179,-37.707179
1.068000,213.600000,41.316579,41.316579,45.989851,45.989851,-29.970552,-29.970552,-37.565911,-37.565911
1.070000,214.000000,41.113638,41.113638,46.034789,46.034789,-30.357152,-30.357152,-37.395522,-37.395522
1.072000,214.400000,40.907451,40.907451,46.078250,46.078250,-30.737940,-30.737940,-37.224187,-37.224187
1.074000,214.800000,40.698075,40.698075,46.120257,46.120257,-31.113023,-31.113023,-37.051909,-37.051909
1.076000,215.200000,40.485572,40.485572,46.160836,46.160836,-31.421308,-31.421308,-36.907624,-36.907624
1.078000,215.600000,40.270002,40.270002,46.200010,46.200010,-31.786193,-31.786193,-36.733621,-36.733621
1.080000,216.000000,40.051431,40.051431,46.237804,46.237804,-32.145655,-32.145655,-36.558680,-36.558680
1.082000,216.400000,39.829925,39.829925,46.274242,46.274242,-32.499785,-32.499785,-36.382802,-36.382802
1.084000,216.800000,39.605551,39.605551,46.309350,46.309350,-32.790886,-32.790886,-36.235523,-36.235523
1.086000,217.200000,39.378379,39.378379,46.343152,46.343152,-33.135476,-33.135476,-36.057933,-36.057933
1.088000,217.600000,39.148480,39.148480,46.375675,46.375675,-33.474985,-33.474985,-35.879411,-35.879411
1.090000,218.000000,38.915927,38.915927,46.406943,46.406943,-33.754087,-33.754087,-35.729933,-35.729933
1.092000,218.400000,38.680796,38.680796,46.436982,46.436982,-34.084493,-34.084493,-35.549708,-35.549708
1.094000,218.800000,38.443161,38.443161,46.465818,46.465818,-34.410048,-34.410048,-35.368556,-35.368556
1.096000,219.200000,38.203101,38.203101,46.493477,46.493477,-34.730826,-34.730826,-35.186479,-35.186479
1.098000,219.600000,37.960695,37.960695,46.519984,46.519984,-34.994548,-34.994548,-35.034043,-35.034043
1.100000,220.000000,37.716024,37.716024,46.545366,46.545366,-35.306762,-35.306762,-34.850274,-34.850274
1.102000,220.400000,37.469170,37.469170,46.569650,46.569650,-35.614406,-35.614406,-34.665585,-34.665585
1.104000,220.800000,37.220217,37.220217,46.592861,46.592861,-35.917549,-35.917549,-34.479977,-34.479977
1.106000,221.200000,36.969248,36.969248,46.615025,46.615025,-36.166777,-36.166777,-34.324603,-34.324603
1.108000,221.600000,36.716350,36.716350,46.636170,46.636170,-36.461838,-36.461838,-34.137315,-34.137315
1.110000,222.000000,36.461610,36.461610,46.656321,46.656321,-36.752582,-36.752582,-33.949112,-33.949112
1.112000,222.400000,36.205116,36.205116,46.675506,46.675506,-36.991615,-36.991615,-33.791579,-33.791579
1.114000,222.800000,35.946958,35.946958,46.693750,46.693750,-37.274604,-37.274604,-33.601704,-33.601704
1.116000,223.200000,35.687226,35.687226,46.711080,46.711080,-37.553447,-37.553447,-33.410918,-33.410918
1.118000,223.600000,35.426012,35.426012,46.727522,46.727522,-37.828201,-37.828201,-33.219225,-33.219225
1.120000,224.000000,35.163407,35.163407,46.743103,46.743103,-38.054080,-38.054080,-33.058787,-33.058787
1.122000,224.400000,34.899507,34.899507,46.757849,46.757849,-38.321483,-38.321483,-32.865431,-32.865431
1.124000,224.800000,34.634404,34.634404,46.771786,46.771786,-38.584953,-38.584953,-32.671171,-32.671171
1.126000,225.200000,34.368194,34.368194,46.784941,46.784941,-38.844542,-38.844542,-32.476008,-32.476008
1.128000,225.600000,34.100972,34.100972,46.797339,46.797339,-39.057938,-39.057938,-32.312684,-32.312684
1.130000,226.000000,33.832837,33.832837,46.809007,46.809007,-39.310543,-39.310543,-32.115869,-32.115869
1.132000,226.400000,33.563883,33.563883,46.819969,46.819969,-39.559407,-39.559407,-31.918156,-31.918156
1.134000,226.800000,33.294211,33.294211,46.830252,46.830252,-39.763972,-39.763972,-31.752709,-31.752709
1.136000,227.200000,33.023918,33.023918,46.839882,46.839882,-40.006103,-40.006103,-31.553351,-31.553351
1.138000,227.600000,32.753103,32.753103,46.848883,46.848883,-40.244626,-40.244626,-31.353097,-31.353097
1.140000,228.000000,32.481867,32.481867,46.857280,46.857280,-40.479586,-40.479586,-31.151951,-31.151951
1.142000,228.400000,32.210309,32.210309,46.865099,46.865099,-40.672694,-40.672694,-30.983646,-30.983646
1.144000,228.800000,31.938530,31.938530,46.872363,46.872363,-40.901233,-40.901233,-30.780865,-30.780865
1.146000,229.200000,31.666631,31.666631,46.879098,46.879098,-41.126329,-41.126329,-30.577193,-30.577193
1.148000,229.600000,31.394714,31.394714,46.885327,46.885327,-41.348023,-41.348023,-30.372632,-30.372632
1.150000,230.000000,31.122881,31.122881,46.891073,46.891073,-41.530197,-41.530197,-30.201487,-30.201487
1.152000,230.400000,30.851232,30.851232,46.896361,46.896361,-41.745757,-41.745757,-29.995301,-29.995301
1.154000,230.800000,30.579871,30.579871,46.901214,46.901214,-41.958026,-41.958026,-29.788229,-29.788229
1.156000,231.200000,30.308900,30.308900,46.905653,46.905653,-42.132429,-42.132429,-29.614994,-29.614994
1.158000,231.600000,30.038421,30.038421,46.909702,46.909702,-42.338760,-42.338760,-29.406303,-29.406303
1.160000,232.000000,29.768537,29.768537,46.913382,46.913382,-42.541905,-42.541905,-29.196730,-29.196730
1.162000,232.400000,29.499351,29.499351,46.916715,46.916715,-42.741897,-42.741897,-28.986277,-28.986277
1.164000,232.800000,29.230966,29.230966,46.919722,46.919722,-42.906175,-42.906175,-28.810228,-28.810228
1.166000,233.200000,28.963484,28.963484,46.922424,46.922424,-43.100479,-43.100479,-28.598164,-28.598164
1.168000,233.600000,28.697008,28.697008,46.924840,46.924840,-43.291727,-43.291727,-28.385222,-28.385222
1.170000,234.000000,28.431640,28.431640,46.926991,46.926991,-43.479952,-43.479952,-28.171405,-28.171405
1.172000,234.400000,28.167484,28.167484,46.928896,46.928896,-43.634520,-43.634520,-27.992556,-27.992556
1.174000,234.800000,27.904641,27.904641,46.930572,46.930572,-43.817285,-43.817285,-27.777135,-27.777135
1.176000,235.200000,27.643213,27.643213,46.932039,46.932039,-43.997116,-43.997116,-27.560842,-27.560842
1.178000,235.600000,27.383302,27.383302,46.933313,46.933313,-44.144755,-44.144755,-27.379932,-27.379932
1.180000,236.000000,27.125009,27.125009,46.934412,46.934412,-44.319285,-44.319285,-27.162042,-27.162042
1.182000,236.400000,26.868436,26.868436,46.935352,46.935352,-44.490965,-44.490965,-26.943282,-26.943282
1.184000,236.800000,26.613684,26.613684,46.936148,46.936148,-44.659822,-44.659822,-26.723654,-26.723654
1.186000,237.200000,26.360853,26.360853,46.936815,46.936815,-44.798402,-44.798402,-26.539967,-26.539967
1.188000,237.600000,26.110042,26.110042,46.937367,46.937367,-44.962159,-44.962159,-26.318749,-26.318749
1.190000,238.000000,25.861352,25.861352,46.937819,46.937819,-45.123172,-45.123172,-26.096665,-26.096665
1.192000,238.400000,25.614880,25.614880,46.938182,46.938182,-45.281469,-45.281469,-25.873717,-25.873717
1.194000,238.800000,25.370726,25.370726,46.938470,46.938470,-45.411325,-45.411325,-25.687266,-25.687266
1.196000,239.200000,25.128987,25.128987,46.938692,46.938692,-45.564707,-45.564707,-25.462735,-25.462735
1.198000,239.600000,24.889761,24.889761,46.938859,46.938859,-45.715445,-45.715445,-25.237342,-25.237342
1.200000,240.000000,24.653143,24.653143,46.938982,46.938982,-45.839057,-45.839057,-25.048857,-25.048857
1.202000,240.400000,24.419229,24.419229,46.939068,46.939068,-45.985010,-45.985010,-24.821887,-24.821887
1.204000,240.800000,24.188115,24.188115,46.939126,46.939126,-46.128387,-46.128387,-24.594057,-24.594057
1.206000,241.200000,23.959894,23.959894,46.939163,46.939163,-46.269212,-46.269212,-24.365370,-24.365370
1.208000,241.600000,23.734660,23.734660,46.939184,46.939184,-46.384633,-46.384633,-24.174142,-24.174142
1.210000,242.000000,23.512505,23.512505,46.939194,46.939194,-46.520839,-46.520839,-23.943883,-23.943883
1.212000,242.400000,23.293520,23.293520,46.939199,46.939199,-46.654556,-46.654556,-23.712769,-23.712769
1.214000,242.800000,23.077797,23.077797,46.939200,46.939200,-46.785807,-46.785807,-23.480800,-23.480800
1.216000,243.200000,22.865426,22.865426,46.939200,46.939200,-46.893315,-46.893315,-23.286840,-23.286840
1.218000,243.600000,22.656494,22.656494,46.939200,46.939200,-47.020101,-47.020101,-23.053307,-23.053307
1.220000,244.000000,22.451089,22.451089,46.939200,46.939200,-47.144481,-47.144481,-22.818921,-22.818921
1.222000,244.400000,22.249299,22.249299,46.939200,46.939200,-47.246309,-47.246309,-22.622949,-22.622949
1.224000,244.800000,22.051207,22.051207,46.939200,46.939200,-47.366331,-47.366331,-22.387003,-22.387003
1.226000,245.200000,21.856900,21.856900,46.939200,46.939200,-47.484005,-47.484005,-22.150208,-22.150208
1.228000,245.600000,21.666459,21.666459,46.939200,46.939200,-47.599349,-47.599349,-21.912563,-21.912563
1.230000,246.000000,21.479967,21.479967,46.939200,46.939200,-47.693705,-47.693705,-21.713878,-21.713878
1.232000,246.400000,21.297504,21.297504,46.939200,46.939200,-47.804830,-47.804830,-21.474678,-21.474678
1.234000,246.800000,21.119150,21.119150,46.939200,46.939200,-47.913679,-47.913679,-21.234632,-21.234632
1.236000,247.200000,20.944983,20.944983,46.939200,46.939200,-48.020271,-48.020271,-20.993740,-20.993740
1.238000,247.600000,20.775080,20.775080,46.939200,46.939200,-48.107387,-48.107387,-20.792351,-20.792351
1.240000,248.000000,20.609515,20.609515,46.939200,46.939200,-48.209889,-48.209889,-20.549910,-20.549910
1.242000,248.400000,20.448364,20.448364,46.939200,46.939200,-48.310184,-48.310184,-20.306625,-20.306625
1.244000,248.800000,20.291698,20.291698,46.939200,46.939200,-48.392090,-48.392090,-20.103244,-20.103244
1.246000,249.200000,20.139588,20.139588,46.939200,46.939200,-48.488385,-48.488385,-19.858414,-19.858414
1.248000,249.600000,19.992104,19.992104,46.939200,46.939200,-48.582521,-48.582521,-19.612742,-19.612742
1.250000,250.000000,19.849314,19.849314,46.939200,46.939200,-48.674516,-48.674516,-19.366229,-19.366229
1.252000,250.400000,19.711284,19.711284,46.939200,46.939200,-48.749554,-48.749554,-19.160159,-19.160159
1.254000,250.800000,19.578079,19.578079,46.939200,46.939200,-48.837664,-48.837664,-18.912106,-18.912106
1.256000,251.200000,19.449762,19.449762,46.939200,46.939200,-48.923679,-48.923679,-18.663214,-18.663214
1.258000,251.600000,19.326395,19.326395,46.939200,46.939200,-49.007612,-49.007612,-18.413483,-18.413483
1.260000,252.000000,19.208038,19.208038,46.939200,46.939200,-49.075979,-49.075979,-18.204734,-18.204734
1.262000,252.400000,19.094748,19.094748,46.939200,46.939200,-49.156137,-49.156137,-17.953467,-17.953467
1.264000,252.800000,18.986581,18.986581,46.939200,46.939200,-49.234258,-49.234258,-17.701364,-17.701364
1.266000,253.200000,18.883594,18.883594,46.939200,46.939200,-49.297813,-49.297813,-17.490639,-17.490639
1.268000,253.600000,18.785837,18.785837,46.939200,46.939200,-49.372236,-49.372236,-17.237003,-17.237003
1.270000,254.000000,18.693362,18.693362,46.939200,46.939200,-49.444663,-49.444663,-16.982532,-16.982532
1.272000,254.400000,18.606217,18.606217,46.939200,46.939200,-49.515106,-49.515106,-16.727227,-16.727227
1.274000,254.800000,18.524451,18.524451,46.939200,46.939200,-49.572305,-49.572305,-16.513836,-16.513836
1.276000,255.200000,18.448107,18.448107,46.939200,46.939200,-49.639150,-49.639150,-16.257003,-16.257003
1.278000,255.600000,18.377230,18.377230,46.939200,46.939200,-49.704051,-49.704051,-15.999337,-15.999337
1.280000,256.000000,18.311860,18.311860,46.939200,46.939200,-49.756660,-49.756660,-15.783979,-15.783979
1.282000,256.400000,18.252036,18.252036,46.939200,46.939200,-49.818032,-49.818032,-15.524788,-15.524788
1.284000,256.800000,18.197795,18.197795,46.939200,46.939200,-49.877497,-49.877497,-15.264765,-15.264765
1.286000,257.200000,18.149173,18.149173,46.939200,46.939200,-49.935069,-49.935069,-15.003912,-15.003912
1.288000,257.600000,18.106202,18.106202,46.939200,46.939200,-49.981608,-49.981608,-14.785900,-14.785900
1.290000,258.000000,18.068913,18.068913,46.939200,46.939200,-50.035740,-50.035740,-14.523525,-14.523525
1.292000,258.400000,18.037334,18.037334,46.939200,46.939200,-50.088014,-50.088014,-14.260320,-14.260320
1.294000,258.800000,18.011492,18.011492,46.939200,46.939200,-50.138442,-50.138442,-13.996287,-13.996287
1.296000,259.200000,17.991411,17.991411,46.939200,46.939200,-50.179063,-50.179063,-13.775627,-13.775627
1.298000,259.600000,17.977113,17.977113,46.939200,46.939200,-50.226137,-50.226137,-13.510075,-13.510075
1.300000,260.000000,17.968618,17.968618,46.939200,46.939200,-50.271397,-50.271397,-13.243697,-13.243697
1.302000,260.400000,17.965941,17.965941,46.939200,46.939200,-50.307738,-50.307738,-13.021082,-13.021082
1.304000,260.800000,17.969100,17.969100,46.939200,46.939200,-50.349705,-50.349705,-12.753187,-12.753187
1.306000,261.200000,17.978105,17.978105,46.939200,46.939200,-50.389892,-50.389892,-12.484466,-12.484466
1.308000,261.600000,17.992967,17.992967,46.939200,46.939200,-50.428308,-50.428308,-12.214919,-12.214919
1.310000,262.000000,18.013692,18.013692,46.939200,46.939200,-50.458978,-50.458978,-11.989666,-11.989666
1.312000,262.400000,18.040280,18.040280,46.939200,46.939200,-50.494179,-50.494179,-11.718606,-11.718606
1.314000,262.800000,18.072733,18.072733,46.939200,46.939200,-50.527641,-50.527641,-11.446722,-11.446722
1.316000,263.200000,18.111044,18.111044,46.939200,46.939200,-50.559374,-50.559374,-11.174013,-11.174013
1.318000,263.600000,18.155206,18.155206,46.939200,46.939200,-50.584505,-50.584505,-10.946126,-10.946126
1.320000,264.000000,18.205208,18.205208,46.939200,46.939200,-50.613096,-50.613096,-10.671906,-10.671906
1.322000,264.400000,18.261034,18.261034,46.939200,46.939200,-50.639988,-50.639988,-10.396864,-10.396864
1.324000,264.800000,18.322666,18.322666,46.939200,46.939200,-50.661106,-50.661106,-10.167033,-10.167033
1.326000,265.200000,18.390082,18.390082,46.939200,46.939200,-50.684908,-50.684908,-9.890482,-9.890482
1.328000,265.600000,18.463257,18.463257,46.939200,46.939200,-50.707038,-50.707038,-9.613108,-9.613108
1.330000,266.000000,18.542162,18.542162,46.939200,46.939200,-50.727507,-50.727507,-9.334913,-9.334913
1.332000,266.400000,18.626764,18.626764,46.939200,46.939200,-50.743301,-50.743301,-9.102455,-9.102455
1.334000,266.800000,18.717029,18.717029,46.939200,46.939200,-50.760748,-50.760748,-8.822753,-8.822753
1.336000,267.200000,18.812917,18.812917,46.939200,46.939200,-50.776559,-50.776559,-8.542230,-8.542230
1.338000,267.600000,18.914384,18.914384,46.939200,46.939200,-50.790744,-50.790744,-8.260886,-8.260886
1.340000,268.000000,19.021386,19.021386,46.939200,46.939200,-50.801330,-50.801330,-8.025806,-8.025806
1.342000,268.400000,19.133872,19.133872,46.939200,46.939200,-50.812557,-50.812557,-7.742958,-7.742958
1.344000,268.800000,19.251789,19.251789,46.939200,46.939200,-50.822185,-50.822185,-7.459289,-7.459289
1.346000,269.200000,19.375081,19.375081,46.939200,46.939200,-50.828991,-50.828991,-7.222272,-7.222272
1.348000,269.600000,19.503688,19.503688,46.939200,46.939200,-50.835707,-50.835707,-6.937100,-6.937100
1.350000,270.000000,19.637547,19.637547,46.939200,46.939200,-50.840846,-50.840846,-6.651109,-6.651109
1.352000,270.400000,19.776590,19.776590,46.939200,46.939200,-50.844418,-50.844418,-6.364299,-6.364299
1.354000,270.800000,19.920747,19.920747,46.939200,46.939200,-50.846203,-50.846203,-6.124664,-6.124664
1.356000,271.200000,20.069944,20.069944,46.939200,46.939200,-50.846923,-50.846923,-5.836352,-5.836352
1.358000,271.600000,20.224104,20.224104,46.939200,46.939200,-50.846098,-50.846098,-5.547222,-5.547222
1.360000,272.000000,20.383146,20.383146,46.939200,46.939200,-50.843737,-50.843737,-5.257272,-5.257272
1.362000,272.400000,20.546987,20.546987,46.939200,46.939200,-50.840602,-50.840602,-5.015023,-5.015023
1.364000,272.800000,20.715537,20.715537,46.939200,46.939200,-50.835446,-50.835446,-4.723573,-4.723573
1.366000,273.200000,20.888707,20.888707,46.939200,46.939200,-50.828776,-50.828776,-4.431305,-4.431305
1.368000,273.600000,21.066401,21.066401,46.939200,46.939200,-50.822067,-50.822067,-4.187124,-4.187124
1.370000,274.000000,21.248521,21.248521,46.939200,46.939200,-50.812642,-50.812642,-3.893356,-3.893356
1.372000,274.400000,21.434966,21.434966,46.939200,46.939200,-50.801724,-50.801724,-3.598771,-3.598771
1.374000,274.800000,21.625631,21.625631,46.939200,46.939200,-50.789322,-50.789322,-3.303369,-3.303369
1.376000,275.200000,21.820407,21.820407,46.939200,46.939200,-50.777858,-50.777858,-3.056575,-3.056575
1.378000,275.600000,22.019182,22.019182,46.939200,46.939200,-50.762753,-50.762753,-2.759674,-2.759674
1.380000,276.000000,22.221841,22.221841,46.939200,46.939200,-50.746184,-50.746184,-2.461955,-2.461955
1.382000,276.400000,22.428265,22.428265,46.939200,46.939200,-50.728158,-50.728158,-2.163419,-2.163419
1.384000,276.800000,22.638332,22.638332,46.939200,46.939200,-50.712028,-50.712028,-1.914015,-1.914015
1.386000,277.200000,22.851915,22.851915,46.939200,46.939200,-50.691349,-50.691349,-1.613981,-1.613981
1.388000,277.600000,23.068886,23.068886,46.939200,46.939200,-50.669233,-50.669233,-1.313130,-1.313130
1.390000,278.000000,23.289112,23.289112,46.939200,46.939200,-50.649710,-50.649710,-1.061796,-1.061796
1.392000,278.400000,23.512456,23.512456,46.939200,46.939200,-50.624977,-50.624977,-0.759447,-0.759447
1.394000,278.800000,23.738778,23.738778,46.939200,46.939200,-50.598826,-50.598826,-0.456281,-0.456281
1.396000,279.200000,23.967937,23.967937,46.939200,46.939200,-50.571263,-50.571263,-0.152298,-0.152298
1.398000,279.600000,24.199784,24.199784,46.939200,46.939200,-50.547221,-50.547221,0.101600,0.101600
1.400000,280.000000,24.434170,24.434170,46.939200,46.939200,-50.517088,-50.517088,0.406400,0.406400
1.402000,280.400000,24.670942,24.670942,46.939200,46.939200,-50.485561,-50.485561,0.711200,0.711200
1.404000,280.800000,24.909942,24.909942,46.939200,46.939200,-50.452648,-50.452648,1.016000,1.016000
1.406000,281.200000,25.151009,25.151009,46.939200,46.939200,-50.424165,-50.424165,1.270000,1.270000
1.408000,281.600000,25.393981,25.393981,46.939200,46.939200,-50.388726,-50.388726,1.574800,1.574800
1.410000,282.000000,25.638689,25.638689,46.939200,46.939200,-50.351917,-50.351917,1.879600,1.879600
1.412000,282.400000,25.884962,25.884962,46.939200,46.939200,-50.320202,-50.320202,2.133600,2.133600
1.414000,282.800000,26.132627,26.132627,46.939200,46.939200,-50.280898,-50.280898,2.438400,2.438400
1.416000,283.200000,26.381505,26.381505,46.939200,46.939200,-50.240243,-50.240243,2.743200,2.743200
1.418000,283.600000,26.631415,26.631415,46.939200,46.939200,-50.198241,-50.198241,3.048000,3.048000
1.420000,284.000000,26.882172,26.882172,46.939200,46.939200,-50.162215,-50.162215,3.302000,3.302000
1.422000,284.400000,27.133590,27.133590,46.939200,46.939200,-50.117760,-50.117760,3.606800,3.606800
1.424000,284.800000,27.385489,27.385489,46.939200,46.939200,-50.071975,-50.071975,3.911600,3.911600
1.426000,285.200000,27.637706,27.637706,46.939200,46.939200,-50.024865,-50.024865,4.216400,4.216400
1.428000,285.600000,27.890086,27.890086,46.939200,46.939200,-49.984600,-49.984600,4.470400,4.470400
1.430000,286.000000,28.142483,28.142483,46.939200,46.939200,-49.935076,-49.935076,4.775200,4.775200
1.432000,286.400000,28.394761,28.394761,46.939200,46.939200,-49.884244,-49.884244,5.080000,5.080000
1.434000,286.800000,28.646789,28.646789,46.939200,46.939200,-49.840889,-49.840889,5.334000,5.334000
1.436000,287.200000,28.898445,28.898445,46.939200,46.939200,-49.787671,-49.787671,5.638800,5.638800
1.438000,287.600000,29.149612,29.149612,46.939200,46.939200,-49.733161,-49.733161,5.943600,5.943600
1.440000,288.000000,29.400178,29.400178,46.939200,46.939200,-49.677361,-49.677361,6.248400,6.248400
1.442000,288.400000,29.650037,29.650037,46.939200,46.939200,-49.629882,-49.629882,6.502400,6.502400
1.444000,288.800000,29.899091,29.899091,46.939200,46.939200,-49.571734,-49.571734,6.807200,6.807200
1.446000,289.200000,30.147244,30.147244,46.939200,46.939200,-49.512313,-49.512313,7.112000,7.112000
1.448000,289.600000,30.394407,30.394407,46.939200,46.939200,-49.451623,-49.451623,7.416800,7.416800
1.450000,290.000000,30.640495,30.640495,46.939200,46.939200,-49.400082,-49.400082,7.670800,7.670800
1.452000,290.400000,30.885427,30.885427,46.939200,46.939200,-49.337079,-49.337079,7.975600,7.975600
1.454000,290.800000,31.129130,31.129130,46.939200,46.939200,-49.272821,-49.272821,8.280400,8.280400
1.456000,291.200000,31.371533,31.371533,46.939200,46.939200,-49.218318,-49.218318,8.534400,8.534400
1.458000,291.600000,31.612571,31.612571,46.939200,46.939200,-49.151773,-49.151773,8.839200,8.839200
1.460000,292.000000,31.852184,31.852184,46.939200,46.939200,-49.083987,-49.083987,9.144000,9.144000
1.462000,292.400000,32.090315,32.090315,46.939200,46.939200,-49.014964,-49.014964,9.448800,9.448800
1.464000,292.800000,32.326915,32.326915,46.939200,46.939200,-48.956504,-48.956504,9.702800,9.702800
1.466000,293.200000,32.561936,32.561936,46.939200,46.939200,-48.885226,-48.885226,10.007600,10.007600
1.468000,293.600000,32.795339,32.795339,46.939200,46.939200,-48.812725,-48.812725,10.312400,10.312400
1.470000,294.000000,33.027085,33.027085,46.939200,46.939200,-48.739006,-48.739006,10.617200,10.617200
1.472000,294.400000,33.257144,33.257144,46.939200,46.939200,-48.676645,-48.676645,10.871200,10.871200
1.474000,294.800000,33.485488,33.485488,46.939200,46.939200,-48.600703,-48.600703,11.176000,11.176000
1.476000,295.200000,33.712094,33.712094,46.939200,46.939200,-48.523554,-48.523554,11.480800,11.480800
1.478000,295.600000,33.936943,33.936943,46.939200,46.939200,-48.458346,-48.458346,11.734800,11.734800
1.480000,296.000000,34.160015,34.160015,46.939200,46.939200,-48.378997,-48.378997,12.039600,12.039600
1.482000,296.400000,34.381291,34.381291,46.939200,46.939200,-48.298455,-48.298455,12.344400,12.344400
1.484000,296.800000,34.600753,34.600753,46.939200,46.939200,-48.216722,-48.216722,12.649200,12.649200
1.486000,297.200000,34.818382,34.818382,46.939200,46.939200,-48.147706,-48.147706,12.903200,12.903200
1.488000,297.600000,35.034162,35.034162,46.939200,46.939200,-48.063804,-48.063804,13.208000,13.208000
1.490000,298.000000,35.248073,35.248073,46.939200,46.939200,-47.978723,-47.978723,13.512800,13.512800
1.492000,298.400000,35.460101,35.460101,46.939200,46.939200,-47.892468,-47.892468,13.817600,13.817600
1.494000,298.800000,35.670229,35.670229,46.939200,46.939200,-47.819696,-47.819696,14.071600,14.071600
1.496000,299.200000,35.878440,35.878440,46.939200,46.939200,-47.731299,-47.731299,14.376400,14.376400
1.498000,299.600000,36.084719,36.084719,46.939200,46.939200,-47.641740,-47.641740,14.681200,14.681200
1.500000,300.000000,36.289051,36.289051,46.939200,46.939200,-47.566223,-47.566223,14.935200,14.935200
1.502000,300.400000,36.491421,36.491421,46.939200,46.939200,-47.474542,-47.474542,15.240000,15.240000
1.504000,300.800000,36.691816,36.691816,46.939200,46.939200,-47.381711,-47.381711,15.544800,15.544800
1.506000,301.200000,36.890222,36.890222,46.939200,46.939200,-47.287731,-47.287731,15.849600,15.849600
1.508000,301.600000,37.086625,37.086625,46.939200,46.939200,-47.208541,-47.208541,16.103600,16.103600
1.510000,302.000000,37.281013,37.281013,46.939200,46.939200,-47.112467,-47.112467,16.408400,16.408400
1.512000,302.400000,37.473373,37.473373,46.939200,46.939200,-47.015255,-47.015255,16.713200,16.713200
1.514000,302.800000,37.663694,37.663694,46.939200,46.939200,-46.916910,-46.916910,17.018000,17.018000
1.516000,303.200000,37.851966,37.851966,46.939200,46.939200,-46.834093,-46.834093,17.272000,17.272000
1.518000,303.600000,38.038176,38.038176,46.939200,46.939200,-46.733680,-46.733680,17.576800,17.576800
1.520000,304.000000,38.222315,38.222315,46.939200,46.939200,-46.632143,-46.632143,17.881600,17.881600
1.522000,304.400000,38.404374,38.404374,46.939200,46.939200,-46.546673,-46.546673,18.135600,18.135600
1.524000,304.800000,38.584342,38.584342,46.939200,46.939200,-46.443086,-46.443086,18.440400,18.440400
1.526000,305.200000,38.762212,38.762212,46.939200,46.939200,-46.338386,-46.338386,18.745200,18.745200
1.528000,305.600000,38.937975,38.937975,46.939200,46.939200,-46.232575,-46.232575,19.050000,19.050000
1.530000,306.000000,39.111623,39.111623,46.939200,46.939200,-46.143554,-46.143554,19.304000,19.304000
1.532000,306.400000,39.283150,39.283150,46.939200,46.939200,-46.035718,-46.035718,19.608800,19.608800
1.534000,306.800000,39.452549,39.452549,46.939200,46.939200,-45.926781,-45.926781,19.913600,19.913600
1.536000,307.200000,39.619814,39.619814,46.939200,46.939200,-45.835162,-45.835162,20.167600,20.167600
1.538000,307.600000,39.784939,39.784939,46.939200,46.939200,-45.724216,-45.724216,20.472400,20.472400
1.540000,308.000000,39.947919,39.947919,46.939200,46.939200,-45.612180,-45.612180,20.777200,20.777200
1.542000,308.400000,40.108751,40.108751,46.939200,46.939200,-45.499055,-45.499055,21.082000,21.082000
1.544000,308.800000,40.267430,40.267430,46.939200,46.939200,-45.403956,-45.403956,21.336000,21.336000
1.546000,309.200000,40.423953,40.423953,46.939200,46.939200,-45.288845,-45.288845,21.640800,21.640800
1.548000,309.600000,40.578317,40.578317,46.939200,46.939200,-45.172655,-45.172655,21.945600,21.945600
1.550000,310.000000,40.730519,40.730519,46.939200,46.939200,-45.055390,-45.055390,22.250400,22.250400
1.552000,310.400000,40.880559,40.880559,46.939200,46.939200,-44.956849,-44.956849,22.504400,22.504400
1.554000,310.800000,41.028435,41.028435,46.939200,46.939200,-44.837620,-44.837620,22.809200,22.809200
1.556000,311.200000,41.174147,41.174147,46.939200,46.939200,-44.717323,-44.717323,23.114000,23.114000
1.558000,311.600000,41.317693,41.317693,46.939200,46.939200,-44.616263,-44.616263,23.368000,23.368000
1.560000,312.000000,41.459076,41.459076,46.939200,46.939200,-44.494017,-44.494017,23.672800,23.672800
1.562000,312.400000,41.598296,41.598296,46.939200,46.939200,-44.370713,-44.370713,23.977600,23.977600
1.564000,312.800000,41.735354,41.735354,46.939200,46.939200,-44.246354,-44.246354,24.282400,24.282400
1.566000,313.200000,41.870252,41.870252,46.939200,46.939200,-44.141916,-44.141916,24.536400,24.536400
1.568000,313.600000,42.002994,42.002994,46.939200,46.939200,-44.015628,-44.015628,24.841200,24.841200
1.570000,314.000000,42.133582,42.133582,46.939200,46.939200,-43.888292,-43.888292,25.146000,25.146000
1.572000,314.400000,42.262020,42.262020,46.939200,46.939200,-43.759912,-43.759912,25.450800,25.450800
1.574000,314.800000,42.388313,42.388313,46.939200,46.939200,-43.652132,-43.652132,25.704800,25.704800
1.576000,315.200000,42.512465,42.512465,46.939200,46.939200,-43.521843,-43.521843,26.009600,26.009600
1.578000,315.600000,42.634482,42.634482,46.939200,46.939200,-43.390518,-43.390518,26.314400,26.314400
1.580000,316.000000,42.754369,42.754369,46.939200,46.939200,-43.280289,-43.280289,26.568400,26.568400
1.582000,316.400000,42.872133,42.872133,46.939200,46.939200,-43.147069,-43.147069,26.873200,26.873200
1.584000,316.800000,42.987781,42.987781,46.939200,46.939200,-43.012820,-43.012820,27.178000,27.178000
1.586000,317.200000,43.101321,43.101321,46.939200,46.939200,-42.877544,-42.877544,27.482800,27.482800
1.588000,317.600000,43.212760,43.212760,46.939200,46.939200,-42.764031,-42.764031,27.736800,27.736800
1.590000,318.000000,43.322107,43.322107,46.939200,46.939200,-42.626880,-42.626880,28.041600,28.041600
1.592000,318.400000,43.429371,43.429371,46.939200,46.939200,-42.488708,-42.488708,28.346400,28.346400
1.594000,318.800000,43.534561,43.534561,46.939200,46.939200,-42.349520,-42.349520,28.651200,28.651200
1.596000,319.200000,43.637688,43.637688,46.939200,46.939200,-42.232756,-42.232756,28.905200,28.905200
1.598000,319.600000,43.738763,43.738763,46.939200,46.939200,-42.091710,-42.091710,29.210000,29.210000
1.600000,320.000000,43.837795,43.837795,46.939200,46.939200,-41.949654,-41.949654,29.514800,29.514800
1.602000,320.400000,43.934798,43.934798,46.939200,46.939200,-41.830505,-41.830505,29.768800,29.768800
1.604000,320.800000,44.029782,44.029782,46.939200,46.939200,-41.686605,-41.686605,30.073600,30.073600
1.606000,321.200000,44.122761,44.122761,46.939200,46.939200,-41.541702,-41.541702,30.378400,30.378400
1.608000,321.600000,44.213747,44.213747,46.939200,46.939200,-41.395798,-41.395798,30.683200,30.683200
1.610000,322.000000,44.302755,44.302755,46.939200,46.939200,-41.273449,-41.273449,30.937200,30.937200
1.612000,322.400000,44.389797,44.389797,46.939200,46.939200,-41.125717,-41.125717,31.242000,31.242000
1.614000,322.800000,44.474889,44.474889,46.939200,46.939200,-40.976992,-40.976992,31.546800,31.546800
1.616000,323.200000,44.558046,44.558046,46.939200,46.939200,-40.827275,-40.827275,31.851600,31.851600
1.618000,323.600000,44.639282,44.639282,46.939200,46.939200,-40.701755,-40.701755,32.105600,32.105600
1.620000,324.000000,44.718614,44.718614,46.939200,46.939200,-40.550226,-40.550226,32.410400,32.410400
1.622000,324.400000,44.796058,44.796058,46.939200,46.939200,-40.397712,-40.397712,32.715200,32.715200
1.624000,324.800000,44.871630,44.871630,46.939200,46.939200,-40.269866,-40.269866,32.969200,32.969200
1.626000,325.200000,44.945349,44.945349,46.939200,46.939200,-40.115551,-40.115551,33.274000,33.274000
1.628000,325.600000,45.017231,45.017231,46.939200,46.939200,-39.960258,-39.960258,33.578800,33.578800
1.630000,326.000000,45.087294,45.087294,46.939200,46.939200,-39.803988,-39.803988,33.883600,33.883600
1.632000,326.400000,45.155556,45.155556,46.939200,46.939200,-39.673019,-39.673019,34.137600,34.137600
1.634000,326.800000,45.222038,45.222038,46.939200,46.939200,-39.514964,-39.514964,34.442400,34.442400
1.636000,327.200000,45.286757,45.286757,46.939200,46.939200,-39.355939,-39.355939,34.747200,34.747200
1.638000,327.600000,45.349733,45.349733,46.939200,46.939200,-39.195945,-39.195945,35.052000,35.052000
1.640000,328.000000,45.410987,45.410987,46.939200,46.939200,-39.061878,-39.061878,35.306000,35.306000
1.642000,328.400000,45.470538,45.470538,46.939200,46.939200,-38.900113,-38.900113,35.610800,35.610800
1.644000,328.800000,45.528408,45.528408,46.939200,46.939200,-38.737386,-38.737386,35.915600,35.915600
1.646000,329.200000,45.584617,45.584617,46.939200,46.939200,-38.601046,-38.601046,36.169600,36.169600
1.648000,329.600000,45.639186,45.639186,46.939200,46.939200,-38.436559,-38.436559,36.474400,36.474400
1.650000,330.000000,45.692138,45.692138,46.939200,46.939200,-38.271115,-38.271115,36.779200,36.779200
1.652000,330.400000,45.743494,45.743494,46.939200,46.939200,-38.104716,-38.104716,37.084000,37.084000
1.654000,330.800000,45.793277,45.793277,46.939200,46.939200,-37.965322,-37.965322,37.338000,37.338000
1.656000,331.200000,45.841510,45.841510,46.939200,46.939200,-37.797176,-37.797176,37.642800,37.642800
1.658000,331.600000,45.888215,45.888215,46.939200,46.939200,-37.628081,-37.628081,37.947600,37.947600
1.660000,332.000000,45.933415,45.933415,46.939200,46.939200,-37.458038,-37.458038,38.252400,38.252400
1.662000,332.400000,45.977134,45.977134,46.939200,46.939200,-37.315613,-37.315613,38.506400,38.506400
1.664000,332.800000,46.019397,46.019397,46.939200,46.939200,-37.143838,-37.143838,38.811200,38.811200
1.666000,333.200000,46.060226,46.060226,46.939200,46.939200,-36.971120,-36.971120,39.116000,39.116000
1.668000,333.600000,46.099646,46.099646,46.939200,46.939200,-36.826469,-36.826469,39.370000,39.370000
1.670000,334.000000,46.137682,46.137682,46.939200,46.939200,-36.652028,-36.652028,39.674800,39.674800
1.672000,334.400000,46.174358,46.174358,46.939200,46.939200,-36.476649,-36.476649,39.979600,39.979600
1.674000,334.800000,46.209699,46.209699,46.939200,46.939200,-36.300334,-36.300334,40.284400,40.284400
1.676000,335.200000,46.243731,46.243731,46.939200,46.939200,-36.152692,-36.152692,40.538400,40.538400
1.678000,335.600000,46.276478,46.276478,46.939200,46.939200,-35.974666,-35.974666,40.843200,40.843200
1.680000,336.000000,46.307966,46.307966,46.939200,46.939200,-35.795710,-35.795710,41.148000,41.148000
1.682000,336.400000,46.338220,46.338220,46.939200,46.939200,-35.615825,-35.615825,41.452800,41.452800
1.684000,336.800000,46.367268,46.367268,46.939200,46.939200,-35.465212,-35.465212,41.706800,41.706800
1.686000,337.200000,46.395133,46.395133,46.939200,46.939200,-35.283628,-35.283628,42.011600,42.011600
1.688000,337.600000,46.421843,46.421843,46.939200,46.939200,-35.101119,-35.101119,42.316400,42.316400
1.690000,338.000000,46.447423,46.447423,46.939200,46.939200,-34.948324,-34.948324,42.570400,42.570400
1.692000,338.400000,46.471900,46.471900,46.939200,46.939200,-34.764125,-34.764125,42.875200,42.875200
1.694000,338.800000,46.495299,46.495299,46.939200,46.939200,-34.579007,-34.579007,43.180000,43.180000
1.696000,339.200000,46.517648,46.517648,46.939200,46.939200,-34.392970,-34.392970,43.484800,43.484800
1.698000,339.600000,46.538972,46.538972,46.939200,46.939200,-34.237240,-34.237240,43.738800,43.738800
1.700000,340.000000,46.559298,46.559298,46.939200,46.939200,-34.049524,-34.049524,44.043600,44.043600
1.702000,340.400000,46.578653,46.578653,46.939200,46.939200,-33.860895,-33.860895,44.348400,44.348400
1.704000,340.800000,46.597063,46.597063,46.939200,46.939200,-33.671353,-33.671353,44.653200,44.653200
1.706000,341.200000,46.614554,46.614554,46.939200,46.939200,-33.512706,-33.512706,44.907200,44.907200
1.708000,341.600000,46.631152,46.631152,46.939200,46.939200,-33.321497,-33.321497,45.212000,45.212000
1.710000,342.000000,46.646885,46.646885,46.939200,46.939200,-33.129379,-33.129379,45.516800,45.516800
1.712000,342.400000,46.661778,46.661778,46.939200,46.939200,-32.968589,-32.968589,45.770800,45.770800
1.714000,342.800000,46.675859,46.675859,46.939200,46.939200,-32.774810,-32.774810,46.075600,46.075600
1.716000,343.200000,46.689151,46.689151,46.939200,46.939200,-32.580128,-32.580128,46.380400,46.380400
1.718000,343.600000,46.701683,46.701683,46.939200,46.939200,-32.384544,-32.384544,46.685200,46.685200
1.720000,344.000000,46.713480,46.713480,46.939200,46.939200,-32.220869,-32.220869,46.939200,46.939200
1.722000,344.400000,46.724567,46.724567,46.939200,46.939200,-32.023635,-32.023635,43.529464,43.529464
1.724000,344.800000,46.734970,46.734970,46.939198,46.939198,-31.825502,-31.825502,38.848352,38.848352
1.726000,345.200000,46.744715,46.744715,46.939182,46.939182,-31.626472,-31.626472,35.169225,35.169225
1.728000,345.600000,46.753827,46.753827,46.939122,46.939122,-31.459929,-31.459929,32.547717,32.547717
1.730000,346.000000,46.762331,46.762331,46.938975,46.938975,-31.259258,-31.259258,29.763502,29.763502
1.732000,346.400000,46.770253,46.770253,46.938691,46.938691,-31.057695,-31.057695,27.270300,27.270300
1.734000,346.800000,46.777615,46.777615,46.938210,46.938210,-30.889043,-30.889043,25.364909,25.364909
1.736000,347.200000,46.784444,46.784444,46.937463,46.937463,-30.685846,-30.685846,23.245029,23.245029
1.738000,347.600000,46.790763,46.790763,46.936377,46.936377,-30.481759,-30.481759,21.275838,21.275838
1.740000,348.000000,46.796595,46.796595,46.934873,46.934873,-30.276783,-30.276783,19.432999,19.432999
1.742000,348.400000,46.801965,46.801965,46.932867,46.932867,-30.105293,-30.105293,17.980424,17.980424
1.744000,348.800000,46.806894,46.806894,46.930268,46.930268,-29.898693,-29.898693,16.324475,16.324475
1.746000,349.200000,46.811407,46.811407,46.926985,46.926985,-29.691209,-29.691209,14.752563,14.752563
1.748000,349.600000,46.815526,46.815526,46.922921,46.922921,-29.482841,-29.482841,13.255147,13.255147
1.750000,350.000000,46.819272,46.819272,46.917978,46.917978,-29.308527,-29.308527,12.058505,12.058505
1.752000,350.400000,46.822667,46.822667,46.912052,46.912052,-29.098543,-29.098543,10.678232,10.678232
1.754000,350.800000,46.825732,46.825732,46.905042,46.905042,-28.887679,-28.887679,9.353393,9.353393
1.756000,351.200000,46.828488,46.828488,46.896839,46.896839,-28.711288,-28.711288,8.288188,8.288188
1.758000,351.600000,46.830956,46.830956,46.887337,46.887337,-28.498814,-28.498814,7.052885,7.052885
1.760000,352.000000,46.833154,46.833154,46.876426,46.876426,-28.285463,-28.285463,5.860950,5.860950
1.762000,352.400000,46.835103,46.835103,46.863997,46.863997,-28.071237,-28.071237,4.709148,4.709148
1.764000,352.800000,46.836820,46.836820,46.849937,46.849937,-27.892047,-27.892047,3.777905,3.777905
1.766000,353.200000,46.838324,46.838324,46.834135,46.834135,-27.676219,-27.676219,2.692522,2.692522
1.768000,353.600000,46.839633,46.839633,46.816477,46.816477,-27.459519,-27.459519,1.640015,1.640015
1.770000,354.000000,46.840764,46.840764,46.796851,46.796851,-27.241948,-27.241948,0.618339,0.618339
1.772000,354.400000,46.841732,46.841732,46.775143,46.775143,-27.059974,-27.059974,-0.210838,-0.210838
1.774000,354.800000,46.842554,46.842554,46.751239,46.751239,-26.840808,-26.840808,-1.180636,-1.180636
1.776000,355.200000,46.843244,46.843244,46.725026,46.725026,-26.620774,-26.620774,-2.124364,-2.124364
1.778000,355.600000,46.843818,46.843818,46.696391,46.696391,-26.436750,-26.436750,-2.891896,-2.891896
1.780000,356.000000,46.844288,46.844288,46.665224,46.665224,-26.215127,-26.215127,-3.791351,-3.791351
1.782000,356.400000,46.844667,46.844667,46.631419,46.631419,-25.992640,-25.992640,-4.668368,-4.668368
1.784000,356.800000,46.844968,46.844968,46.594874,46.594874,-25.769287,-25.769287,-5.524028,-5.524028
1.786000,357.200000,46.845202,46.845202,46.555493,46.555493,-25.582501,-25.582501,-6.221484,-6.221484
1.788000,357.600000,46.845379,46.845379,46.513185,46.513185,-25.357568,-25.357568,-7.040517,-7.040517
1.790000,358.000000,46.845510,46.845510,46.467862,46.467862,-25.131772,-25.131772,-7.840817,-7.840817
1.792000,358.400000,46.845603,46.845603,46.419441,46.419441,-24.942953,-24.942953,-8.494002,-8.494002
1.794000,358.800000,46.845666,46.845666,46.367843,46.367843,-24.715581,-24.715581,-9.261991,-9.261991
1.796000,359.200000,46.845706,46.845706,46.312994,46.312994,-24.487350,-24.487350,-10.013363,-10.013363
1.798000,359.600000,46.845730,46.845730,46.254825,46.254825,-24.258262,-24.258262,-10.748771,-10.748771
1.800000,360.000000,46.845742,46.845742,46.193269,46.193269,-24.066701,-24.066701,-11.349856,-11.349856
1.802000,360.400000,46.845747,46.845747,46.128266,46.128266,-23.836042,-23.836042,-12.057547,-12.057547
1.804000,360.800000,46.845749,46.845749,46.059758,46.059758,-23.604529,-23.604529,-12.750899,-12.750899
1.806000,361.200000,46.845749,46.845749,45.987691,45.987691,-23.372161,-23.372161,-13.430418,-13.430418
1.808000,361.600000,46.845749,46.845749,45.912017,45.912017,-23.177869,-23.177869,-13.986463,-13.986463
1.810000,362.000000,46.845749,46.845749,45.832690,45.832690,-22.943938,-22.943938,-14.641840,-14.641840
1.812000,362.400000,46.845749,46.845749,45.749668,45.749668,-22.709154,-22.709154,-15.284666,-15.284666
1.814000,362.800000,46.845749,46.845749,45.662914,45.662914,-22.512851,-22.512851,-15.811057,-15.811057
1.816000,363.200000,46.845749,46.845749,45.572394,45.572394,-22.276508,-22.276508,-16.431903,-16.431903
1.818000,363.600000,46.845749,46.845749,45.478078,45.478078,-22.039316,-22.039316,-17.041284,-17.041284
1.820000,364.000000,46.845749,46.845749,45.379940,45.379940,-21.801275,-21.801275,-17.639548,-17.639548
1.822000,364.400000,46.845749,46.845749,45.277956,45.277956,-21.602260,-21.602260,-18.129844,-18.129844
1.824000,364.800000,46.845749,46.845749,45.172107,45.172107,-21.362665,-21.362665,-18.708564,-18.708564
1.826000,365.200000,46.845749,46.845749,45.062378,45.062378,-21.122224,-21.122224,-19.277052,-19.277052
1.828000,365.600000,46.845749,46.845749,44.948756,44.948756,-20.880937,-20.880937,-19.835593,-19.835593
1.830000,366.000000,46.845749,46.845749,44.831232,44.831232,-20.679219,-20.679219,-20.293642,-20.293642
1.832000,366.400000,46.845749,46.845749,44.709800,44.709800,-20.436384,-20.436384,-20.834641,-20.834641
1.834000,366.800000,46.845749,46.845749,44.584459,44.584459,-20.192705,-20.192705,-21.366427,-21.366427
1.836000,367.200000,46.845749,46.845749,44.455208,44.455208,-19.988995,-19.988995,-21.802717,-21.802717
1.838000,367.600000,46.845749,46.845749,44.322052,44.322052,-19.743772,-19.743772,-22.318223,-22.318223
1.840000,368.000000,46.845749,46.845749,44.184998,44.184998,-19.497707,-19.497707,-22.825162,-22.825162
1.842000,368.400000,46.845749,46.845749,44.044056,44.044056,-19.250802,-19.250802,-23.323742,-23.323742
1.844000,368.800000,46.845749,46.845749,43.899240,43.899240,-19.044405,-19.044405,-23.732985,-23.732985
1.846000,369.200000,46.845749,46.845749,43.750565,43.750565,-18.795960,-18.795960,-24.216755,-24.216755
1.848000,369.600000,46.845749,46.845749,43.598050,43.598050,-18.546676,-18.546676,-24.692713,-24.692713
1.850000,370.000000,46.845749,46.845749,43.441717,43.441717,-18.296553,-18.296553,-25.161036,-25.161036
1.852000,370.400000,46.845749,46.845749,43.281592,43.281592,-18.087478,-18.087478,-25.545597,-25.545597
1.854000,370.800000,46.845749,46.845749,43.117700,43.117700,-17.835821,-17.835821,-26.000362,-26.000362
1.856000,371.200000,46.845749,46.845749,42.950073,42.950073,-17.583327,-17.583327,-26.447961,-26.447961
1.858000,371.600000,46.845749,46.845749,42.778743,42.778743,-17.372277,-17.372277,-26.815595,-26.815595
1.860000,372.000000,46.845749,46.845749,42.603746,42.603746,-17.118251,-17.118251,-27.250447,-27.250447
1.862000,372.400000,46.845749,46.845749,42.425118,42.425118,-16.863390,-16.863390,-27.678550,-27.678550
1.864000,372.800000,46.845749,46.845749,42.242901,42.242901,-16.607696,-16.607696,-28.100042,-28.100042
1.866000,373.200000,46.845749,46.845749,42.057136,42.057136,-16.393980,-16.393980,-28.446332,-28.446332
1.868000,373.600000,46.845749,46.845749,41.867870,41.867870,-16.136758,-16.136758,-28.856046,-28.856046
1.870000,374.000000,46.845749,46.845749,41.675149,41.675149,-15.878703,-15.878703,-29.259513,-29.259513
1.872000,374.400000,46.845749,46.845749,41.479023,41.479023,-15.619816,-15.619816,-29.656854,-29.656854
1.874000,374.800000,46.845749,46.845749,41.279544,41.279544,-15.403442,-15.403442,-29.983375,-29.983375
1.876000,375.200000,46.845749,46.845749,41.076767,41.076767,-15.143031,-15.143031,-30.369782,-30.369782
1.878000,375.600000,46.845749,46.845749,40.870746,40.870746,-14.881790,-14.881790,-30.750381,-30.750381
1.880000,376.000000,46.845749,46.845749,40.661541,40.661541,-14.663455,-14.663455,-31.063187,-31.063187
1.882000,376.400000,46.845749,46.845749,40.449212,40.449212,-14.400693,-14.400693,-31.433410,-31.433410
1.884000,376.800000,46.845749,46.845749,40.233820,40.233820,-14.137101,-14.137101,-31.798115,-31.798115
1.886000,377.200000,46.845749,46.845749,40.015431,40.015431,-13.872681,-13.872681,-32.157400,-32.157400
1.888000,377.600000,46.845749,46.845749,39.794109,39.794109,-13.651698,-13.651698,-32.452729,-32.452729
1.890000,378.000000,46.845749,46.845749,39.569923,39.569923,-13.385760,-13.385760,-32.802315,-32.802315
1.892000,378.400000,46.845749,46.845749,39.342943,39.342943,-13.118995,-13.118995,-33.146736,-33.146736
1.894000,378.800000,46.845749,46.845749,39.113239,39.113239,-12.851403,-12.851403,-33.486078,-33.486078
1.896000,379.200000,46.845749,46.845749,38.880885,38.880885,-12.627778,-12.627778,-33.765044,-33.765044
1.898000,379.600000,46.845749,46.845749,38.645955,38.645955,-12.358671,-12.358671,-34.095290,-34.095290
1.900000,380.000000,46.845749,46.845749,38.408526,38.408526,-12.088739,-12.088739,-34.420686,-34.420686
1.902000,380.400000,46.845749,46.845749,38.168675,38.168675,-11.863164,-11.863164,-34.688200,-34.688200
1.904000,380.800000,46.845749,46.845749,37.926482,37.926482,-11.591719,-11.591719,-35.004902,-35.004902
1.906000,381.200000,46.845749,46.845749,37.682026,37.682026,-11.319449,-11.319449,-35.316965,-35.316965
1.908000,381.600000,46.845749,46.845749,37.435391,37.435391,-11.046356,-11.046356,-35.624460,-35.624460
1.910000,382.000000,46.845749,46.845749,37.186659,37.186659,-10.818148,-10.818148,-35.877265,-35.877265
1.912000,382.400000,46.845749,46.845749,36.935914,36.935914,-10.543544,-10.543544,-36.176562,-36.176562
1.914000,382.800000,46.845749,46.845749,36.683244,36.683244,-10.268117,-10.268117,-36.471480,-36.471480
1.916000,383.200000,46.845749,46.845749,36.428735,36.428735,-9.991867,-9.991867,-36.762083,-36.762083
1.918000,383.600000,46.845749,46.845749,36.172476,36.172476,-9.761031,-9.761031,-37.001000,-37.001000
1.920000,384.000000,46.845749,46.845749,35.914555,35.914555,-9.483273,-9.483273,-37.283851,-37.283851
1.922000,384.400000,46.845749,46.845749,35.655063,35.655063,-9.204694,-9.204694,-37.562559,-37.562559
1.924000,384.800000,46.845749,46.845749,35.394092,35.394092,-8.971916,-8.971916,-37.791690,-37.791690
1.926000,385.200000,46.845749,46.845749,35.131733,35.131733,-8.691831,-8.691831,-38.062948,-38.062948
1.928000,385.600000,46.845749,46.845749,34.868081,34.868081,-8.410924,-8.410924,-38.330221,-38.330221
1.930000,386.000000,46.845749,46.845749,34.603229,34.603229,-8.129197,-8.129197,-38.593562,-38.593562
1.932000,386.400000,46.845749,46.845749,34.337273,34.337273,-7.893797,-7.893797,-38.810048,-38.810048
1.934000,386.800000,46.845749,46.845749,34.070308,34.070308,-7.610566,-7.610566,-39.066316,-39.066316
1.936000,387.200000,46.845749,46.845749,33.802431,33.802431,-7.326514,-7.326514,-39.318796,-39.318796
1.938000,387.600000,46.845749,46.845749,33.533740,33.533740,-7.041643,-7.041643,-39.567539,-39.567539
1.940000,388.000000,46.845749,46.845749,33.264331,33.264331,-6.803624,-6.803624,-39.772003,-39.772003
1.942000,388.400000,46.845749,46.845749,32.994305,32.994305,-6.517250,-6.517250,-40.014014,-40.014014
1.944000,388.800000,46.845749,46.845749,32.723759,32.723759,-6.230057,-6.230057,-40.252419,-40.252419
1.946000,389.200000,46.845749,46.845749,32.452794,32.452794,-5.990104,-5.990104,-40.448367,-40.448367
1.948000,389.600000,46.845749,46.845749,32.181509,32.181509,-5.701409,-5.701409,-40.680275,-40.680275
1.950000,390.000000,46.845749,46.845749,31.910005,31.910005,-5.411896,-5.411896,-40.908700,-40.908700
1.952000,390.400000,46.845749,46.845749,31.638384,31.638384,-5.121564,-5.121564,-41.133683,-41.133683
1.954000,390.800000,46.845749,46.845749,31.366746,31.366746,-4.878996,-4.878996,-41.318569,-41.318569
1.956000,391.200000,46.845749,46.845749,31.095194,31.095194,-4.587164,-4.587164,-41.537348,-41.537348
1.958000,391.600000,46.845749,46.845749,30.823829,30.823829,-4.294515,-4.294515,-41.752799,-41.752799
1.960000,392.000000,46.845749,46.845749,30.552753,30.552753,-4.001047,-4.001047,-41.964960,-41.964960
1.962000,392.400000,46.845749,46.845749,30.282068,30.282068,-3.755866,-3.755866,-42.139274,-42.139274
1.964000,392.800000,46.845749,46.845749,30.011878,30.011878,-3.460899,-3.460899,-42.345500,-42.345500
1.966000,393.200000,46.845749,46.845749,29.742284,29.742284,-3.165114,-3.165114,-42.548540,-42.548540
1.968000,393.600000,46.845749,46.845749,29.473390,29.473390,-2.918003,-2.918003,-42.715332,-42.715332
1.970000,394.000000,46.845749,46.845749,29.205298,29.205298,-2.620719,-2.620719,-42.912622,-42.912622
1.972000,394.400000,46.845749,46.845749,28.938110,28.938110,-2.322619,-2.322619,-43.106825,-43.106825
1.974000,394.800000,46.845749,46.845749,28.671930,28.671930,-2.023701,-2.023701,-43.297973,-43.297973
1.976000,395.200000,46.845749,46.845749,28.406859,28.406859,-1.773979,-1.773979,-43.454953,-43.454953
1.978000,395.600000,46.845749,46.845749,28.143001,28.143001,-1.473563,-1.473563,-43.640585,-43.640585
1.980000,396.000000,46.845749,46.845749,27.880457,27.880457,-1.172330,-1.172330,-43.823253,-43.823253
1.982000,396.400000,46.845749,46.845749,27.619329,27.619329,-0.870281,-0.870281,-44.002988,-44.002988
1.984000,396.800000,46.845749,46.845749,27.359720,27.359720,-0.617948,-0.617948,-44.150548,-44.150548
1.986000,397.200000,46.845749,46.845749,27.101729,27.101729,-0.314401,-0.314401,-44.324983,-44.324983
1.988000,397.600000,46.845749,46.845749,26.845460,26.845460,-0.010036,-0.010036,-44.496569,-44.496569
1.990000,398.000000,46.845749,46.845749,26.591011,26.591011,0.243964,0.243964,-44.637402,-44.637402
1.992000,398.400000,46.845749,46.845749,26.338484,26.338484,0.548764,0.548764,-44.803838,-44.803838
1.994000,398.800000,46.845749,46.845749,26.087979,26.087979,0.853564,0.853564,-44.967504,-44.967504
1.996000,399.200000,46.845749,46.845749,25.839593,25.839593,1.158364,1.158364,-45.128428,-45.128428
1.998000,399.600000,46.845749,46.845749,25.593428,25.593428,1.412364,1.412364,-45.260455,-45.260455
2.000000,400.000000,46.845749,46.845749,25.349580,25.349580,1.717164,1.717164,-45.416418,-45.416418
2.002000,400.400000,46.845749,46.845749,25.108148,25.108148,2.021964,2.021964,-45.569713,-45.569713
2.004000,400.800000,46.845749,46.845749,24.869228,24.869228,2.326764,2.326764,-45.720364,-45.720364
2.006000,401.200000,46.845749,46.845749,24.632917,24.632917,2.580764,2.580764,-45.843904,-45.843904
2.008000,401.600000,46.845749,46.845749,24.399310,24.399310,2.885564,2.885564,-45.989772,-45.989772
2.010000,402.000000,46.845749,46.845749,24.168502,24.168502,3.190364,3.190364,-46.133065,-46.133065
2.012000,402.400000,46.845749,46.845749,23.940588,23.940588,3.444364,3.444364,-46.250525,-46.250525
2.014000,402.800000,46.845749,46.845749,23.715661,23.715661,3.749164,3.749164,-46.389158,-46.389158
2.016000,403.200000,46.845749,46.845749,23.493812,23.493812,4.053964,4.053964,-46.525281,-46.525281
2.018000,403.600000,46.845749,46.845749,23.275133,23.275133,4.358764,4.358764,-46.658917,-46.658917
2.020000,404.000000,46.845749,46.845749,23.059716,23.059716,4.612764,4.612764,-46.768396,-46.768396
2.022000,404.400000,46.845749,46.845749,22.847649,22.847649,4.917564,4.917564,-46.897529,-46.897529
2.024000,404.800000,46.845749,46.845749,22.639022,22.639022,5.222364,5.222364,-47.024235,-47.024235
2.026000,405.200000,46.845749,46.845749,22.433921,22.433921,5.527164,5.527164,-47.148536,-47.148536
2.028000,405.600000,46.845749,46.845749,22.232433,22.232433,5.781164,5.781164,-47.250298,-47.250298
2.030000,406.000000,46.845749,46.845749,22.034644,22.034644,6.085964,6.085964,-47.370243,-47.370243
2.032000,406.400000,46.845749,46.845749,21.840638,21.840638,6.390764,6.390764,-47.487840,-47.487840
2.034000,406.800000,46.845749,46.845749,21.650498,21.650498,6.644764,6.644764,-47.584058,-47.584058
2.036000,407.200000,46.845749,46.845749,21.464305,21.464305,6.949564,6.949564,-47.697400,-47.697400
2.038000,407.600000,46.845749,46.845749,21.282141,21.282141,7.254364,7.254364,-47.808450,-47.808450
2.040000,408.000000,46.845749,46.845749,21.104084,21.104084,7.559164,7.559164,-47.917225,-47.917225
2.042000,408.400000,46.845749,46.845749,20.930213,20.930213,7.813164,7.813164,-48.006146,-48.006146
2.044000,408.800000,46.845749,46.845749,20.760604,20.760604,8.117964,8.117964,-48.110798,-48.110798
2.046000,409.200000,46.845749,46.845749,20.595333,20.595333,8.422764,8.422764,-48.213226,-48.213226
2.048000,409.600000,46.845749,46.845749,20.434472,20.434472,8.676764,8.676764,-48.296898,-48.296898
2.050000,410.000000,46.845749,46.845749,20.278096,20.278096,8.981564,8.981564,-48.395295,-48.395295
2.052000,410.400000,46.845749,46.845749,20.126274,20.126274,9.286364,9.286364,-48.491519,-48.491519
2.054000,410.800000,46.845749,46.845749,19.979076,19.979076,9.591164,9.591164,-48.585584,-48.585584
2.056000,411.200000,46.845749,46.845749,19.836570,19.836570,9.845164,9.845164,-48.662336,-48.662336
2.058000,411.600000,46.845749,46.845749,19.698822,19.698822,10.149964,10.149964,-48.752489,-48.752489
2.060000,412.000000,46.845749,46.845749,19.565897,19.565897,10.454764,10.454764,-48.840530,-48.840530
2.062000,412.400000,46.845749,46.845749,19.437859,19.437859,10.759564,10.759564,-48.926475,-48.926475
2.064000,412.800000,46.845749,46.845749,19.314768,19.314768,11.013564,11.013564,-48.996507,-48.996507
2.066000,413.200000,46.845749,46.845749,19.196684,19.196684,11.318364,11.318364,-49.078651,-49.078651
2.068000,413.600000,46.845749,46.845749,19.083665,19.083665,11.623164,11.623164,-49.158742,-49.158742
2.070000,414.000000,46.845749,46.845749,18.975767,18.975767,11.877164,11.877164,-49.223928,-49.223928
2.072000,414.400000,46.845749,46.845749,18.873045,18.873045,12.181964,12.181964,-49.300296,-49.300296
2.074000,414.800000,46.845749,46.845749,18.775552,18.775552,12.486764,12.486764,-49.374653,-49.374653
2.076000,415.200000,46.845749,46.845749,18.683337,18.683337,12.791564,12.791564,-49.447014,-49.447014
2.078000,415.600000,46.845749,46.845749,18.596451,18.596451,13.045564,13.045564,-49.505800,-49.505800
2.080000,416.000000,46.845749,46.845749,18.514940,18.514940,13.350364,13.350364,-49.574537,-49.574537
2.082000,416.400000,46.845749,46.845749,18.438849,18.438849,13.655164,13.655164,-49.641318,-49.641318
2.084000,416.800000,46.845749,46.845749,18.368220,18.368220,13.959964,13.959964,-49.706155,-49.706155
2.086000,417.200000,46.845749,46.845749,18.303097,18.303097,14.213964,14.213964,-49.758711,-49.758711
2.088000,417.600000,46.845749,46.845749,18.243516,18.243516,14.518764,14.518764,-49.820020,-49.820020
2.090000,418.000000,46.845749,46.845749,18.189516,18.189516,14.823564,14.823564,-49.879423,-49.879423
2.092000,418.400000,46.845749,46.845749,18.141130,18.141130,15.077564,15.077564,-49.927478,-49.927478
2.094000,418.800000,46.845749,46.845749,18.098393,18.098393,15.382364,15.382364,-49.983420,-49.983420
2.096000,419.200000,46.845749,46.845749,18.061334,18.061334,15.687164,15.687164,-50.037491,-50.037491
2.098000,419.600000,46.845749,46.845749,18.029982,18.029982,15.991964,15.991964,-50.089704,-50.089704
2.100000,420.000000,46.845749,46.845749,18.004364,18.004364,16.245964,16.245964,-50.131804,-50.131804
2.102000,420.400000,46.845749,46.845749,17.984503,17.984503,16.550764,16.550764,-50.180642,-50.180642
2.104000,420.800000,46.845749,46.845749,17.970422,17.970422,16.855564,16.855564,-50.227656,-50.227656
2.106000,421.200000,46.845749,46.845749,17.962139,17.962139,17.160364,17.160364,-50.272857,-50.272857
2.108000,421.600000,46.845749,46.845749,17.959673,17.959673,17.414364,17.414364,-50.309149,-50.309149
2.110000,422.000000,46.845749,46.845749,17.963037,17.963037,17.719164,17.719164,-50.351057,-50.351057
2.112000,422.400000,46.845749,46.845749,17.972246,17.972246,18.023964,18.023964,-50.391185,-50.391185
2.114000,422.800000,46.845749,46.845749,17.987306,17.987306,18.277964,18.277964,-50.423273,-50.423273
2.116000,423.200000,46.845749,46.845749,18.008225,18.008225,18.582764,18.582764,-50.460165,-50.460165
2.118000,423.600000,46.845749,46.845749,18.035004,18.035004,18.887564,18.887564,-50.495308,-50.495308
2.120000,424.000000,46.845749,46.845749,18.067643,18.067643,19.192364,19.192364,-50.528713,-50.528713
2.122000,424.400000,46.845749,46.845749,18.106135,18.106135,19.446364,19.446364,-50.555230,-50.555230
2.124000,424.800000,46.845749,46.845749,18.150473,18.150473,19.751164,19.751164,-50.585474,-50.585474
2.126000,425.200000,46.845749,46.845749,18.200645,18.200645,20.055964,20.055964,-50.614009,-50.614009
2.128000,425.600000,46.845749,46.845749,18.256636,18.256636,20.360764,20.360764,-50.640844,-50.640844
2.130000,426.000000,46.845749,46.845749,18.318428,18.318428,20.614764,20.614764,-50.661917,-50.661917
2.132000,426.400000,46.845749,46.845749,18.385998,18.385998,20.919564,20.919564,-50.685663,-50.685663
2.134000,426.800000,46.845749,46.845749,18.459321,18.459321,21.224364,21.224364,-50.707739,-50.707739
2.136000,427.200000,46.845749,46.845749,18.538368,18.538368,21.478364,21.478364,-50.724865,-50.724865
2.138000,427.600000,46.845749,46.845749,18.623106,18.623106,21.783164,21.783164,-50.743902,-50.743902
2.140000,428.000000,46.845749,46.845749,18.713499,18.713499,22.087964,22.087964,-50.761294,-50.761294
2.142000,428.400000,46.845749,46.845749,18.809509,18.809509,22.392764,22.392764,-50.777052,-50.777052
2.144000,428.800000,46.845749,46.845749,18.911092,18.911092,22.646764,22.646764,-50.788941,-50.788941
2.146000,429.200000,46.845749,46.845749,19.018202,19.018202,22.951564,22.951564,-50.801725,-50.801725
2.148000,429.600000,46.845749,46.845749,19.130789,19.130789,23.256364,23.256364,-50.812900,-50.812900
2.150000,430.000000,46.845749,46.845749,19.248801,19.248801,23.561164,23.561164,-50.822475,-50.822475
2.152000,430.400000,46.845749,46.845749,19.372180,19.372180,23.815164,23.815164,-50.829237,-50.829237
2.154000,430.800000,46.845749,46.845749,19.500866,19.500866,24.119964,24.119964,-50.835901,-50.835901
2.156000,431.200000,46.845749,46.845749,19.634797,19.634797,24.424764,24.424764,-50.840989,-50.840989
2.158000,431.600000,46.845749,46.845749,19.773904,19.773904,24.678764,24.678764,-50.844031,-50.844031
2.160000,432.000000,46.845749,46.845749,19.918117,19.918117,24.983564,24.983564,-50.846251,-50.846251
2.162000,432.400000,46.845749,46.845749,20.067363,20.067363,25.288364,25.288364,-50.846920,-50.846920
2.164000,432.800000,46.845749,46.845749,20.221564,20.221564,25.593164,25.593164,-50.846045,-50.846045
2.166000,433.200000,46.845749,46.845749,20.380639,20.380639,25.847164,25.847164,-50.844142,-50.844142
2.168000,433.600000,46.845749,46.845749,20.544504,20.544504,26.151964,26.151964,-50.840457,-50.840457
2.170000,434.000000,46.845749,46.845749,20.713071,20.713071,26.456764,26.456764,-50.835251,-50.835251
2.172000,434.400000,46.845749,46.845749,20.886249,20.886249,26.761564,26.761564,-50.828531,-50.828531
2.174000,434.800000,46.845749,46.845749,21.063942,21.063942,27.015564,27.015564,-50.821780,-50.821780
2.176000,435.200000,46.845749,46.845749,21.246054,21.246054,27.320364,27.320364,-50.812306,-50.812306
2.178000,435.600000,46.845749,46.845749,21.432483,21.432483,27.625164,27.625164,-50.801339,-50.801339
2.180000,436.000000,46.845749,46.845749,21.623122,21.623122,27.879164,27.879164,-50.791066,-50.791066
2.182000,436.400000,46.845749,46.845749,21.817865,21.817865,28.183964,28.183964,-50.777384,-50.777384
2.184000,436.800000,46.845749,46.845749,22.016598,22.016598,28.488764,28.488764,-50.762231,-50.762231
2.186000,437.200000,46.845749,46.845749,22.219207,22.219207,28.793564,28.793564,-50.745613,-50.745613
2.188000,437.600000,46.845749,46.845749,22.425572,22.425572,29.047564,29.047564,-50.730653,-50.730653
2.190000,438.000000,46.845749,46.845749,22.635572,22.635572,29.352364,29.352364,-50.711370,-50.711370
2.192000,438.400000,46.845749,46.845749,22.849079,22.849079,29.657164,29.657164,-50.690644,-50.690644
2.194000,438.800000,46.845749,46.845749,23.065966,23.065966,29.961964,29.961964,-50.668481,-50.668481
2.196000,439.200000,46.845749,46.845749,23.286099,23.286099,30.215964,30.215964,-50.648919,-50.648919
2.198000,439.600000,46.845749,46.845749,23.509342,23.509342,30.520764,30.520764,-50.624139,-50.624139
2.200000,440.000000,46.845749,46.845749,23.735555,23.735555,30.825564,30.825564,-50.597941,-50.597941
2.202000,440.400000,46.845749,46.845749,23.964596,23.964596,31.079564,31.079564,-50.575031,-50.575031
2.204000,440.800000,46.845749,46.845749,24.196317,24.196317,31.384364,31.384364,-50.546251,-50.546251
2.206000,441.200000,46.845749,46.845749,24.430569,24.430569,31.689164,31.689164,-50.516072,-50.516072
2.208000,441.600000,46.845749,46.845749,24.667198,24.667198,31.993964,31.993964,-50.484499,-50.484499
2.210000,442.000000,46.845749,46.845749,24.906047,24.906047,32.247964,32.247964,-50.457130,-50.457130
2.212000,442.400000,46.845749,46.845749,25.146956,25.146956,32.552764,32.552764,-50.423020,-50.423020
2.214000,442.800000,46.845749,46.845749,25.389761,25.389761,32.857564,32.857564,-50.387536,-50.387536
2.216000,443.200000,46.845749,46.845749,25.634294,25.634294,33.162364,33.162364,-50.350682,-50.350682
2.218000,443.600000,46.845749,46.845749,25.880385,25.880385,33.416364,33.416364,-50.318929,-50.318929
2.220000,444.000000,46.845749,46.845749,26.127860,26.127860,33.721164,33.721164,-50.279581,-50.279581
2.222000,444.400000,46.845749,46.845749,26.376540,26.376540,34.025964,34.025964,-50.238881,-50.238881
2.224000,444.800000,46.845749,46.845749,26.626244,26.626244,34.279964,34.279964,-50.203936,-50.203936
2.226000,445.200000,46.845749,46.845749,26.876788,26.876788,34.584764,34.584764,-50.160773,-50.160773
2.228000,445.600000,46.845749,46.845749,27.127986,27.127986,34.889564,34.889564,-50.116273,-50.116273
2.230000,446.000000,46.845749,46.845749,27.379659,27.379659,35.194364,35.194364,-50.070445,-50.070445
2.232000,446.400000,46.845749,46.845749,27.631642,27.631642,35.448364,35.448364,-50.031242,-50.031242
2.234000,446.800000,46.845749,46.845749,27.883783,27.883783,35.753164,35.753164,-49.982990,-49.982990
2.236000,447.200000,46.845749,46.845749,28.135936,28.135936,36.057964,36.057964,-49.933423,-49.933423
2.238000,447.600000,46.845749,46.845749,28.387965,28.387965,36.362764,36.362764,-49.882548,-49.882548
2.240000,448.000000,46.845749,46.845749,28.639739,28.639739,36.616764,36.616764,-49.839157,-49.839157
2.242000,448.400000,46.845749,46.845749,28.891135,28.891135,36.921564,36.921564,-49.785897,-49.785897
2.244000,448.800000,46.845749,46.845749,29.142037,29.142037,37.226364,37.226364,-49.731344,-49.731344
2.246000,449.200000,46.845749,46.845749,29.392332,29.392332,37.480364,37.480364,-49.684898,-49.684898
2.248000,449.600000,46.845749,46.845749,29.641916,29.641916,37.785164,37.785164,-49.627987,-49.627987
2.250000,450.000000,46.845749,46.845749,29.890688,29.890688,38.089964,38.089964,-49.569798,-49.569798
2.252000,450.400000,46.845749,46.845749,30.138554,30.138554,38.394764,38.394764,-49.510335,-49.510335
2.254000,450.800000,46.845749,46.845749,30.385425,30.385425,38.648764,38.648764,-49.459813,-49.459813
2.256000,451.200000,46.845749,46.845749,30.631215,30.631215,38.953564,38.953564,-49.398028,-49.398028
2.258000,451.600000,46.845749,46.845749,30.875845,30.875845,39.258364,39.258364,-49.334983,-49.334983
2.260000,452.000000,46.845749,46.845749,31.119241,31.119241,39.563164,39.563164,-49.270684,-49.270684
2.262000,452.400000,46.845749,46.845749,31.361332,31.361332,39.817164,39.817164,-49.216147,-49.216147
2.264000,452.800000,46.845749,46.845749,31.602053,31.602053,40.121964,40.121964,-49.149561,-49.149561
2.266000,453.200000,46.845749,46.845749,31.841344,31.841344,40.426764,40.426764,-49.081734,-49.081734
2.268000,453.600000,46.845749,46.845749,32.079150,32.079150,40.680764,40.680764,-49.024266,-49.024266
2.270000,454.000000,46.845749,46.845749,32.315419,32.315419,40.985564,40.985564,-48.954176,-48.954176
2.272000,454.400000,46.845749,46.845749,32.550105,32.550105,41.290364,41.290364,-48.882858,-48.882858
2.274000,454.800000,46.845749,46.845749,32.783167,32.783167,41.595164,41.595164,-48.810317,-48.810317
2.276000,455.200000,46.845749,46.845749,33.014568,33.014568,41.849164,41.849164,-48.748936,-48.748936
2.278000,455.600000,46.845749,46.845749,33.244278,33.244278,42.153964,42.153964,-48.674164,-48.674164
2.280000,456.000000,46.845749,46.845749,33.472268,33.472268,42.458764,42.458764,-48.598182,-48.598182
2.282000,456.400000,46.845749,46.845749,33.698517,33.698517,42.763564,42.763564,-48.520994,-48.520994
2.284000,456.800000,46.845749,46.845749,33.923004,33.923004,43.017564,43.017564,-48.455752,-48.455752
2.286000,457.200000,46.845749,46.845749,34.145711,34.145711,43.322364,43.322364,-48.376364,-48.376364
2.288000,457.600000,46.845749,46.845749,34.366618,34.366618,43.627164,43.627164,-48.295782,-48.295782
2.290000,458.000000,46.845749,46.845749,34.585706,34.585706,43.881164,43.881164,-48.227722,-48.227722
2.292000,458.400000,46.845749,46.845749,34.802959,34.802959,44.185964,44.185964,-48.144962,-48.144962
2.294000,458.800000,46.845749,46.845749,35.018358,35.018358,44.490764,44.490764,-48.061021,-48.061021
2.296000,459.200000,46.845749,46.845749,35.231887,35.231887,44.795564,44.795564,-47.975901,-47.975901
2.298000,459.600000,46.845749,46.845749,35.443528,35.443528,45.049564,45.049564,-47.904072,-47.904072
2.300000,460.000000,46.845749,46.845749,35.653265,35.653265,45.354364,45.354364,-47.816803,-47.816803
2.302000,460.400000,46.845749,46.845749,35.861082,35.861082,45.659164,45.659164,-47.728369,-47.728369
2.304000,460.800000,46.845749,46.845749,36.066964,36.066964,45.913164,45.913164,-47.653785,-47.653785
2.306000,461.200000,46.845749,46.845749,36.270896,36.270896,46.217964,46.217964,-47.563222,-47.563222
2.308000,461.600000,46.845749,46.845749,36.472864,36.472864,46.522764,46.522764,-47.471504,-47.471504
2.310000,462.000000,46.845749,46.845749,36.672853,36.672853,46.827564,46.827564,-47.378634,-47.378634
2.312000,462.400000,46.845749,46.845749,36.870850,36.870850,46.845749,46.845749,-47.300366,-47.300366
2.314000,462.800000,46.845749,46.845749,37.066842,37.066842,41.169272,41.169272,-47.205395,-47.205395
2.316000,463.200000,46.845747,46.845747,37.260817,37.260817,37.040795,37.040795,-47.109284,-47.109284
2.318000,463.600000,46.845721,46.845721,37.452761,37.452761,33.660332,33.660332,-47.012035,-47.012035
2.320000,464.000000,46.845637,46.845637,37.642665,37.642665,31.205328,31.205328,-46.930128,-46.930128
2.322000,464.400000,46.845448,46.845448,37.830515,37.830515,28.567641,28.567641,-46.830805,-46.830805
2.324000,464.800000,46.845097,46.845097,38.016303,38.016303,26.185254,26.185254,-46.730354,-46.730354
2.326000,465.200000,46.844522,46.844522,38.200018,38.200018,24.354154,24.354154,-46.645787,-46.645787
2.328000,465.600000,46.843652,46.843652,38.381651,38.381651,22.308169,22.308169,-46.543280,-46.543280
2.330000,466.000000,46.842410,46.842410,38.561191,38.561191,20.400606,20.400606,-46.439656,-46.439656
2.332000,466.400000,46.840715,46.840715,38.738631,38.738631,18.610201,18.610201,-46.334919,-46.334919
2.334000,466.800000,46.838480,46.838480,38.913963,38.913963,17.195828,17.195828,-46.246790,-46.246790
2.336000,467.200000,46.835614,46.835614,39.087180,39.087180,15.580446,15.580446,-46.140021,-46.140021
2.338000,467.600000,46.832023,46.832023,39.258273,39.258273,14.044402,14.044402,-46.032148,-46.032148
2.340000,468.000000,46.827611,46.827611,39.427238,39.427238,12.579006,12.579006,-45.923175,-45.923175
2.342000,468.400000,46.822275,46.822275,39.594067,39.594067,11.406579,11.406579,-45.831526,-45.831526
2.344000,468.800000,46.815915,46.815915,39.758756,39.758756,10.052850,10.052850,-45.720545,-45.720545
2.346000,469.200000,46.808424,46.808424,39.921300,39.921300,8.752197,8.752197,-45.608472,-45.608472
2.348000,469.600000,46.799695,46.799695,40.081694,40.081694,7.705591,7.705591,-45.514247,-45.514247
2.350000,470.000000,46.789622,46.789622,40.239935,40.239935,6.490974,6.490974,-45.400183,-45.400183
2.352000,470.400000,46.778093,46.778093,40.396020,40.396020,5.318162,5.318162,-45.285036,-45.285036
2.354000,470.800000,46.764998,46.764998,40.549945,40.549945,4.184108,4.184108,-45.168811,-45.168811
2.356000,471.200000,46.750226,46.750226,40.701709,40.701709,3.266721,3.266721,-45.071135,-45.071135
2.358000,471.600000,46.733665,46.733665,40.851310,40.851310,2.196963,2.196963,-44.952940,-44.952940
2.360000,472.000000,46.715200,46.715200,40.998747,40.998747,1.159098,1.159098,-44.833676,-44.833676
2.362000,472.400000,46.694719,46.694719,41.144019,41.144019,0.151181,0.151181,-44.713344,-44.713344
2.364000,472.800000,46.672109,46.672109,41.287127,41.287127,-0.667142,-0.667142,-44.612254,-44.612254
2.366000,473.200000,46.647256,46.647256,41.428072,41.428072,-1.624582,-1.624582,-44.489974,-44.489974
2.368000,473.600000,46.620046,46.620046,41.566854,41.566854,-2.556618,-2.556618,-44.366635,-44.366635
2.370000,474.000000,46.590368,46.590368,41.703474,41.703474,-3.314872,-3.314872,-44.263046,-44.263046
2.372000,474.400000,46.558113,46.558113,41.837937,41.837937,-4.203706,-4.203706,-44.137774,-44.137774
2.374000,474.800000,46.523177,46.523177,41.970243,41.970243,-5.070619,-5.070619,-44.011452,-44.011452
2.376000,475.200000,46.485463,46.485463,42.100396,42.100396,-5.916649,-5.916649,-43.884082,-43.884082
2.378000,475.600000,46.444875,46.444875,42.228401,42.228401,-6.606416,-6.606416,-43.777142,-43.777142
2.380000,476.000000,46.401324,46.401324,42.354261,42.354261,-7.416597,-7.416597,-43.647859,-43.647859
2.382000,476.400000,46.354726,46.354726,42.477981,42.477981,-8.208425,-8.208425,-43.517536,-43.517536
2.384000,476.800000,46.304998,46.304998,42.599568,42.599568,-8.982671,-8.982671,-43.386176,-43.386176
2.386000,477.200000,46.252065,46.252065,42.719027,42.719027,-9.614963,-9.614963,-43.275919,-43.275919
2.388000,477.600000,46.195855,46.195855,42.836364,42.836364,-10.358801,-10.358801,-43.142665,-43.142665
2.390000,478.000000,46.136301,46.136301,42.951587,42.951587,-11.086963,-11.086963,-43.008382,-43.008382
2.392000,478.400000,46.073337,46.073337,43.064703,43.064703,-11.682217,-11.682217,-42.895695,-42.895695
2.394000,478.800000,46.006906,46.006906,43.175720,43.175720,-12.383146,-12.383146,-42.759531,-42.759531
2.396000,479.200000,45.936952,45.936952,43.284648,43.284648,-13.069976,-13.069976,-42.622346,-42.622346
2.398000,479.600000,45.863423,45.863423,43.391494,43.391494,-13.743199,-13.743199,-42.484141,-42.484141
2.400000,480.000000,45.786272,45.786272,43.496269,43.496269,-14.294160,-14.294160,-42.368194,-42.368194
2.402000,480.400000,45.705456,45.705456,43.598982,43.598982,-14.943623,-14.943623,-42.228127,-42.228127
2.404000,480.800000,45.620936,45.620936,43.699646,43.699646,-15.580726,-15.580726,-42.087048,-42.087048
2.406000,481.200000,45.532674,45.532674,43.798270,43.798270,-16.205860,-16.205860,-41.944960,-41.944960
2.408000,481.600000,45.440640,45.440640,43.894867,43.894867,-16.717933,-16.717933,-41.825783,-41.825783
2.410000,482.000000,45.344806,45.344806,43.989448,43.989448,-17.322080,-17.322080,-41.681850,-41.681850
2.412000,482.400000,45.245145,45.245145,44.082026,44.082026,-17.915264,-17.915264,-41.536913,-41.536913
2.414000,482.800000,45.141638,45.141638,44.172615,44.172615,-18.401440,-18.401440,-41.415369,-41.415369
2.416000,483.200000,45.034266,45.034266,44.261228,44.261228,-18.975345,-18.975345,-41.268600,-41.268600
2.418000,483.600000,44.923016,44.923016,44.347879,44.347879,-19.539152,-19.539152,-41.120836,-41.120836
2.420000,484.000000,44.807877,44.807877,44.432582,44.432582,-20.093141,-20.093141,-40.972078,-40.972078
2.422000,484.400000,44.688841,44.688841,44.515354,44.515354,-20.547489,-20.547489,-40.847355,-40.847355
2.424000,484.800000,44.565904,44.565904,44.596208,44.596208,-21.084155,-21.084155,-40.696781,-40.696781
2.426000,485.200000,44.439066,44.439066,44.675161,44.675161,-21.611721,-21.611721,-40.545219,-40.545219
2.428000,485.600000,44.308328,44.308328,44.752230,44.752230,-22.130419,-22.130419,-40.392673,-40.392673
2.430000,486.000000,44.173697,44.173697,44.827431,44.827431,-22.556053,-22.556053,-40.264800,-40.264800
2.432000,486.400000,44.035180,44.035180,44.900782,44.900782,-23.059062,-23.059062,-40.110454,-40.110454
2.434000,486.800000,43.892790,43.892790,44.972299,44.972299,-23.553808,-23.553808,-39.955128,-39.955128
2.436000,487.200000,43.746541,43.746541,45.042002,45.042002,-23.959924,-23.959924,-39.824944,-39.824944
2.438000,487.600000,43.596450,43.596450,45.109908,45.109908,-24.440023,-24.440023,-39.667830,-39.667830
2.440000,488.000000,43.442538,43.442538,45.176037,45.176037,-24.912393,-24.912393,-39.509743,-39.509743
2.442000,488.400000,43.284828,43.284828,45.240408,45.240408,-25.377209,-25.377209,-39.350686,-39.350686
2.444000,488.800000,43.123345,43.123345,45.303040,45.303040,-25.758907,-25.758907,-39.217398,-39.217398
2.446000,489.200000,42.958119,42.958119,45.363953,45.363953,-26.210306,-26.210306,-39.056567,-39.056567
2.448000,489.600000,42.789181,42.789181,45.423169,45.423169,-26.654609,-26.654609,-38.894771,-38.894771
2.450000,490.000000,42.616564,42.616564,45.480707,45.480707,-27.091968,-27.091968,-38.732012,-38.732012
2.452000,490.400000,42.440305,42.440305,45.536588,45.536588,-27.451233,-27.451233,-38.595645,-38.595645
2.454000,490.800000,42.260443,42.260443,45.590835,45.590835,-27.876232,-27.876232,-38.431127,-38.431127
2.456000,491.200000,42.077019,42.077019,45.643468,45.643468,-28.294682,-28.294682,-38.265651,-38.265651
2.458000,491.600000,41.890078,41.890078,45.694511,45.694511,-28.638483,-28.638483,-38.127025,-38.127025
2.460000,492.000000,41.699664,41.699664,45.743985,45.743985,-29.045265,-29.045265,-37.959800,-37.959800
2.462000,492.400000,41.505827,41.505827,45.791913,45.791913,-29.445856,-29.445856,-37.791623,-37.791623
2.464000,492.800000,41.308617,41.308617,45.838318,45.838318,-29.840375,-29.840375,-37.622497,-37.622497
2.466000,493.200000,41.108087,41.108087,45.883223,45.883223,-30.164585,-30.164585,-37.480835,-37.480835
2.468000,493.600000,40.904291,40.904291,45.926652,45.926652,-30.548266,-30.548266,-37.309972,-37.309972
2.470000,494.000000,40.697288,40.697288,45.968629,45.968629,-30.926189,-30.926189,-37.138166,-37.138166
2.472000,494.400000,40.487136,40.487136,46.009178,46.009178,-31.298457,-31.298457,-36.965416,-36.965416
2.474000,494.800000,40.273896,40.273896,46.048322,46.048322,-31.604435,-31.604435,-36.820740,-36.820740
2.476000,495.200000,40.057631,40.057631,46.086088,46.086088,-31.966596,-31.966596,-36.646268,-36.646268
2.478000,495.600000,39.838406,39.838406,46.122498,46.122498,-32.323380,-32.323380,-36.470858,-36.470858
2.480000,496.000000,39.616288,39.616288,46.157579,46.157579,-32.616659,-32.616659,-36.323968,-36.323968
2.482000,496.400000,39.391346,39.391346,46.191356,46.191356,-32.963822,-32.963822,-36.146845,-36.146845
2.484000,496.800000,39.163649,39.163649,46.223852,46.223852,-33.305860,-33.305860,-35.968788,-35.968788
2.486000,497.200000,38.933270,38.933270,46.255096,46.255096,-33.642859,-33.642859,-35.789802,-35.789802
2.488000,497.600000,38.700282,38.700282,46.285110,46.285110,-33.919901,-33.919901,-35.639936,-35.639936
2.490000,498.000000,38.464761,38.464761,46.313923,46.313923,-34.247872,-34.247872,-35.459247,-35.459247
2.492000,498.400000,38.226784,38.226784,46.341559,46.341559,-34.571029,-34.571029,-35.277633,-35.277633
2.494000,498.800000,37.986428,37.986428,46.368044,46.368044,-34.889448,-34.889448,-35.095094,-35.095094
2.496000,499.200000,37.743773,37.743773,46.393405,46.393405,-35.151231,-35.151231,-34.942273,-34.942273
2.498000,499.600000,37.498901,37.498901,46.417668,46.417668,-35.461151,-35.461151,-34.758044,-34.758044
2.500000,500.000000,37.251894,37.251894,46.440859,46.440859,-35.766536,-35.766536,-34.572896,-34.572896
2.502000,500.400000,37.002837,37.002837,46.463004,46.463004,-36.017607,-36.017607,-34.417904,-34.417904
2.504000,500.800000,36.751813,36.751813,46.484131,46.484131,-36.314851,-36.314851,-34.231073,-34.231073
2.506000,501.200000,36.498909,36.498909,46.504264,46.504264,-36.607746,-36.607746,-34.043327,-34.043327
2.508000,501.600000,36.244214,36.244214,46.523431,46.523431,-36.896354,-36.896354,-33.854668,-33.854668
2.510000,502.000000,35.987815,35.987815,46.541658,46.541658,-37.133632,-37.133632,-33.696755,-33.696755
2.512000,502.400000,35.729802,35.729802,46.558972,46.558972,-37.414540,-37.414540,-33.506425,-33.506425
2.514000,502.800000,35.470267,35.470267,46.575399,46.575399,-37.691331,-37.691331,-33.315185,-33.315185
2.516000,503.200000,35.209300,35.209300,46.590965,46.590965,-37.964062,-37.964062,-33.123038,-33.123038
2.518000,503.600000,34.946995,34.946995,46.605696,46.605696,-38.188277,-38.188277,-32.962222,-32.962222
2.520000,504.000000,34.683444,34.683444,46.619620,46.619620,-38.453707,-38.453707,-32.768414,-32.768414
2.522000,504.400000,34.418744,34.418744,46.632761,46.632761,-38.715229,-38.715229,-32.573703,-32.573703
2.524000,504.800000,34.152988,34.152988,46.645147,46.645147,-38.930218,-38.930218,-32.410754,-32.410754
2.526000,505.200000,33.886272,33.886272,46.656802,46.656802,-39.184711,-39.184711,-32.214389,-32.214389
2.528000,505.600000,33.618695,33.618695,46.667753,46.667753,-39.435440,-39.435440,-32.017125,-32.017125
2.530000,506.000000,33.350352,33.350352,46.678025,46.678025,-39.682452,-39.682452,-31.818962,-31.818962
2.532000,506.400000,33.081343,33.081343,46.687644,46.687644,-39.885492,-39.885492,-31.653142,-31.653142
2.534000,506.800000,32.811765,32.811765,46.696634,46.696634,-40.125813,-40.125813,-31.453336,-31.453336
2.536000,507.200000,32.541718,32.541718,46.705022,46.705022,-40.362549,-40.362549,-31.252636,-31.252636
2.538000,507.600000,32.271302,32.271302,46.712831,46.712831,-40.595743,-40.595743,-31.051042,-31.051042
2.540000,508.000000,32.000617,32.000617,46.720086,46.720086,-40.787397,-40.787397,-30.882367,-30.882367
2.542000,508.400000,31.729763,31.729763,46.726812,46.726812,-41.014209,-41.014209,-30.679140,-30.679140
2.544000,508.800000,31.458842,31.458842,46.733032,46.733032,-41.237598,-41.237598,-30.475023,-30.475023
2.546000,509.200000,31.187955,31.187955,46.738771,46.738771,-41.421171,-41.421171,-30.304248,-30.304248
2.548000,509.600000,30.917203,30.917203,46.744051,46.744051,-41.638391,-41.638391,-30.098505,-30.098505
2.550000,510.000000,30.646688,30.646688,46.748896,46.748896,-41.852300,-41.852300,-29.891875,-29.891875
2.552000,510.400000,30.376512,30.376512,46.753329,46.753329,-42.062937,-42.062937,-29.684362,-29.684362
2.554000,510.800000,30.106778,30.106778,46.757371,46.757371,-42.235995,-42.235995,-29.510759,-29.510759
2.556000,511.200000,29.837588,29.837588,46.761045,46.761045,-42.440729,-42.440729,-29.301627,-29.301627
2.558000,511.600000,29.569044,29.569044,46.764372,46.764372,-42.642293,-42.642293,-29.091614,-29.091614
2.560000,512.000000,29.301249,29.301249,46.767374,46.767374,-42.807867,-42.807867,-28.915931,-28.915931
2.562000,512.400000,29.034305,29.034305,46.770071,46.770071,-43.003711,-43.003711,-28.704305,-28.704305
2.564000,512.800000,28.768314,28.768314,46.772482,46.772482,-43.196483,-43.196483,-28.491802,-28.491802
2.566000,513.200000,28.503380,28.503380,46.774628,46.774628,-43.386215,-43.386215,-28.278423,-28.278423
2.568000,513.600000,28.239604,28.239604,46.776529,46.776529,-43.542027,-43.542027,-28.099938,-28.099938
2.570000,514.000000,27.977088,27.977088,46.778201,46.778201,-43.726271,-43.726271,-27.884955,-27.884955
2.572000,514.400000,27.715934,27.715934,46.779664,46.779664,-43.907565,-43.907565,-27.669098,-27.669098
2.574000,514.800000,27.456245,27.456245,46.780935,46.780935,-44.085941,-44.085941,-27.452369,-27.452369
2.576000,515.200000,27.198120,27.198120,46.782031,46.782031,-44.232378,-44.232378,-27.271096,-27.271096
2.578000,515.600000,26.941663,26.941663,46.782968,46.782968,-44.405479,-44.405479,-27.052771,-27.052771
2.580000,516.000000,26.686972,26.686972,46.783761,46.783761,-44.575744,-44.575744,-26.833576,-26.833576
2.582000,516.400000,26.434148,26.434148,46.784426,46.784426,-44.715486,-44.715486,-26.650251,-26.650251
2.584000,516.800000,26.183292,26.183292,46.784977,46.784977,-44.880625,-44.880625,-26.429466,-26.429466
2.586000,517.200000,25.934503,25.934503,46.785427,46.785427,-45.043007,-45.043007,-26.207815,-26.207815
2.588000,517.600000,25.687879,25.687879,46.785789,46.785789,-45.202658,-45.202658,-25.985299,-25.985299
2.590000,518.000000,25.443519,25.443519,46.786075,46.786075,-45.333635,-45.333635,-25.799208,-25.799208
2.592000,518.400000,25.201521,25.201521,46.786296,46.786296,-45.488349,-45.488349,-25.575109,-25.575109
2.594000,518.800000,24.961981,24.961981,46.786462,46.786462,-45.640405,-45.640405,-25.350146,-25.350146
2.596000,519.200000,24.724998,24.724998,46.786584,46.786584,-45.789830,-45.789830,-25.124323,-25.124323
2.598000,519.600000,24.490665,24.490665,46.786670,46.786670,-45.912357,-45.912357,-24.935479,-24.935479
2.600000,520.000000,24.259079,24.259079,46.786727,46.786727,-46.057019,-46.057019,-24.708079,-24.708079
2.602000,520.400000,24.030334,24.030334,46.786763,46.786763,-46.199117,-46.199117,-24.479821,-24.479821
2.604000,520.800000,23.804522,23.804522,46.786784,46.786784,-46.315591,-46.315591,-24.288950,-24.288950
2.606000,521.200000,23.581738,23.581738,46.786794,46.786794,-46.453048,-46.453048,-24.059119,-24.059119
2.608000,521.600000,23.362072,23.362072,46.786799,46.786799,-46.588007,-46.588007,-23.828433,-23.828433
2.610000,522.000000,23.145616,23.145616,46.786800,46.786800,-46.720489,-46.720489,-23.596891,-23.596891
2.612000,522.400000,22.932459,22.932459,46.786800,46.786800,-46.829014,-46.829014,-23.403287,-23.403287
2.614000,522.800000,22.722691,22.722691,46.786800,46.786800,-46.957010,-46.957010,-23.170180,-23.170180
2.616000,523.200000,22.516399,22.516399,46.786800,46.786800,-47.082591,-47.082591,-22.936220,-22.936220
2.618000,523.600000,22.313670,22.313670,46.786800,46.786800,-47.205776,-47.205776,-22.701409,-22.701409
2.620000,524.000000,22.114590,22.114590,46.786800,46.786800,-47.306615,-47.306615,-22.505083,-22.505083
2.622000,524.400000,21.919244,21.919244,46.786800,46.786800,-47.425460,-47.425460,-22.268712,-22.268712
2.624000,524.800000,21.727715,21.727715,46.786800,46.786800,-47.541967,-47.541967,-22.031491,-22.031491
2.626000,525.200000,21.540086,21.540086,46.786800,46.786800,-47.637284,-47.637284,-21.833159,-21.833159
2.628000,525.600000,21.356437,21.356437,46.786800,46.786800,-47.749553,-47.749553,-21.594384,-21.594384
2.630000,526.000000,21.176849,21.176849,46.786800,46.786800,-47.859537,-47.859537,-21.354761,-21.354761
2.632000,526.400000,21.001400,21.001400,46.786800,46.786800,-47.967256,-47.967256,-21.114292,-21.114292
2.634000,526.800000,20.830166,20.830166,46.786800,46.786800,-48.055304,-48.055304,-20.913255,-20.913255
2.636000,527.200000,20.663225,20.663225,46.786800,46.786800,-48.158915,-48.158915,-20.671236,-20.671236
2.638000,527.600000,20.500651,20.500651,46.786800,46.786800,-48.260311,-48.260311,-20.428373,-20.428373
2.640000,528.000000,20.342516,20.342516,46.786800,46.786800,-48.359509,-48.359509,-20.184667,-20.184667
2.642000,528.400000,20.188893,20.188893,46.786800,46.786800,-48.440508,-48.440508,-19.980934,-19.980934
2.644000,528.800000,20.039851,20.039851,46.786800,46.786800,-48.535722,-48.535722,-19.735683,-19.735683
2.646000,529.200000,19.895458,19.895458,46.786800,46.786800,-48.628785,-48.628785,-19.489591,-19.489591
2.648000,529.600000,19.755783,19.755783,46.786800,46.786800,-48.704708,-48.704708,-19.283871,-19.283871
2.650000,530.000000,19.620890,19.620890,46.786800,46.786800,-48.793872,-48.793872,-19.036238,-19.036238
2.652000,530.400000,19.490843,19.490843,46.786800,46.786800,-48.880933,-48.880933,-18.787765,-18.787765
2.654000,530.800000,19.365704,19.365704,46.786800,46.786800,-48.965905,-48.965905,-18.538453,-18.538453
2.656000,531.200000,19.245534,19.245534,46.786800,46.786800,-49.035130,-49.035130,-18.330053,-18.330053
2.658000,531.600000,19.130392,19.130392,46.786800,46.786800,-49.116314,-49.116314,-18.079205,-18.079205
2.660000,532.000000,19.020335,19.020335,46.786800,46.786800,-49.195452,-49.195452,-17.827520,-17.827520
2.662000,532.400000,18.915418,18.915418,46.786800,46.786800,-49.272559,-49.272559,-17.574998,-17.574998
2.664000,532.800000,18.815694,18.815694,46.786800,46.786800,-49.335275,-49.335275,-17.363925,-17.363925
2.666000,533.200000,18.721215,18.721215,46.786800,46.786800,-49.408698,-49.408698,-17.109872,-17.109872
2.668000,533.600000,18.632031,18.632031,46.786800,46.786800,-49.480131,-49.480131,-16.854984,-16.854984
2.670000,534.000000,18.548190,18.548190,46.786800,46.786800,-49.538149,-49.538149,-16.641940,-16.641940
2.672000,534.400000,18.469738,18.469738,46.786800,46.786800,-49.605971,-49.605971,-16.385524,-16.385524
2.674000,534.800000,18.396718,18.396718,46.786800,46.786800,-49.671842,-49.671842,-16.128274,-16.128274
2.676000,535.200000,18.329174,18.329174,46.786800,46.786800,-49.735777,-49.735777,-15.870192,-15.870192
2.678000,535.600000,18.267144,18.267144,46.786800,46.786800,-49.787585,-49.787585,-15.654488,-15.654488
2.680000,536.000000,18.210667,18.210667,46.786800,46.786800,-49.848002,-49.848002,-15.394880,-15.394880
2.682000,536.400000,18.159779,18.159779,46.786800,46.786800,-49.906519,-49.906519,-15.134442,-15.134442
2.684000,536.800000,18.114514,18.114514,46.786800,46.786800,-49.963148,-49.963148,-14.873174,-14.873174
2.686000,537.200000,18.074903,18.074903,46.786800,46.786800,-50.008907,-50.008907,-14.654816,-14.654816
2.688000,537.600000,18.040977,18.040977,46.786800,46.786800,-50.062108,-50.062108,-14.392026,-14.392026
2.690000,538.000000,18.012762,18.012762,46.786800,46.786800,-50.113458,-50.113458,-14.128407,-14.128407
2.692000,538.400000,17.990284,17.990284,46.786800,46.786800,-50.154843,-50.154843,-13.908092,-13.908092
2.694000,538.800000,17.973565,17.973565,46.786800,46.786800,-50.202827,-50.202827,-13.642955,-13.642955
2.696000,539.200000,17.962627,17.962627,46.786800,46.786800,-50.248993,-50.248993,-13.376989,-13.376989
2.698000,539.600000,17.957487,17.957487,46.786800,46.786800,-50.293352,-50.293352,-13.110197,-13.110197
2.700000,540.000000,17.958163,17.958163,46.786800,46.786800,-50.328945,-50.328945,-12.887238,-12.887238
2.702000,540.400000,17.964667,17.964667,46.786800,46.786800,-50.370020,-50.370020,-12.618930,-12.618930
2.704000,540.800000,17.977012,17.977012,46.786800,46.786800,-50.409320,-50.409320,-12.349796,-12.349796
2.706000,541.200000,17.995205,17.995205,46.786800,46.786800,-50.446856,-50.446856,-12.079836,-12.079836
2.708000,541.600000,18.019251,18.019251,46.786800,46.786800,-50.476797,-50.476797,-11.854239,-11.854239
2.710000,542.000000,18.049150,18.049150,46.786800,46.786800,-50.511127,-50.511127,-11.582767,-11.582767
2.712000,542.400000,18.084902,18.084902,46.786800,46.786800,-50.543723,-50.543723,-11.310470,-11.310470
2.714000,542.800000,18.126499,18.126499,46.786800,46.786800,-50.569569,-50.569569,-11.082927,-11.082927
2.716000,543.200000,18.173933,18.173933,46.786800,46.786800,-50.599014,-50.599014,-10.809119,-10.809119
2.718000,543.600000,18.227190,18.227190,46.786800,46.786800,-50.626754,-50.626754,-10.534488,-10.534488
2.720000,544.000000,18.286255,18.286255,46.786800,46.786800,-50.652799,-50.652799,-10.259034,-10.259034
2.722000,544.400000,18.351108,18.351108,46.786800,46.786800,-50.673217,-50.673217,-10.028860,-10.028860
2.724000,544.800000,18.421726,18.421726,46.786800,46.786800,-50.696181,-50.696181,-9.751898,-9.751898
2.726000,545.200000,18.498082,18.498082,46.786800,46.786800,-50.717480,-50.717480,-9.474113,-9.474113
2.728000,545.600000,18.580147,18.580147,46.786800,46.786800,-50.737121,-50.737121,-9.195507,-9.195507
2.730000,546.000000,18.667885,18.667885,46.786800,46.786800,-50.752229,-50.752229,-8.962707,-8.962707
2.732000,546.400000,18.761262,18.761262,46.786800,46.786800,-50.768857,-50.768857,-8.682594,-8.682594
2.734000,546.800000,18.860235,18.860235,46.786800,46.786800,-50.783854,-50.783854,-8.401661,-8.401661
2.736000,547.200000,18.964762,18.964762,46.786800,46.786800,-50.795113,-50.795113,-8.166922,-8.166922
2.738000,547.600000,19.074794,19.074794,46.786800,46.786800,-50.807144,-50.807144,-7.884484,-7.884484
2.740000,548.000000,19.190281,19.190281,46.786800,46.786800,-50.817571,-50.817571,-7.601226,-7.601226
2.742000,548.400000,19.311169,19.311169,46.786800,46.786800,-50.826401,-50.826401,-7.317147,-7.317147
2.744000,548.800000,19.437399,19.437399,46.786800,46.786800,-50.832546,-50.832546,-7.079789,-7.079789
2.746000,549.200000,19.568911,19.568911,46.786800,46.786800,-50.838473,-50.838473,-6.794207,-6.794207
2.748000,549.600000,19.705640,19.705640,46.786800,46.786800,-50.842827,-50.842827,-6.507806,-6.507806
2.750000,550.000000,19.847517,19.847517,46.786800,46.786800,-50.845619,-50.845619,-6.220586,-6.220586
2.752000,550.400000,19.994471,19.994471,46.786800,46.786800,-50.846756,-50.846756,-5.980611,-5.980611
2.754000,550.800000,20.146427,20.146427,46.786800,46.786800,-50.846703,-50.846703,-5.691889,-5.691889
2.756000,551.200000,20.303306,20.303306,46.786800,46.786800,-50.845109,-50.845109,-5.402349,-5.402349
2.758000,551.600000,20.465026,20.465026,46.786800,46.786800,-50.842610,-50.842610,-5.160441,-5.160441
2.760000,552.000000,20.631502,20.631502,46.786800,46.786800,-50.838214,-50.838214,-4.869400,-4.869400
2.762000,552.400000,20.802644,20.802644,46.786800,46.786800,-50.832300,-50.832300,-4.577541,-4.577541
2.764000,552.800000,20.978360,20.978360,46.786800,46.786800,-50.824876,-50.824876,-4.284864,-4.284864
2.766000,553.200000,21.158555,21.158555,46.786800,46.786800,-50.817541,-50.817541,-4.040342,-4.040342
2.768000,553.600000,21.343128,21.343128,46.786800,46.786800,-50.807369,-50.807369,-3.746166,-3.746166
2.770000,554.000000,21.531977,21.531977,46.786800,46.786800,-50.795708,-50.795708,-3.451172,-3.451172
2.772000,554.400000,21.724996,21.724996,46.786800,46.786800,-50.782566,-50.782566,-3.155361,-3.155361
2.774000,554.800000,21.922075,21.922075,46.786800,46.786800,-50.770489,-50.770489,-2.908227,-2.908227
2.776000,555.200000,22.123100,22.123100,46.786800,46.786800,-50.754651,-50.754651,-2.610917,-2.610917
2.778000,555.600000,22.327956,22.327956,46.786800,46.786800,-50.737352,-50.737352,-2.312789,-2.312789
2.780000,556.000000,22.536521,22.536521,46.786800,46.786800,-50.721826,-50.721826,-2.063726,-2.063726
2.782000,556.400000,22.748672,22.748672,46.786800,46.786800,-50.701869,-50.701869,-1.764100,-1.764100
2.784000,556.800000,22.964282,22.964282,46.786800,46.786800,-50.680470,-50.680470,-1.463657,-1.463657
2.786000,557.200000,23.183221,23.183221,46.786800,46.786800,-50.657638,-50.657638,-1.162398,-1.162398
2.788000,557.600000,23.405354,23.405354,46.786800,46.786800,-50.637521,-50.637521,-0.910724,-0.910724
2.790000,558.000000,23.630545,23.630545,46.786800,46.786800,-50.612078,-50.612078,-0.607966,-0.607966
2.792000,558.400000,23.858651,23.858651,46.786800,46.786800,-50.585221,-50.585221,-0.304392,-0.304392
2.794000,558.800000,24.089529,24.089529,46.786800,46.786800,-50.556955,-50.556955,0.000000,0.000000
2.796000,559.200000,24.323030,24.323030,46.786800,46.786800,-50.532329,-50.532329,0.254000,0.254000
2.798000,559.600000,24.559004,24.559004,46.786800,46.786800,-50.501498,-50.501498,0.558800,0.558800
2.800000,560.000000,24.797296,24.797296,46.786800,46.786800,-50.469277,-50.469277,0.863600,0.863600
2.802000,560.400000,25.037746,25.037746,46.786800,46.786800,-50.441370,-50.441370,1.117600,1.117600
2.804000,560.800000,25.280195,25.280195,46.786800,46.786800,-50.406617,-50.406617,1.422400,1.422400
2.806000,561.200000,25.524476,25.524476,46.786800,46.786800,-50.370492,-50.370492,1.727200,1.727200
2.808000,561.600000,25.770420,25.770420,46.786800,46.786800,-50.333001,-50.333001,2.032000,2.032000
2.810000,562.000000,26.017856,26.017856,46.786800,46.786800,-50.300719,-50.300719,2.286000,2.286000
2.812000,562.400000,26.266609,26.266609,46.786800,46.786800,-50.260739,-50.260739,2.590800,2.590800
2.814000,562.800000,26.516498,26.516498,46.786800,46.786800,-50.219410,-50.219410,2.895600,2.895600
2.816000,563.200000,26.767341,26.767341,46.786800,46.786800,-50.183942,-50.183942,3.149600,3.149600
2.818000,563.600000,27.018954,27.018954,46.786800,46.786800,-50.140154,-50.140154,3.454400,3.454400
2.820000,564.000000,27.271148,27.271148,46.786800,46.786800,-50.095033,-50.095033,3.759200,3.759200
2.822000,564.400000,27.523752,27.523752,46.786800,46.786800,-50.048585,-50.048585,4.064000,4.064000
2.824000,564.800000,27.776606,27.776606,46.786800,46.786800,-50.008869,-50.008869,4.318000,4.318000
2.826000,565.200000,28.029562,28.029562,46.786800,46.786800,-49.960002,-49.960002,4.622800,4.622800
2.828000,565.600000,28.282480,28.282480,46.786800,46.786800,-49.909824,-49.909824,4.927600,4.927600
2.830000,566.000000,28.535224,28.535224,46.786800,46.786800,-49.858339,-49.858339,5.232400,5.232400
2.832000,566.400000,28.787669,28.787669,46.786800,46.786800,-49.814442,-49.814442,5.486400,5.486400
2.834000,566.800000,29.039694,29.039694,46.786800,46.786800,-49.760577,-49.760577,5.791200,5.791200
2.836000,567.200000,29.291186,29.291186,46.786800,46.786800,-49.705422,-49.705422,6.096000,6.096000
2.838000,567.600000,29.542034,29.542034,46.786800,46.786800,-49.658476,-49.658476,6.350000,6.350000
2.840000,568.000000,29.792138,29.792138,46.786800,46.786800,-49.600967,-49.600967,6.654800,6.654800
2.842000,568.400000,30.041399,30.041399,46.786800,46.786800,-49.542182,-49.542182,6.959600,6.959600
2.844000,568.800000,30.289724,30.289724,46.786800,46.786800,-49.482126,-49.482126,7.264400,7.264400
2.846000,569.200000,30.537026,30.537026,46.786800,46.786800,-49.431112,-49.431112,7.518400,7.518400
2.848000,569.600000,30.783224,30.783224,46.786800,46.786800,-49.368738,-49.368738,7.823200,7.823200
2.850000,570.000000,31.028240,31.028240,46.786800,46.786800,-49.305107,-49.305107,8.128000,8.128000
2.852000,570.400000,31.272001,31.272001,46.786800,46.786800,-49.240224,-49.240224,8.432800,8.432800
2.854000,570.800000,31.514440,31.514440,46.786800,46.786800,-49.185201,-49.185201,8.686800,8.686800
2.856000,571.200000,31.755493,31.755493,46.786800,46.786800,-49.118035,-49.118035,8.991600,8.991600
2.858000,571.600000,31.995102,31.995102,46.786800,46.786800,-49.049629,-49.049629,9.296400,9.296400
2.860000,572.000000,32.233214,32.233214,46.786800,46.786800,-48.991682,-48.991682,9.550400,9.550400
2.862000,572.400000,32.469780,32.469780,46.786800,46.786800,-48.921018,-48.921018,9.855200,9.855200
2.864000,572.800000,32.704756,32.704756,46.786800,46.786800,-48.849128,-48.849128,10.160000,10.160000
2.866000,573.200000,32.938103,32.938103,46.786800,46.786800,-48.776018,-48.776018,10.464800,10.464800
2.868000,573.600000,33.169786,33.169786,46.786800,46.786800,-48.714163,-48.714163,10.718800,10.718800
2.870000,574.000000,33.399776,33.399776,46.786800,46.786800,-48.638825,-48.638825,11.023600,11.023600
2.872000,574.400000,33.628049,33.628049,46.786800,46.786800,-48.562279,-48.562279,11.328400,11.328400
2.874000,574.800000,33.854582,33.854582,46.786800,46.786800,-48.484529,-48.484529,11.633200,11.633200
2.876000,575.200000,34.079358,34.079358,46.786800,46.786800,-48.418821,-48.418821,11.887200,11.887200
2.878000,575.600000,34.302355,34.302355,46.786800,46.786800,-48.338875,-48.338875,12.192000,12.192000
2.880000,576.000000,34.523557,34.523557,46.786800,46.786800,-48.257737,-48.257737,12.496800,12.496800
2.882000,576.400000,34.742943,34.742943,46.786800,46.786800,-48.189214,-48.189214,12.750800,12.750800
2.884000,576.800000,34.960496,34.960496,46.786800,46.786800,-48.105902,-48.105902,13.055600,13.055600
2.886000,577.200000,35.176199,35.176199,46.786800,46.786800,-48.021410,-48.021410,13.360400,13.360400
2.888000,577.600000,35.390034,35.390034,46.786800,46.786800,-47.935742,-47.935742,13.665200,13.665200
2.890000,578.000000,35.601984,35.601984,46.786800,46.786800,-47.863457,-47.863457,13.919200,13.919200
2.892000,578.400000,35.812033,35.812033,46.786800,46.786800,-47.775643,-47.775643,14.224000,14.224000
2.894000,578.800000,36.020165,36.020165,46.786800,46.786800,-47.686665,-47.686665,14.528800,14.528800
2.896000,579.200000,36.226365,36.226365,46.786800,46.786800,-47.596526,-47.596526,14.833600,14.833600
2.898000,579.600000,36.430618,36.430618,46.786800,46.786800,-47.520527,-47.520527,15.087600,15.087600
2.900000,580.000000,36.632908,36.632908,46.786800,46.786800,-47.428270,-47.428270,15.392400,15.392400
2.902000,580.400000,36.833222,36.833222,46.786800,46.786800,-47.334864,-47.334864,15.697200,15.697200
2.904000,580.800000,37.031547,37.031547,46.786800,46.786800,-47.256150,-47.256150,15.951200,15.951200
2.906000,581.200000,37.227869,37.227869,46.786800,46.786800,-47.160646,-47.160646,16.256000,16.256000
2.908000,581.600000,37.422176,37.422176,46.786800,46.786800,-47.064003,-47.064003,16.560800,16.560800
2.910000,582.000000,37.614455,37.614455,46.786800,46.786800,-46.966224,-46.966224,16.865600,16.865600
2.912000,582.400000,37.804695,37.804695,46.786800,46.786800,-46.883878,-46.883878,17.119600,17.119600
2.914000,582.800000,37.992884,37.992884,46.786800,46.786800,-46.784027,-46.784027,17.424400,17.424400
2.916000,583.200000,38.179012,38.179012,46.786800,46.786800,-46.683051,-46.683051,17.729200,17.729200
2.918000,583.600000,38.363069,38.363069,46.786800,46.786800,-46.580954,-46.580954,18.034000,18.034000
2.920000,584.000000,38.545045,38.545045,46.786800,46.786800,-46.495019,-46.495019,18.288000,18.288000
2.922000,584.400000,38.724931,38.724931,46.786800,46.786800,-46.390875,-46.390875,18.592800,18.592800
2.924000,584.800000,38.902718,38.902718,46.786800,46.786800,-46.285619,-46.285619,18.897600,18.897600
2.926000,585.200000,39.078398,39.078398,46.786800,46.786800,-46.197059,-46.197059,19.151600,19.151600
2.928000,585.600000,39.251965,39.251965,46.786800,46.786800,-46.089774,-46.089774,19.456400,19.456400
2.930000,586.000000,39.423409,39.423409,46.786800,46.786800,-45.981387,-45.981387,19.761200,19.761200
2.932000,586.400000,39.592726,39.592726,46.786800,46.786800,-45.871901,-45.871901,20.066000,20.066000
2.934000,586.800000,39.759909,39.759909,46.786800,46.786800,-45.779826,-45.779826,20.320000,20.320000
2.936000,587.200000,39.924952,39.924952,46.786800,46.786800,-45.668334,-45.668334,20.624800,20.624800
2.938000,587.600000,40.087851,40.087851,46.786800,46.786800,-45.555753,-45.555753,20.929600,20.929600
2.940000,588.000000,40.248601,40.248601,46.786800,46.786800,-45.442086,-45.442086,21.234400,21.234400
2.942000,588.400000,40.407199,40.407199,46.786800,46.786800,-45.346535,-45.346535,21.488400,21.488400
2.944000,588.800000,40.563640,40.563640,46.786800,46.786800,-45.230885,-45.230885,21.793200,21.793200
2.946000,589.200000,40.717923,40.717923,46.786800,46.786800,-45.114157,-45.114157,22.098000,22.098000
2.948000,589.600000,40.870046,40.870046,46.786800,46.786800,-45.016063,-45.016063,22.352000,22.352000
2.950000,590.000000,41.020006,41.020006,46.786800,46.786800,-44.897368,-44.897368,22.656800,22.656800
2.952000,590.400000,41.167802,41.167802,46.786800,46.786800,-44.777605,-44.777605,22.961600,22.961600
2.954000,590.800000,41.313433,41.313433,46.786800,46.786800,-44.656775,-44.656775,23.266400,23.266400
2.956000,591.200000,41.456901,41.456901,46.786800,46.786800,-44.555273,-44.555273,23.520400,23.520400
2.958000,591.600000,41.598204,41.598204,46.786800,46.786800,-44.432498,-44.432498,23.825200,23.825200
2.960000,592.000000,41.737345,41.737345,46.786800,46.786800,-44.308665,-44.308665,24.130000,24.130000
2.962000,592.400000,41.874324,41.874324,46.786800,46.786800,-44.183779,-44.183779,24.434800,24.434800
2.964000,592.800000,42.009145,42.009145,46.786800,46.786800,-44.078903,-44.078903,24.688800,24.688800
2.966000,593.200000,42.141809,42.141809,46.786800,46.786800,-43.952091,-43.952091,24.993600,24.993600
2.968000,593.600000,42.272320,42.272320,46.786800,46.786800,-43.824233,-43.824233,25.298400,25.298400
2.970000,594.000000,42.400682,42.400682,46.786800,46.786800,-43.716887,-43.716887,25.552400,25.552400
2.972000,594.400000,42.526898,42.526898,46.786800,46.786800,-43.587118,-43.587118,25.857200,25.857200
2.974000,594.800000,42.650975,42.650975,46.786800,46.786800,-43.456310,-43.456310,26.162000,26.162000
2.976000,595.200000,42.772916,42.772916,46.786800,46.786800,-43.324467,-43.324467,26.466800,26.466800
2.978000,595.600000,42.892729,42.892729,46.786800,46.786800,-43.213808,-43.213808,26.720800,26.720800
2.980000,596.000000,43.010418,43.010418,46.786800,46.786800,-43.080073,-43.080073,27.025600,27.025600
2.982000,596.400000,43.125993,43.125993,46.786800,46.786800,-42.945310,-42.945310,27.330400,27.330400
2.984000,596.800000,43.239459,43.239459,46.786800,46.786800,-42.809522,-42.809522,27.635200,27.635200
2.986000,597.200000,43.350825,43.350825,46.786800,46.786800,-42.695583,-42.695583,27.889200,27.889200
2.988000,597.600000,43.460099,43.460099,46.786800,46.786800,-42.557921,-42.557921,28.194000,28.194000
2.990000,598.000000,43.567292,43.567292,46.786800,46.786800,-42.419241,-42.419241,28.498800,28.498800
2.992000,598.400000,43.672411,43.672411,46.786800,46.786800,-42.302899,-42.302899,28.752800,28.752800
2.994000,598.800000,43.775467,43.775467,46.786800,46.786800,-42.162359,-42.162359,29.057600,29.057600
2.996000,599.200000,43.876472,43.876472,46.786800,46.786800,-42.020808,-42.020808,29.362400,29.362400
2.998000,599.600000,43.975435,43.975435,46.786800,46.786800,-41.878249,-41.878249,29.667200,29.667200
3.000000,600.000000,44.072368,44.072368,46.786800,46.786800,-41.758681,-41.758681,29.921200,29.921200
3.002000,600.400000,44.167284,44.167284,46.786800,46.786800,-41.614279,-41.614279,30.226000,30.226000
3.004000,600.800000,44.260195,44.260195,46.786800,46.786800,-41.468875,-41.468875,30.530800,30.530800
3.006000,601.200000,44.351115,44.351115,46.786800,46.786800,-41.322472,-41.322472,30.835600,30.835600
3.008000,601.600000,44.440055,44.440055,46.786800,46.786800,-41.199708,-41.199708,31.089600,31.089600
3.010000,602.000000,44.527032,44.527032,46.786800,46.786800,-41.051479,-41.051479,31.394400,31.394400
3.012000,602.400000,44.612059,44.612059,46.786800,46.786800,-40.902257,-40.902257,31.699200,31.699200
3.014000,602.800000,44.695151,44.695151,46.786800,46.786800,-40.777149,-40.777149,31.953200,31.953200
3.016000,603.200000,44.776323,44.776323,46.786800,46.786800,-40.626113,-40.626113,32.258000,32.258000
3.018000,603.600000,44.855592,44.855592,46.786800,46.786800,-40.474092,-40.474092,32.562800,32.562800
3.020000,604.000000,44.932973,44.932973,46.786800,46.786800,-40.321086,-40.321086,32.867600,32.867600
3.022000,604.400000,45.008484,45.008484,46.786800,46.786800,-40.192831,-40.192831,33.121600,33.121600
3.024000,604.800000,45.082140,45.082140,46.786800,46.786800,-40.038027,-40.038027,33.426400,33.426400
3.026000,605.200000,45.153961,45.153961,46.786800,46.786800,-39.882245,-39.882245,33.731200,33.731200
3.028000,605.600000,45.223964,45.223964,46.786800,46.786800,-39.725488,-39.725488,34.036000,34.036000
3.030000,606.000000,45.292168,45.292168,46.786800,46.786800,-39.594113,-39.594113,34.290000,34.290000
3.032000,606.400000,45.358590,45.358590,46.786800,46.786800,-39.435573,-39.435573,34.594800,34.594800
3.034000,606.800000,45.423251,45.423251,46.786800,46.786800,-39.276063,-39.276063,34.899600,34.899600
3.036000,607.200000,45.486171,45.486171,46.786800,46.786800,-39.142398,-39.142398,35.153600,35.153600
3.038000,607.600000,45.547367,45.547367,46.786800,46.786800,-38.981116,-38.981116,35.458400,35.458400
3.040000,608.000000,45.606863,45.606863,46.786800,46.786800,-38.818870,-38.818870,35.763200,35.763200
3.042000,608.400000,45.664677,45.664677,46.786800,46.786800,-38.655662,-38.655662,36.068000,36.068000
3.044000,608.800000,45.720831,45.720831,46.786800,46.786800,-38.518923,-38.518923,36.322000,36.322000
3.046000,609.200000,45.775346,45.775346,46.786800,46.786800,-38.353957,-38.353957,36.626800,36.626800
3.048000,609.600000,45.828244,45.828244,46.786800,46.786800,-38.188035,-38.188035,36.931600,36.931600
3.050000,610.000000,45.879547,45.879547,46.786800,46.786800,-38.049038,-38.049038,37.185600,37.185600
3.052000,610.400000,45.929278,45.929278,46.786800,46.786800,-37.881368,-37.881368,37.490400,37.490400
3.054000,610.800000,45.977459,45.977459,46.786800,46.786800,-37.712747,-37.712747,37.795200,37.795200
3.056000,611.200000,46.024112,46.024112,46.786800,46.786800,-37.543178,-37.543178,38.100000,38.100000
3.058000,611.600000,46.069262,46.069262,46.786800,46.786800,-37.401147,-37.401147,38.354000,38.354000
3.060000,612.000000,46.112932,46.112932,46.786800,46.786800,-37.229844,-37.229844,38.658800,38.658800
3.062000,612.400000,46.155145,46.155145,46.786800,46.786800,-37.057596,-37.057596,38.963600,38.963600
3.064000,612.800000,46.195926,46.195926,46.786800,46.786800,-36.884408,-36.884408,39.268400,39.268400
3.066000,613.200000,46.235298,46.235298,46.786800,46.786800,-36.739366,-36.739366,39.522400,39.522400
3.068000,613.600000,46.273287,46.273287,46.786800,46.786800,-36.564455,-36.564455,39.827200,39.827200
3.070000,614.000000,46.309917,46.309917,46.786800,46.786800,-36.388608,-36.388608,40.132000,40.132000
3.072000,614.400000,46.345213,46.345213,46.786800,46.786800,-36.241355,-36.241355,40.386000,40.386000
3.074000,614.800000,46.379200,46.379200,46.786800,46.786800,-36.063795,-36.063795,40.690800,40.690800
3.076000,615.200000,46.411903,46.411903,46.786800,46.786800,-35.885304,-35.885304,40.995600,40.995600
3.078000,615.600000,46.443348,46.443348,46.786800,46.786800,-35.705883,-35.705883,41.300400,41.300400
3.080000,616.000000,46.473561,46.473561,46.786800,46.786800,-35.555657,-35.555657,41.554400,41.554400
3.082000,616.400000,46.502566,46.502566,46.786800,46.786800,-35.374535,-35.374535,41.859200,41.859200
3.084000,616.800000,46.530391,46.530391,46.786800,46.786800,-35.192489,-35.192489,42.164000,42.164000
3.086000,617.200000,46.557060,46.557060,46.786800,46.786800,-35.009519,-35.009519,42.468800,42.468800
3.088000,617.600000,46.582601,46.582601,46.786800,46.786800,-34.856340,-34.856340,42.722800,42.722800
3.090000,618.000000,46.607039,46.607039,46.786800,46.786800,-34.671681,-34.671681,43.027600,43.027600
3.092000,618.400000,46.630401,46.630401,46.786800,46.786800,-34.486103,-34.486103,43.332400,43.332400
3.094000,618.800000,46.652713,46.652713,46.786800,46.786800,-34.330754,-34.330754,43.586400,43.586400
3.096000,619.200000,46.674001,46.674001,46.786800,46.786800,-34.143496,-34.143496,43.891200,43.891200
3.098000,619.600000,46.694292,46.694292,46.786800,46.786800,-33.955323,-33.955323,44.196000,44.196000
3.100000,620.000000,46.713613,46.713613,46.786800,46.786800,-33.766238,-33.766238,44.500800,44.500800
3.102000,620.400000,46.731989,46.731989,46.786800,46.786800,-33.607970,-33.607970,44.754800,44.754800
3.104000,620.800000,46.749447,46.749447,46.786800,46.786800,-33.417215,-33.417215,45.059600,45.059600
3.106000,621.200000,46.766014,46.766014,46.786800,46.786800,-33.225551,-33.225551,45.364400,45.364400
3.108000,621.600000,46.781715,46.781715,46.786800,46.786800,-33.032980,-33.032980,45.669200,45.669200
3.110000,622.000000,46.796578,46.796578,46.786800,46.786800,-32.871813,-32.871813,45.923200,45.923200
3.112000,622.400000,46.810629,46.810629,46.786800,46.786800,-32.677582,-32.677582,46.228000,46.228000
3.114000,622.800000,46.823893,46.823893,46.786800,46.786800,-32.482449,-32.482449,46.532800,46.532800
3.116000,623.200000,46.836397,46.836397,46.786800,46.786800,-32.319149,-32.319149,46.786800,46.786800
3.118000,623.600000,46.848167,46.848167,46.786800,46.786800,-32.122364,-32.122364,46.612132,46.612132
3.120000,624.000000,46.859228,46.859228,46.786800,46.786800,-31.924680,-31.924680,41.015957,41.015957
3.122000,624.400000,46.869606,46.869606,46.786797,46.786797,-31.726099,-31.726099,36.919782,36.919782
3.124000,624.800000,46.879327,46.879327,46.786769,46.786769,-31.559929,-31.559929,34.081374,34.081374
3.126000,625.200000,46.888415,46.888415,46.786683,46.786683,-31.359706,-31.359706,31.113615,31.113615
3.128000,625.600000,46.896896,46.896896,46.786491,46.786491,-31.158588,-31.158588,28.485500,28.485500
3.130000,626.000000,46.904796,46.904796,46.786139,46.786139,-30.956578,-30.956578,26.110447,26.110447
3.132000,626.400000,46.912137,46.912137,46.785563,46.785563,-30.787556,-30.787556,24.284307,24.284307
3.134000,626.800000,46.918945,46.918945,46.784691,46.784691,-30.583913,-30.583913,22.243287,22.243287
3.136000,627.200000,46.925244,46.925244,46.783449,46.783449,-30.379382,-30.379382,20.339887,20.339887
3.138000,627.600000,46.931058,46.931058,46.781753,46.781753,-30.208261,-30.208261,18.843489,18.843489
3.140000,628.000000,46.936409,46.936409,46.779518,46.779518,-30.002104,-30.002104,17.141269,17.141269
3.142000,628.400000,46.941322,46.941322,46.776653,46.776653,-29.795061,-29.795061,15.528656,15.528656
3.144000,628.800000,46.945818,46.945818,46.773065,46.773065,-29.587135,-29.587135,13.995068,13.995068
3.146000,629.200000,46.949921,46.949921,46.768656,46.768656,-29.413189,-29.413189,12.771166,12.771166
3.148000,629.600000,46.953652,46.953652,46.763326,46.763326,-29.203645,-29.203645,11.361106,11.361106
3.150000,630.000000,46.957033,46.957033,46.756972,46.756972,-28.993221,-28.993221,10.009204,10.009204
3.152000,630.400000,46.960085,46.960085,46.749490,46.749490,-28.781917,-28.781917,8.710219,8.710219
3.154000,630.800000,46.962828,46.962828,46.740774,46.740774,-28.605160,-28.605160,7.664896,7.664896
3.156000,631.200000,46.965283,46.965283,46.730714,46.730714,-28.392248,-28.392248,6.451708,6.451708
3.158000,631.600000,46.967471,46.967471,46.719201,46.719201,-28.178459,-28.178459,5.280218,5.280218
3.160000,632.000000,46.969409,46.969409,46.706124,46.706124,-27.999634,-27.999634,4.333630,4.333630
3.162000,632.400000,46.971116,46.971116,46.691373,46.691373,-27.784243,-27.784243,3.230967,3.230967
3.164000,632.800000,46.972611,46.972611,46.674834,46.674834,-27.567978,-27.567978,2.162292,2.162292
3.166000,633.200000,46.973912,46.973912,46.656396,46.656396,-27.350842,-27.350842,1.125442,1.125442
3.168000,633.600000,46.975034,46.975034,46.635945,46.635945,-27.169231,-27.169231,0.284309,0.284309
3.170000,634.000000,46.975995,46.975995,46.613367,46.613367,-26.950499,-26.950499,-0.699088,-0.699088
3.172000,634.400000,46.976810,46.976810,46.588549,46.588549,-26.730899,-26.730899,-1.655669,-1.655669
3.174000,634.800000,46.977494,46.977494,46.561379,46.561379,-26.510432,-26.510432,-2.586891,-2.586891
3.176000,635.200000,46.978062,46.978062,46.531744,46.531744,-26.326047,-26.326047,-3.344500,-3.344500
3.178000,635.600000,46.978527,46.978527,46.499536,46.499536,-26.103992,-26.103992,-4.232595,-4.232595
3.180000,636.000000,46.978902,46.978902,46.464652,46.464652,-25.881071,-25.881071,-5.098804,-5.098804
3.182000,636.400000,46.979199,46.979199,46.426993,46.426993,-25.694645,-25.694645,-5.804677,-5.804677
3.184000,636.800000,46.979429,46.979429,46.386464,46.386464,-25.470142,-25.470142,-6.633394,-6.633394
3.186000,637.200000,46.979604,46.979604,46.342977,46.342977,-25.244778,-25.244778,-7.442957,-7.442957
3.188000,637.600000,46.979732,46.979732,46.296446,46.296446,-25.018552,-25.018552,-8.234195,-8.234195
3.190000,638.000000,46.979823,46.979823,46.246790,46.246790,-24.829374,-24.829374,-8.880116,-8.880116
3.192000,638.400000,46.979884,46.979884,46.193934,46.193934,-24.601573,-24.601573,-9.639712,-9.639712
3.194000,638.800000,46.979923,46.979923,46.137805,46.137805,-24.372913,-24.372913,-10.383024,-10.383024
3.196000,639.200000,46.979945,46.979945,46.078336,46.078336,-24.143397,-24.143397,-11.110680,-11.110680
3.198000,639.600000,46.979957,46.979957,46.015464,46.015464,-23.951478,-23.951478,-11.705527,-11.705527
3.200000,640.000000,46.979962,46.979962,45.949128,45.949128,-23.720392,-23.720392,-12.405983,-12.405983
3.202000,640.400000,46.979963,46.979963,45.879274,45.879274,-23.488452,-23.488452,-13.092357,-13.092357
3.204000,640.800000,46.979964,46.979964,45.805851,45.805851,-23.294516,-23.294516,-13.653934,-13.653934
3.206000,641.200000,46.979964,46.979964,45.728810,45.728810,-23.061010,-23.061010,-14.315747,-14.315747
3.208000,641.600000,46.979964,46.979964,45.648110,45.648110,-22.826652,-22.826652,-14.964796,-14.964796
3.210000,642.000000,46.979964,46.979964,45.563710,45.563710,-22.591443,-22.591443,-15.601498,-15.601498
3.212000,642.400000,46.979964,46.979964,45.475574,45.475574,-22.394786,-22.394786,-16.122935,-16.122935
3.214000,642.800000,46.979964,46.979964,45.383671,45.383671,-22.158018,-22.158018,-16.738005,-16.738005
3.216000,643.200000,46.979964,46.979964,45.287972,45.287972,-21.920401,-21.920401,-17.341785,-17.341785
3.218000,643.600000,46.979964,46.979964,45.188453,45.188453,-21.681936,-21.681936,-17.934613,-17.934613
3.220000,644.000000,46.979964,46.979964,45.085092,45.085092,-21.482568,-21.482568,-18.420501,-18.420501
3.222000,644.400000,46.979964,46.979964,44.977873,44.977873,-21.242550,-21.242550,-18.994069,-18.994069
3.224000,644.800000,46.979964,46.979964,44.866780,44.866780,-21.001686,-21.001686,-19.557549,-19.557549
3.226000,645.200000,46.979964,46.979964,44.751804,44.751804,-20.800320,-20.800320,-20.019610,-20.019610
3.228000,645.600000,46.979964,46.979964,44.632936,44.632936,-20.557907,-20.557907,-20.565308,-20.565308
3.230000,646.000000,46.979964,46.979964,44.510173,44.510173,-20.314650,-20.314650,-21.101671,-21.101671
3.232000,646.400000,46.979964,46.979964,44.383514,44.383514,-20.070549,-20.070549,-21.628941,-21.628941
3.234000,646.800000,46.979964,46.979964,44.252961,44.252961,-19.866489,-19.866489,-22.061555,-22.061555
3.236000,647.200000,46.979964,46.979964,44.118520,44.118520,-19.620845,-19.620845,-22.572750,-22.572750
3.238000,647.600000,46.979964,46.979964,43.980198,43.980198,-19.374359,-19.374359,-23.075484,-23.075484
3.240000,648.000000,46.979964,46.979964,43.838009,43.838009,-19.127034,-19.127034,-23.569960,-23.569960
3.242000,648.400000,46.979964,46.979964,43.691967,43.691967,-18.920287,-18.920287,-23.975858,-23.975858
3.244000,648.800000,46.979964,46.979964,43.542088,43.542088,-18.671423,-18.671423,-24.455699,-24.455699
3.246000,649.200000,46.979964,46.979964,43.388393,43.388393,-18.421719,-18.421719,-24.927818,-24.927818
3.248000,649.600000,46.979964,46.979964,43.230906,43.230906,-18.212993,-18.212993,-25.315477,-25.315477
3.250000,650.000000,46.979964,46.979964,43.069652,43.069652,-17.961754,-17.961754,-25.773885,-25.773885
3.252000,650.400000,46.979964,46.979964,42.904659,42.904659,-17.709678,-17.709678,-26.225048,-26.225048
3.254000,650.800000,46.979964,46.979964,42.735960,42.735960,-17.456766,-17.456766,-26.669120,-26.669120
3.256000,651.200000,46.979964,46.979964,42.563587,42.563587,-17.245368,-17.245368,-27.033873,-27.033873
3.258000,651.600000,46.979964,46.979964,42.387578,42.387578,-16.990925,-16.990925,-27.465333,-27.465333
3.260000,652.000000,46.979964,46.979964,42.207971,42.207971,-16.735647,-16.735647,-27.890114,-27.890114
3.262000,652.400000,46.979964,46.979964,42.024808,42.024808,-16.479536,-16.479536,-28.308351,-28.308351
3.264000,652.800000,46.979964,46.979964,41.838132,41.838132,-16.265473,-16.265473,-28.651978,-28.651978
3.266000,653.200000,46.979964,46.979964,41.647989,41.647989,-16.007834,-16.007834,-29.058553,-29.058553
3.268000,653.600000,46.979964,46.979964,41.454428,41.454428,-15.749364,-15.749364,-29.458942,-29.458942
3.270000,654.000000,46.979964,46.979964,41.257499,41.257499,-15.533336,-15.533336,-29.787960,-29.787960
3.272000,654.400000,46.979964,46.979964,41.057255,41.057255,-15.273340,-15.273340,-30.177311,-30.177311
3.274000,654.800000,46.979964,46.979964,40.853751,40.853751,-15.012514,-15.012514,-30.560801,-30.560801
3.276000,655.200000,46.979964,46.979964,40.647044,40.647044,-14.750858,-14.750858,-30.938536,-30.938536
3.278000,655.600000,46.979964,46.979964,40.437193,40.437193,-14.532177,-14.532177,-31.248994,-31.248994
3.280000,656.000000,46.979964,46.979964,40.224259,40.224259,-14.269000,-14.269000,-31.616446,-31.616446
3.282000,656.400000,46.979964,46.979964,40.008305,40.008305,-14.004994,-14.004994,-31.978429,-31.978429
3.284000,656.800000,46.979964,46.979964,39.789396,39.789396,-13.740160,-13.740160,-32.335038,-32.335038
3.286000,657.200000,46.979964,46.979964,39.567599,39.567599,-13.518833,-13.518833,-32.628173,-32.628173
3.288000,657.600000,46.979964,46.979964,39.342982,39.342982,-13.252481,-13.252481,-32.975165,-32.975165
3.290000,658.000000,46.979964,46.979964,39.115615,39.115615,-12.985302,-12.985302,-33.317037,-33.317037
3.292000,658.400000,46.979964,46.979964,38.885570,38.885570,-12.762022,-12.762022,-33.598078,-33.598078
3.294000,658.800000,46.979964,46.979964,38.652921,38.652921,-12.493328,-12.493328,-33.930778,-33.930778
3.296000,659.200000,46.979964,46.979964,38.417743,38.417743,-12.223808,-12.223808,-34.258589,-34.258589
3.298000,659.600000,46.979964,46.979964,38.180112,38.180112,-11.953463,-11.953463,-34.581589,-34.581589
3.300000,660.000000,46.979964,46.979964,37.940108,37.940108,-11.727545,-11.727545,-34.847135,-34.847135
3.302000,660.400000,46.979964,46.979964,37.697809,37.697809,-11.455687,-11.455687,-35.161509,-35.161509
3.304000,660.800000,46.979964,46.979964,37.453297,37.453297,-11.183005,-11.183005,-35.471279,-35.471279
3.306000,661.200000,46.979964,46.979964,37.206654,37.206654,-10.955141,-10.955141,-35.725955,-35.725955
3.308000,661.600000,46.979964,46.979964,36.957964,36.957964,-10.680949,-10.680949,-36.027465,-36.027465
3.310000,662.000000,46.979964,46.979964,36.707312,36.707312,-10.405933,-10.405933,-36.324564,-36.324564
3.312000,662.400000,46.979964,46.979964,36.454785,36.454785,-10.130095,-10.130095,-36.617317,-36.617317
3.314000,662.800000,46.979964,46.979964,36.200468,36.200468,-9.899601,-9.899601,-36.858002,-36.858002
3.316000,663.200000,46.979964,46.979964,35.944452,35.944452,-9.622255,-9.622255,-37.142947,-37.142947
3.318000,663.600000,46.979964,46.979964,35.686826,35.686826,-9.344086,-9.344086,-37.423719,-37.423719
3.320000,664.000000,46.979964,46.979964,35.427680,35.427680,-9.065096,-9.065096,-37.700376,-37.700376
3.322000,664.400000,46.979964,46.979964,35.167106,35.167106,-8.831976,-8.831976,-37.927821,-37.927821
3.324000,664.800000,46.979964,46.979964,34.905197,34.905197,-8.551480,-8.551480,-38.197079,-38.197079
3.326000,665.200000,46.979964,46.979964,34.642046,34.642046,-8.270163,-8.270163,-38.462380,-38.462380
3.328000,665.600000,46.979964,46.979964,34.377748,34.377748,-8.035106,-8.035106,-38.680478,-38.680478
3.330000,666.000000,46.979964,46.979964,34.112397,34.112397,-7.752284,-7.752284,-38.938658,-38.938658
3.332000,666.400000,46.979964,46.979964,33.846089,33.846089,-7.468643,-7.468643,-39.193026,-39.193026
3.334000,666.800000,46.979964,46.979964,33.578922,33.578922,-7.184181,-7.184181,-39.443632,-39.443632
3.336000,667.200000,46.979964,46.979964,33.310992,33.310992,-6.946504,-6.946504,-39.649631,-39.649631
3.338000,667.600000,46.979964,46.979964,33.042398,33.042398,-6.660539,-6.660539,-39.893462,-39.893462
3.340000,668.000000,46.979964,46.979964,32.773237,32.773237,-6.373756,-6.373756,-40.133665,-40.133665
3.342000,668.400000,46.979964,46.979964,32.503610,32.503610,-6.086153,-6.086153,-40.370283,-40.370283
3.344000,668.800000,46.979964,46.979964,32.233616,32.233616,-5.845859,-5.845859,-40.564759,-40.564759
3.346000,669.200000,46.979964,46.979964,31.963354,31.963354,-5.556755,-5.556755,-40.794920,-40.794920
3.348000,669.600000,46.979964,46.979964,31.692926,31.692926,-5.266833,-5.266833,-41.021619,-41.021619
3.350000,670.000000,46.979964,46.979964,31.422432,31.422432,-5.024605,-5.024605,-41.207919,-41.207919
3.352000,670.400000,46.979964,46.979964,31.151973,31.151973,-4.733183,-4.733183,-41.428377,-41.428377
3.354000,670.800000,46.979964,46.979964,30.881651,30.881651,-4.440942,-4.440942,-41.645487,-41.645487
3.356000,671.200000,46.979964,46.979964,30.611568,30.611568,-4.147883,-4.147883,-41.859288,-41.859288
3.358000,671.600000,46.979964,46.979964,30.341825,30.341825,-3.903043,-3.903043,-42.034955,-42.034955
3.360000,672.000000,46.979964,46.979964,30.072524,30.072524,-3.608484,-3.608484,-42.242787,-42.242787
3.362000,672.400000,46.979964,46.979964,29.803769,29.803769,-3.313109,-3.313109,-42.447416,-42.447416
3.364000,672.800000,46.979964,46.979964,29.535661,29.535661,-3.016915,-3.016915,-42.648876,-42.648876
3.366000,673.200000,46.979964,46.979964,29.268302,29.268302,-2.769463,-2.769463,-42.814365,-42.814365
3.368000,673.600000,46.979964,46.979964,29.001796,29.001796,-2.471771,-2.471771,-43.010107,-43.010107
3.370000,674.000000,46.979964,46.979964,28.736244,28.736244,-2.173262,-2.173262,-43.202778,-43.202778
3.372000,674.400000,46.979964,46.979964,28.471748,28.471748,-1.923880,-1.923880,-43.361015,-43.361015
3.374000,674.800000,46.979964,46.979964,28.208411,28.208411,-1.623873,-1.623873,-43.548141,-43.548141
3.376000,675.200000,46.979964,46.979964,27.946335,27.946335,-1.323049,-1.323049,-43.732287,-43.732287
3.378000,675.600000,46.979964,46.979964,27.685621,27.685621,-1.021408,-1.021408,-43.913485,-43.913485
3.380000,676.000000,46.979964,46.979964,27.426372,27.426372,-0.769416,-0.769416,-44.062253,-44.062253
3.382000,676.400000,46.979964,46.979964,27.168687,27.168687,-0.466276,-0.466276,-44.238124,-44.238124
3.384000,676.800000,46.979964,46.979964,26.912669,26.912669,-0.162320,-0.162320,-44.411131,-44.411131
3.386000,677.200000,46.979964,46.979964,26.658418,26.658418,0.142364,0.142364,-44.581303,-44.581303
3.388000,677.600000,46.979964,46.979964,26.406034,26.406034,0.396364,0.396364,-44.720968,-44.720968
3.390000,678.000000,46.979964,46.979964,26.155617,26.155617,0.701164,0.701164,-44.886016,-44.886016
3.392000,678.400000,46.979964,46.979964,25.907266,25.907266,1.005964,1.005964,-45.048307,-45.048307
3.394000,678.800000,46.979964,46.979964,25.661080,25.661080,1.259964,1.259964,-45.181464,-45.181464
3.396000,679.200000,46.979964,46.979964,25.417157,25.417157,1.564764,1.564764,-45.338772,-45.338772
3.398000,679.600000,46.979964,46.979964,25.175595,25.175595,1.869564,1.869564,-45.493398,-45.493398
3.400000,680.000000,46.979964,46.979964,24.936491,24.936491,2.174364,2.174364,-45.645367,-45.645367
3.402000,680.400000,46.979964,46.979964,24.699942,24.699942,2.428364,2.428364,-45.769997,-45.769997
3.404000,680.800000,46.979964,46.979964,24.466042,24.466042,2.733164,2.733164,-45.917162,-45.917162
3.406000,681.200000,46.979964,46.979964,24.234888,24.234888,3.037964,3.037964,-46.061739,-46.061739
3.408000,681.600000,46.979964,46.979964,24.006573,24.006573,3.342764,3.342764,-46.203753,-46.203753
3.410000,682.000000,46.979964,46.979964,23.781191,23.781191,3.596764,3.596764,-46.320157,-46.320157
3.412000,682.400000,46.979964,46.979964,23.558835,23.558835,3.901564,3.901564,-46.457532,-46.457532
3.414000,682.800000,46.979964,46.979964,23.339595,23.339595,4.206364,4.206364,-46.592409,-46.592409
3.416000,683.200000,46.979964,46.979964,23.123563,23.123563,4.460364,4.460364,-46.702913,-46.702913
3.418000,683.600000,46.979964,46.979964,22.910828,22.910828,4.765164,4.765164,-46.833267,-46.833267
3.420000,684.000000,46.979964,46.979964,22.701480,22.701480,5.069964,5.069964,-46.961184,-46.961184
3.422000,684.400000,46.979964,46.979964,22.495606,22.495606,5.374764,5.374764,-47.086685,-47.086685
3.424000,684.800000,46.979964,46.979964,22.293294,22.293294,5.628764,5.628764,-47.189439,-47.189439
3.426000,685.200000,46.979964,46.979964,22.094628,22.094628,5.933564,5.933564,-47.310565,-47.310565
3.428000,685.600000,46.979964,46.979964,21.899693,21.899693,6.238364,6.238364,-47.429334,-47.429334
3.430000,686.000000,46.979964,46.979964,21.708573,21.708573,6.543164,6.543164,-47.545764,-47.545764
3.432000,686.400000,46.979964,46.979964,21.521350,21.521350,6.797164,6.797164,-47.641017,-47.641017
3.434000,686.800000,46.979964,46.979964,21.338105,21.338105,7.101964,7.101964,-47.753211,-47.753211
3.436000,687.200000,46.979964,46.979964,21.158918,21.158918,7.406764,7.406764,-47.863120,-47.863120
3.438000,687.600000,46.979964,46.979964,20.983867,20.983867,7.660764,7.660764,-47.952980,-47.952980
3.440000,688.000000,46.979964,46.979964,20.813029,20.813029,7.965564,7.965564,-48.058751,-48.058751
3.442000,688.400000,46.979964,46.979964,20.646481,20.646481,8.270364,8.270364,-48.162289,-48.162289
3.444000,688.800000,46.979964,46.979964,20.484295,20.484295,8.575164,8.575164,-48.263612,-48.263612
3.446000,689.200000,46.979964,46.979964,20.326546,20.326546,8.829164,8.829164,-48.346369,-48.346369
3.448000,689.600000,46.979964,46.979964,20.173305,20.173305,9.133964,9.133964,-48.443678,-48.443678
3.450000,690.000000,46.979964,46.979964,20.024642,20.024642,9.438764,9.438764,-48.538820,-48.538820
3.452000,690.400000,46.979964,46.979964,19.880626,19.880626,9.743564,9.743564,-48.631813,-48.631813
3.454000,690.800000,46.979964,46.979964,19.741322,19.741322,9.997564,9.997564,-48.707677,-48.707677
3.456000,691.200000,46.979964,46.979964,19.606798,19.606798,10.302364,10.302364,-48.796772,-48.796772
3.458000,691.600000,46.979964,46.979964,19.477116,19.477116,10.607164,10.607164,-48.883764,-48.883764
3.460000,692.000000,46.979964,46.979964,19.352338,19.352338,10.861164,10.861164,-48.954661,-48.954661
3.462000,692.400000,46.979964,46.979964,19.232526,19.232526,11.165964,11.165964,-49.037836,-49.037836
3.464000,692.800000,46.979964,46.979964,19.117737,19.117737,11.470764,11.470764,-49.118952,-49.118952
3.466000,693.200000,46.979964,46.979964,19.008029,19.008029,11.775564,11.775564,-49.198023,-49.198023
3.468000,693.600000,46.979964,46.979964,18.903457,18.903457,12.029564,12.029564,-49.262364,-49.262364
3.470000,694.000000,46.979964,46.979964,18.804074,18.804074,12.334364,12.334364,-49.337725,-49.337725
3.472000,694.400000,46.979964,46.979964,18.709931,18.709931,12.639164,12.639164,-49.411082,-49.411082
3.474000,694.800000,46.979964,46.979964,18.621080,18.621080,12.943964,12.943964,-49.482450,-49.482450
3.476000,695.200000,46.979964,46.979964,18.537567,18.537567,13.197964,13.197964,-49.540414,-49.540414
3.478000,695.600000,46.979964,46.979964,18.459438,18.459438,13.502764,13.502764,-49.608171,-49.608171
3.480000,696.000000,46.979964,46.979964,18.386738,18.386738,13.807564,13.807564,-49.673978,-49.673978
3.482000,696.400000,46.979964,46.979964,18.319508,18.319508,14.061564,14.061564,-49.727338,-49.727338
3.484000,696.800000,46.979964,46.979964,18.257788,18.257788,14.366364,14.366364,-49.789605,-49.789605
3.486000,697.200000,46.979964,46.979964,18.201616,18.201616,14.671164,14.671164,-49.849959,-49.849959
3.488000,697.600000,46.979964,46.979964,18.151029,18.151029,14.975964,14.975964,-49.908413,-49.908413
3.490000,698.000000,46.979964,46.979964,18.106059,18.106059,15.229964,15.229964,-49.955684,-49.955684
3.492000,698.400000,46.979964,46.979964,18.066740,18.066740,15.534764,15.534764,-50.010688,-50.010688
3.494000,698.800000,46.979964,46.979964,18.033099,18.033099,15.839564,15.839564,-50.063829,-50.063829
3.496000,699.200000,46.979964,46.979964,18.005165,18.005165,16.144364,16.144364,-50.115117,-50.115117
3.498000,699.600000,46.979964,46.979964,17.982963,17.982963,16.398364,16.398364,-50.156452,-50.156452
3.500000,700.000000,46.979964,46.979964,17.966515,17.966515,16.703164,16.703164,-50.204376,-50.204376
3.502000,700.400000,46.979964,46.979964,17.955843,17.955843,17.007964,17.007964,-50.250482,-50.250482
3.504000,700.800000,46.979964,46.979964,17.950965,17.950965,17.261964,17.261964,-50.287523,-50.287523
3.506000,701.200000,46.979964,46.979964,17.951896,17.951896,17.566764,17.566764,-50.330326,-50.330326
3.508000,701.600000,46.979964,46.979964,17.958651,17.958651,17.871564,17.871564,-50.371343,-50.371343
3.510000,702.000000,46.979964,46.979964,17.971241,17.971241,18.176364,18.176364,-50.410584,-50.410584
3.512000,702.400000,46.979964,46.979964,17.989674,17.989674,18.430364,18.430364,-50.441938,-50.441938
3.514000,702.800000,46.979964,46.979964,18.013954,18.013954,18.735164,18.735164,-50.477955,-50.477955
3.516000,703.200000,46.979964,46.979964,18.044082,18.044082,19.039964,19.039964,-50.512227,-50.512227
3.518000,703.600000,46.979964,46.979964,18.080056,18.080056,19.344764,19.344764,-50.544767,-50.544767
3.520000,704.000000,46.979964,46.979964,18.121870,18.121870,19.598764,19.598764,-50.570566,-50.570566
3.522000,704.400000,46.979964,46.979964,18.169514,18.169514,19.903564,19.903564,-50.599954,-50.599954
3.524000,704.800000,46.979964,46.979964,18.222975,18.222975,20.208364,20.208364,-50.627638,-50.627638
3.526000,705.200000,46.979964,46.979964,18.282237,18.282237,20.462364,20.462364,-50.649414,-50.649414
3.528000,705.600000,46.979964,46.979964,18.347281,18.347281,20.767164,20.767164,-50.674000,-50.674000
3.530000,706.000000,46.979964,46.979964,18.418083,18.418083,21.071964,21.071964,-50.696909,-50.696909
3.532000,706.400000,46.979964,46.979964,18.494616,18.494616,21.376764,21.376764,-50.718153,-50.718153
3.534000,706.800000,46.979964,46.979964,18.576850,18.576850,21.630764,21.630764,-50.734590,-50.734590
3.536000,707.200000,46.979964,46.979964,18.664751,18.664751,21.935564,21.935564,-50.752803,-50.752803
3.538000,707.600000,46.979964,46.979964,18.758283,18.758283,22.240364,22.240364,-50.769377,-50.769377
3.540000,708.000000,46.979964,46.979964,18.857405,18.857405,22.545164,22.545164,-50.784320,-50.784320
3.542000,708.400000,46.979964,46.979964,18.962072,18.962072,22.799164,22.799164,-50.795535,-50.795535
3.544000,708.800000,46.979964,46.979964,19.072238,19.072238,23.103964,23.103964,-50.807513,-50.807513
3.546000,709.200000,46.979964,46.979964,19.187851,19.187851,23.408764,23.408764,-50.817887,-50.817887
3.548000,709.600000,46.979964,46.979964,19.308857,19.308857,23.662764,23.662764,-50.825312,-50.825312
3.550000,710.000000,46.979964,46.979964,19.435198,19.435198,23.967564,23.967564,-50.832767,-50.832767
3.552000,710.400000,46.979964,46.979964,19.566813,19.566813,24.272364,24.272364,-50.838641,-50.838641
3.554000,710.800000,46.979964,46.979964,19.703637,19.703637,24.577164,24.577164,-50.842944,-50.842944
3.556000,711.200000,46.979964,46.979964,19.845602,19.845602,24.831164,24.831164,-50.845336,-50.845336
3.558000,711.600000,46.979964,46.979964,19.992635,19.992635,25.135964,25.135964,-50.846779,-50.846779
3.560000,712.000000,46.979964,46.979964,20.144663,20.144663,25.440764,25.440764,-50.846675,-50.846675
3.562000,712.400000,46.979964,46.979964,20.301606,20.301606,25.694764,25.694764,-50.845411,-50.845411
3.564000,712.800000,46.979964,46.979964,20.463382,20.463382,25.999564,25.999564,-50.842490,-50.842490
3.566000,713.200000,46.979964,46.979964,20.629906,20.629906,26.304364,26.304364,-50.838043,-50.838043
3.568000,713.600000,46.979964,46.979964,20.801089,20.801089,26.609164,26.609164,-50.832079,-50.832079
3.570000,714.000000,46.979964,46.979964,20.976837,20.976837,26.863164,26.863164,-50.825956,-50.825956
3.572000,714.400000,46.979964,46.979964,21.157057,21.157057,27.167964,27.167964,-50.817230,-50.817230
3.574000,714.800000,46.979964,46.979964,21.341647,21.341647,27.472764,27.472764,-50.807009,-50.807009
3.576000,715.200000,46.979964,46.979964,21.530505,21.530505,27.777564,27.777564,-50.795299,-50.795299
3.578000,715.600000,46.979964,46.979964,21.723526,21.723526,28.031564,28.031564,-50.784409,-50.784409
3.580000,716.000000,46.979964,46.979964,21.920598,21.920598,28.336364,28.336364,-50.769991,-50.769991
3.582000,716.400000,46.979964,46.979964,22.121610,22.121610,28.641164,28.641164,-50.754104,-50.754104
3.584000,716.800000,46.979964,46.979964,22.326444,22.326444,28.895164,28.895164,-50.739750,-50.739750
3.586000,717.200000,46.979964,46.979964,22.534980,22.534980,29.199964,29.199964,-50.721192,-50.721192
3.588000,717.600000,46.979964,46.979964,22.747094,22.747094,29.504764,29.504764,-50.701187,-50.701187
3.590000,718.000000,46.979964,46.979964,22.962661,22.962661,29.809564,29.809564,-50.679741,-50.679741
3.592000,718.400000,46.979964,46.979964,23.181548,23.181548,30.063564,30.063564,-50.660775,-50.660775
3.594000,718.800000,46.979964,46.979964,23.403623,23.403623,30.368364,30.368364,-50.636706,-50.636706
3.596000,719.200000,46.979964,46.979964,23.628748,23.628748,30.673164,30.673164,-50.611216,-50.611216
3.598000,719.600000,46.979964,46.979964,23.856782,23.856782,30.977964,30.977964,-50.584312,-50.584312
3.600000,720.000000,46.979964,46.979964,24.087580,24.087580,31.231964,31.231964,-50.560816,-50.560816
3.602000,720.400000,46.979964,46.979964,24.320995,24.320995,31.536764,31.536764,-50.531336,-50.531336
3.604000,720.800000,46.979964,46.979964,24.556877,24.556877,31.841564,31.841564,-50.500459,-50.500459
3.606000,721.200000,46.979964,46.979964,24.795069,24.795069,32.095564,32.095564,-50.473667,-50.473667
3.608000,721.600000,46.979964,46.979964,25.035414,25.035414,32.400364,32.400364,-50.440247,-50.440247
3.610000,722.000000,46.979964,46.979964,25.277750,25.277750,32.705164,32.705164,-50.405449,-50.405449
3.612000,722.400000,46.979964,46.979964,25.521913,25.521913,33.009964,33.009964,-50.369279,-50.369279
3.614000,722.800000,46.979964,46.979964,25.767733,25.767733,33.263964,33.263964,-50.338094,-50.338094
3.616000,723.200000,46.979964,46.979964,26.015040,26.015040,33.568764,33.568764,-50.299424,-50.299424
3.618000,723.600000,46.979964,46.979964,26.263657,26.263657,33.873564,33.873564,-50.259400,-50.259400
3.620000,724.000000,46.979964,46.979964,26.513405,26.513405,34.178364,34.178364,-50.218026,-50.218026
3.622000,724.400000,46.979964,46.979964,26.764103,26.764103,34.432364,34.432364,-50.182522,-50.182522
3.624000,724.800000,46.979964,46.979964,27.015564,27.015564,34.737164,34.737164,-50.138690,-50.138690
3.626000,725.200000,46.979964,46.979964,27.267603,27.267603,35.041964,35.041964,-50.093525,-50.093525
3.628000,725.600000,46.979964,46.979964,27.520048,27.520048,35.295964,35.295964,-50.054874,-50.054874
3.630000,726.000000,46.979964,46.979964,27.772740,27.772740,35.600764,35.600764,-50.007281,-50.007281
3.632000,726.400000,46.979964,46.979964,28.025530,28.025530,35.905564,35.905564,-49.958371,-49.958371
3.634000,726.800000,46.979964,46.979964,28.278276,28.278276,36.210364,36.210364,-49.908149,-49.908149
3.636000,727.200000,46.979964,46.979964,28.530846,28.530846,36.464364,36.464364,-49.865300,-49.865300
3.638000,727.600000,46.979964,46.979964,28.783112,28.783112,36.769164,36.769164,-49.812689,-49.812689
3.640000,728.000000,46.979964,46.979964,29.034956,29.034956,37.073964,37.073964,-49.758782,-49.758782
3.642000,728.400000,46.979964,46.979964,29.286262,29.286262,37.378764,37.378764,-49.703584,-49.703584
3.644000,728.800000,46.979964,46.979964,29.536922,29.536922,37.632764,37.632764,-49.656603,-49.656603
3.646000,729.200000,46.979964,46.979964,29.786834,29.786834,37.937564,37.937564,-49.599052,-49.599052
3.648000,729.600000,46.979964,46.979964,30.035899,30.035899,38.242364,38.242364,-49.540225,-49.540225
3.650000,730.000000,46.979964,46.979964,30.284025,30.284025,38.496364,38.496364,-49.490231,-49.490231
3.652000,730.400000,46.979964,46.979964,30.531126,30.531126,38.801164,38.801164,-49.429078,-49.429078
3.654000,730.800000,46.979964,46.979964,30.777118,30.777118,39.105964,39.105964,-49.366663,-49.366663
3.656000,731.200000,46.979964,46.979964,31.021925,31.021925,39.410764,39.410764,-49.302990,-49.302990
3.658000,731.600000,46.979964,46.979964,31.265473,31.265473,39.664764,39.664764,-49.248973,-49.248973
3.660000,732.000000,46.979964,46.979964,31.507696,31.507696,39.969564,39.969564,-49.183009,-49.183009
3.662000,732.400000,46.979964,46.979964,31.748531,31.748531,40.274364,40.274364,-49.115802,-49.115802
3.664000,732.800000,46.979964,46.979964,31.987918,31.987918,40.579164,40.579164,-49.047356,-49.047356
3.666000,733.200000,46.979964,46.979964,32.225806,32.225806,40.833164,40.833164,-48.989375,-48.989375
3.668000,733.600000,46.979964,46.979964,32.462145,32.462145,41.137964,41.137964,-48.918670,-48.918670
3.670000,734.000000,46.979964,46.979964,32.696891,32.696891,41.442764,41.442764,-48.846741,-48.846741
3.672000,734.400000,46.979964,46.979964,32.930005,32.930005,41.696764,41.696764,-48.785866,-48.785866
3.674000,734.800000,46.979964,46.979964,33.161453,33.161453,42.001564,42.001564,-48.711701,-48.711701
3.676000,735.200000,46.979964,46.979964,33.391205,33.391205,42.306364,42.306364,-48.636324,-48.636324
3.678000,735.600000,46.979964,46.979964,33.619236,33.619236,42.611164,42.611164,-48.559738,-48.559738
3.680000,736.000000,46.979964,46.979964,33.845526,33.845526,42.865164,42.865164,-48.494997,-48.494997
3.682000,736.400000,46.979964,46.979964,34.070055,34.070055,43.169964,43.169964,-48.416208,-48.416208
3.684000,736.800000,46.979964,46.979964,34.292803,34.292803,43.474764,43.474764,-48.336222,-48.336222
3.686000,737.200000,46.979964,46.979964,34.513753,34.513753,43.779564,43.779564,-48.255045,-48.255045
3.688000,737.600000,46.979964,46.979964,34.732885,34.732885,44.033564,44.033564,-48.186490,-48.186490
3.690000,738.000000,46.979964,46.979964,34.950182,34.950182,44.338364,44.338364,-48.103139,-48.103139
3.692000,738.400000,46.979964,46.979964,35.165625,35.165625,44.643164,44.643164,-48.018608,-48.018608
3.694000,738.800000,46.979964,46.979964,35.379199,35.379199,44.897164,44.897164,-47.947267,-47.947267
3.696000,739.200000,46.979964,46.979964,35.590885,35.590885,45.201964,45.201964,-47.860584,-47.860584
3.698000,739.600000,46.979964,46.979964,35.800669,35.800669,45.506764,45.506764,-47.772732,-47.772732
3.700000,740.000000,46.979964,46.979964,36.008533,36.008533,45.811564,45.811564,-47.683715,-47.683715
3.702000,740.400000,46.979964,46.979964,36.214462,36.214462,46.065564,46.065564,-47.608648,-47.608648
3.704000,740.800000,46.979964,46.979964,36.418442,36.418442,46.370364,46.370364,-47.517507,-47.517507
3.706000,741.200000,46.979964,46.979964,36.620459,36.620459,46.675164,46.675164,-47.425213,-47.425213
3.708000,741.600000,46.979964,46.979964,36.820497,36.820497,46.979964,46.979964,-47.331769,-47.331769
3.710000,742.000000,46.979964,46.979964,37.018544,37.018544,43.711362,43.711362,-47.253024,-47.253024
3.712000,742.400000,46.979962,46.979962,37.214586,37.214586,38.982899,38.982899,-47.157482,-47.157482
3.714000,742.800000,46.979946,46.979946,37.408611,37.408611,35.279881,35.279881,-47.060801,-47.060801
3.716000,743.200000,46.979887,46.979887,37.600607,37.600607,32.645459,32.645459,-46.979367,-46.979367
3.718000,743.600000,46.979743,46.979743,37.790562,37.790562,29.850082,29.850082,-46.880608,-46.880608
3.720000,744.000000,46.979463,46.979463,37.978465,37.978465,27.348552,27.348552,-46.780720,-46.780720
3.722000,744.400000,46.978987,46.978987,38.164305,38.164305,25.071584,25.071584,-46.679707,-46.679707
3.724000,744.800000,46.978247,46.978247,38.348073,38.348073,23.312279,23.312279,-46.594673,-46.594673
3.726000,745.200000,46.977168,46.977168,38.529759,38.529759,21.338553,21.338553,-46.491608,-46.491608
3.728000,745.600000,46.975671,46.975671,38.709353,38.709353,19.491873,19.491873,-46.387427,-46.387427
3.730000,746.000000,46.973672,46.973672,38.886847,38.886847,17.753693,17.753693,-46.282134,-46.282134
3.732000,746.400000,46.971081,46.971081,39.062234,39.062234,16.377606,16.377606,-46.193544,-46.193544
3.734000,746.800000,46.967806,46.967806,39.235505,39.235505,14.803089,14.803089,-46.086222,-46.086222
3.736000,747.200000,46.963749,46.963749,39.406653,39.406653,13.303353,13.303353,-45.977799,-45.977799
3.738000,747.600000,46.958813,46.958813,39.575673,39.575673,12.104960,12.104960,-45.886607,-45.886607
3.740000,748.000000,46.952894,46.952894,39.742558,39.742558,10.722770,10.722770,-45.776172,-45.776172
3.742000,748.400000,46.945889,46.945889,39.907303,39.907303,9.396187,9.396187,-45.664644,-45.664644
3.744000,748.800000,46.937692,46.937692,40.069903,40.069903,8.120340,8.120340,-45.552027,-45.552027
3.746000,749.200000,46.928195,46.928195,40.230354,40.230354,7.092851,7.092851,-45.457350,-45.457350
3.748000,749.600000,46.917288,46.917288,40.388651,40.388651,5.899542,5.899542,-45.342745,-45.342745
3.750000,750.000000,46.904862,46.904862,40.544792,40.544792,4.746466,4.746466,-45.227058,-45.227058
3.752000,750.400000,46.890804,46.890804,40.698774,40.698774,3.630763,3.630763,-45.110295,-45.110295
3.754000,750.800000,46.875002,46.875002,40.850595,40.850595,2.727725,2.727725,-45.012172,-45.012172
3.756000,751.200000,46.857344,46.857344,41.000253,41.000253,1.674170,1.674170,-44.893442,-44.893442
3.758000,751.600000,46.837715,46.837715,41.147747,41.147747,0.651509,0.651509,-44.773643,-44.773643
3.760000,752.000000,46.816002,46.816002,41.293077,41.293077,-0.178444,-0.178444,-44.672997,-44.672997
3.762000,752.400000,46.792093,46.792093,41.436242,41.436242,-1.149126,-1.149126,-44.551247,-44.551247
3.764000,752.800000,46.765872,46.765872,41.577244,41.577244,-2.093689,-2.093689,-44.428437,-44.428437
3.766000,753.200000,46.737228,46.737228,41.716083,41.716083,-3.013530,-3.013530,-44.304570,-44.304570
3.768000,753.600000,46.706049,46.706049,41.852761,41.852761,-3.762098,-3.762098,-44.200542,-44.200542
3.770000,754.000000,46.672231,46.672231,41.987280,41.987280,-4.639836,-4.639836,-44.074744,-44.074744
3.772000,754.400000,46.635671,46.635671,42.119643,42.119643,-5.496183,-5.496183,-43.947898,-43.947898
3.774000,754.800000,46.596273,46.596273,42.249853,42.249853,-6.332136,-6.332136,-43.820005,-43.820005
3.776000,755.200000,46.553946,46.553946,42.377915,42.377915,-7.013851,-7.013851,-43.712630,-43.712630
3.778000,755.600000,46.508601,46.508601,42.503832,42.503832,-7.814755,-7.814755,-43.582827,-43.582827
3.780000,756.000000,46.460156,46.460156,42.627609,42.627609,-8.597699,-8.597699,-43.451985,-43.451985
3.782000,756.400000,46.408531,46.408531,42.749252,42.749252,-9.236971,-9.236971,-43.342159,-43.342159
3.784000,756.800000,46.353653,46.353653,42.868767,42.868767,-9.988880,-9.988880,-43.209421,-43.209421
3.786000,757.200000,46.295452,46.295452,42.986160,42.986160,-10.724804,-10.724804,-43.075652,-43.075652
3.788000,757.600000,46.233862,46.233862,43.101439,43.101439,-11.445352,-11.445352,-42.940855,-42.940855
3.790000,758.000000,46.168822,46.168822,43.214610,43.214610,-12.034476,-12.034476,-42.827741,-42.827741
3.792000,758.400000,46.100273,46.100273,43.325683,43.325683,-12.728292,-12.728292,-42.691066,-42.691066
3.794000,758.800000,46.028163,46.028163,43.434664,43.434664,-13.408259,-13.408259,-42.553371,-42.553371
3.796000,759.200000,45.952443,45.952443,43.541565,43.541565,-14.074854,-14.074854,-42.414658,-42.414658
3.798000,759.600000,45.873066,45.873066,43.646394,43.646394,-14.620462,-14.620462,-42.298287,-42.298287
3.800000,760.000000,45.789993,45.789993,43.749161,43.749161,-15.263694,-15.263694,-42.157714,-42.157714
3.802000,760.400000,45.703184,45.703184,43.849878,43.849878,-15.894765,-15.894765,-42.016130,-42.016130
3.804000,760.800000,45.612605,45.612605,43.948555,43.948555,-16.411644,-16.411644,-41.897373,-41.897373
3.806000,761.200000,45.518228,45.518228,44.045204,44.045204,-17.021398,-17.021398,-41.753942,-41.753942
3.808000,761.600000,45.420025,45.420025,44.139837,44.139837,-17.620022,-17.620022,-41.609507,-41.609507
3.810000,762.000000,45.317973,45.317973,44.232466,44.232466,-18.207845,-18.207845,-41.464070,-41.464070
3.812000,762.400000,45.212053,45.212053,44.323106,44.323106,-18.689672,-18.689672,-41.342109,-41.342109
3.814000,762.800000,45.102249,45.102249,44.411768,44.411768,-19.258493,-19.258493,-41.194843,-41.194843
3.816000,763.200000,44.988549,44.988549,44.498469,44.498469,-19.817357,-19.817357,-41.046581,-41.046581
3.818000,763.600000,44.870943,44.870943,44.583221,44.583221,-20.275668,-20.275668,-40.922271,-40.922271
3.820000,764.000000,44.749427,44.749427,44.666040,44.666040,-20.816975,-20.816975,-40.772191,-40.772191
3.822000,764.400000,44.623998,44.623998,44.746942,44.746942,-21.349061,-21.349061,-40.621123,-40.621123
3.824000,764.800000,44.494656,44.494656,44.825942,44.825942,-21.872165,-21.872165,-40.469069,-40.469069
3.826000,765.200000,44.361405,44.361405,44.903057,44.903057,-22.301386,-22.301386,-40.341606,-40.341606
3.828000,765.600000,44.224253,44.224253,44.978303,44.978303,-22.808604,-22.808604,-40.187749,-40.187749
3.830000,766.000000,44.083209,44.083209,45.051698,45.051698,-23.307456,-23.307456,-40.032913,-40.032913
3.832000,766.400000,43.938287,43.938287,45.123260,45.123260,-23.798143,-23.798143,-39.877099,-39.877099
3.834000,766.800000,43.789503,43.789503,45.193006,45.193006,-24.200951,-24.200951,-39.746509,-39.746509
3.836000,767.200000,43.636876,43.636876,45.260955,45.260955,-24.677163,-24.677163,-39.588908,-39.588908
3.838000,767.600000,43.480428,43.480428,45.327126,45.327126,-25.145735,-25.145735,-39.430336,-39.430336
3.840000,768.000000,43.320182,43.320182,45.391537,45.391537,-25.530499,-25.530499,-39.297451,-39.297451
3.842000,768.400000,43.156168,43.156168,45.454210,45.454210,-25.985503,-25.985503,-39.137103,-39.137103
3.844000,768.800000,42.988414,42.988414,45.515163,45.515163,-26.433335,-26.433335,-38.975789,-38.975789
3.846000,769.200000,42.816953,42.816953,45.574417,45.574417,-26.874148,-26.874148,-38.813511,-38.813511
3.848000,769.600000,42.641822,42.641822,45.631993,45.631993,-27.236236,-27.236236,-38.677545,-38.677545
3.850000,770.000000,42.463056,42.463056,45.687912,45.687912,-27.664559,-27.664559,-38.513506,-38.513506
3.852000,770.400000,42.280697,42.280697,45.742196,45.742196,-28.086267,-28.086267,-38.348509,-38.348509
3.854000,770.800000,42.094788,42.094788,45.794865,45.794865,-28.501493,-28.501493,-38.182555,-38.182555
3.856000,771.200000,41.905373,41.905373,45.845943,45.845943,-28.842655,-28.842655,-38.043532,-38.043532
3.858000,771.600000,41.712499,41.712499,45.895451,45.895451,-29.246326,-29.246326,-37.875831,-37.875831
3.860000,772.000000,41.516218,41.516218,45.943413,45.943413,-29.643867,-29.643867,-37.707179,-37.707179
3.862000,772.400000,41.316579,41.316579,45.989851,45.989851,-29.970552,-29.970552,-37.565911,-37.565911
3.864000,772.800000,41.113638,41.113638,46.034789,46.034789,-30.357152,-30.357152,-37.395522,-37.395522
3.866000,773.200000,40.907451,40.907451,46.078250,46.078250,-30.737940,-30.737940,-37.224187,-37.224187
3.868000,773.600000,40.698075,40.698075,46.120257,46.120257,-31.113023,-31.113023,-37.051909,-37.051909
3.870000,774.000000,40.485572,40.485572,46.160836,46.160836,-31.421308,-31.421308,-36.907624,-36.907624
3.872000,774.400000,40.270002,40.270002,46.200010,46.200010,-31.786193,-31.786193,-36.733621,-36.733621
3.874000,774.800000,40.051431,40.051431,46.237804,46.237804,-32.145655,-32.145655,-36.558680,-36.558680
3.876000,775.200000,39.829925,39.829925,46.274242,46.274242,-32.499785,-32.499785,-36.382802,-36.382802
3.878000,775.600000,39.605551,39.605551,46.309350,46.309350,-32.790886,-32.790886,-36.235523,-36.235523
3.880000,776.000000,39.378379,39.378379,46.343152,46.343152,-33.135476,-33.135476,-36.057933,-36.057933
3.882000,776.400000,39.148480,39.148480,46.375675,46.375675,-33.474985,-33.474985,-35.879411,-35.879411
3.884000,776.800000,38.915927,38.915927,46.406943,46.406943,-33.754087,-33.754087,-35.729933,-35.729933
3.886000,777.200000,38.680796,38.680796,46.436982,46.436982,-34.084493,-34.084493,-35.549708,-35.549708
3.888000,777.600000,38.443161,38.443161,46.465818,46.465818,-34.410048,-34.410048,-35.368556,-35.368556
3.890000,778.000000,38.203101,38.203101,46.493477,46.493477,-34.730826,-34.730826,-35.186479,-35.186479
3.892000,778.400000,37.960695,37.960695,46.519984,46.519984,-34.994548,-34.994548,-35.034043,-35.034043
3.894000,778.800000,37.716024,37.716024,46.545366,46.545366,-35.306762,-35.306762,-34.850274,-34.850274
3.896000,779.200000,37.469170,37.469170,46.569650,46.569650,-35.614406,-35.614406,-34.665585,-34.665585
3.898000,779.600000,37.220217,37.220217,46.592861,46.592861,-35.917549,-35.917549,-34.479977,-34.479977
3.900000,780.000000,36.969248,36.969248,46.615025,46.615025,-36.166777,-36.166777,-34.324603,-34.324603
3.902000,780.400000,36.716350,36.716350,46.636170,46.636170,-36.461838,-36.461838,-34.137315,-34.137315
3.904000,780.800000,36.461610,36.461610,46.656321,46.656321,-36.752582,-36.752582,-33.949112,-33.949112
3.906000,781.200000,36.205116,36.205116,46.675506,46.675506,-36.991615,-36.991615,-33.791579,-33.791579
3.908000,781.600000,35.946958,35.946958,46.693750,46.693750,-37.274604,-37.274604,-33.601704,-33.601704
3.910000,782.000000,35.687226,35.687226,46.711080,46.711080,-37.553447,-37.553447,-33.410918,-33.410918
3.912000,782.400000,35.426012,35.426012,46.727522,46.727522,-37.828201,-37.828201,-33.219225,-33.219225
3.914000,782.800000,35.163407,35.163407,46.743103,46.743103,-38.054080,-38.054080,-33.058787,-33.058787
3.916000,783.200000,34.899507,34.899507,46.757849,46.757849,-38.321483,-38.321483,-32.865431,-32.865431
3.918000,783.600000,34.634404,34.634404,46.771786,46.771786,-38.584953,-38.584953,-32.671171,-32.671171
3.920000,784.000000,34.368194,34.368194,46.784941,46.784941,-38.844542,-38.844542,-32.476008,-32.476008
3.922000,784.400000,34.100972,34.100972,46.797339,46.797339,-39.057938,-39.057938,-32.312684,-32.312684
3.924000,784.800000,33.832837,33.832837,46.809007,46.809007,-39.310543,-39.310543,-32.115869,-32.115869
3.926000,785.200000,33.563883,33.563883,46.819969,46.819969,-39.559407,-39.559407,-31.918156,-31.918156
3.928000,785.600000,33.294211,33.294211,46.830252,46.830252,-39.763972,-39.763972,-31.752709,-31.752709
3.930000,786.000000,33.023918,33.023918,46.839882,46.839882,-40.006103,-40.006103,-31.553351,-31.553351
3.932000,786.400000,32.753103,32.753103,46.848883,46.848883,-40.244626,-40.244626,-31.353097,-31.353097
3.934000,786.800000,32.481867,32.481867,46.857280,46.857280,-40.479586,-40.479586,-31.151951,-31.151951
3.936000,787.200000,32.210309,32.210309,46.865099,46.865099,-40.672694,-40.672694,-30.983646,-30.983646
3.938000,787.600000,31.938530,31.938530,46.872363,46.872363,-40.901233,-40.901233,-30.780865,-30.780865
3.940000,788.000000,31.666631,31.666631,46.879098,46.879098,-41.126329,-41.126329,-30.577193,-30.577193
3.942000,788.400000,31.394714,31.394714,46.885327,46.885327,-41.348023,-41.348023,-30.372632,-30.372632
3.944000,788.800000,31.122881,31.122881,46.891073,46.891073,-41.530197,-41.530197,-30.201487,-30.201487
3.946000,789.200000,30.851232,30.851232,46.896361,46.896361,-41.745757,-41.745757,-29.995301,-29.995301
3.948000,789.600000,30.579871,30.579871,46.901214,46.901214,-41.958026,-41.958026,-29.788229,-29.788229
3.950000,790.000000,30.308900,30.308900,46.905653,46.905653,-42.132429,-42.132429,-29.614994,-29.614994
3.952000,790.400000,30.038421,30.038421,46.909702,46.909702,-42.338760,-42.338760,-29.406303,-29.406303
3.954000,790.800000,29.768537,29.768537,46.913382,46.913382,-42.541905,-42.541905,-29.196730,-29.196730
3.956000,791.200000,29.499351,29.499351,46.916715,46.916715,-42.741897,-42.741897,-28.986277,-28.986277
3.958000,791.600000,29.230966,29.230966,46.919722,46.919722,-42.906175,-42.906175,-28.810228,-28.810228
3.960000,792.000000,28.963484,28.963484,46.922424,46.922424,-43.100479,-43.100479,-28.598164,-28.598164
3.962000,792.400000,28.697008,28.697008,46.924840,46.924840,-43.291727,-43.291727,-28.385222,-28.385222
3.964000,792.800000,28.431640,28.431640,46.926991,46.926991,-43.479952,-43.479952,-28.171405,-28.171405
3.966000,793.200000,28.167484,28.167484,46.928896,46.928896,-43.634520,-43.634520,-27.992556,-27.992556
3.968000,793.600000,27.904641,27.904641,46.930572,46.930572,-43.817285,-43.817285,-27.777135,-27.777135
3.970000,794.000000,27.643213,27.643213,46.932039,46.932039,-43.997116,-43.997116,-27.560842,-27.560842
3.972000,794.400000,27.383302,27.383302,46.933313,46.933313,-44.144755,-44.144755,-27.379932,-27.379932
3.974000,794.800000,27.125009,27.125009,46.934412,46.934412,-44.319285,-44.319285,-27.162042,-27.162042
3.976000,795.200000,26.868436,26.868436,46.935352,46.935352,-44.490965,-44.490965,-26.943282,-26.943282
3.978000,795.600000,26.613684,26.613684,46.936148,46.936148,-44.659822,-44.659822,-26.723654,-26.723654
3.980000,796.000000,26.360853,26.360853,46.936815,46.936815,-44.798402,-44.798402,-26.539967,-26.539967
3.982000,796.400000,26.110042,26.110042,46.937367,46.937367,-44.962159,-44.962159,-26.318749,-26.318749
3.984000,796.800000,25.861352,25.861352,46.937819,46.937819,-45.123172,-45.123172,-26.096665,-26.096665
3.986000,797.200000,25.614880,25.614880,46.938182,46.938182,-45.281469,-45.281469,-25.873717,-25.873717
3.988000,797.600000,25.370726,25.370726,46.938470,46.938470,-45.411325,-45.411325,-25.687266,-25.687266
3.990000,798.000000,25.128987,25.128987,46.938692,46.938692,-45.564707,-45.564707,-25.462735,-25.462735
3.992000,798.400000,24.889761,24.889761,46.938859,46.938859,-45.715445,-45.715445,-25.237342,-25.237342
3.994000,798.800000,24.653143,24.653143,46.938982,46.938982,-45.839057,-45.839057,-25.048857,-25.048857
3.996000,799.200000,24.419229,24.419229,46.939068,46.939068,-45.985010,-45.985010,-24.821887,-24.821887
3.998000,799.600000,24.188115,24.188115,46.939126,46.939126,-46.128387,-46.128387,-24.594057,-24.594057
4.000000,800.000000,23.959894,23.959894,46.939163,46.939163,-46.269212,-46.269212,-24.365370,-24.365370
4.002000,800.400000,23.734660,23.734660,46.939184,46.939184,-46.384633,-46.384633,-24.174142,-24.174142
4.004000,800.800000,23.512505,23.512505,46.939194,46.939194,-46.520839,-46.520839,-23.943883,-23.943883
4.006000,801.200000,23.293520,23.293520,46.939199,46.939199,-46.654556,-46.654556,-23.712769,-23.712769
4.008000,801.600000,23.077797,23.077797,46.939200,46.939200,-46.785807,-46.785807,-23.480800,-23.480800
4.010000,802.000000,22.865426,22.865426,46.939200,46.939200,-46.893315,-46.893315,-23.286840,-23.286840
4.012000,802.400000,22.656494,22.656494,46.939200,46.939200,-47.020101,-47.020101,-23.053307,-23.053307
4.014000,802.800000,22.451089,22.451089,46.939200,46.939200,-47.144481,-47.144481,-22.818921,-22.818921
4.016000,803.200000,22.249299,22.249299,46.939200,46.939200,-47.246309,-47.246309,-22.622949,-22.622949
4.018000,803.600000,22.051207,22.051207,46.939200,46.939200,-47.366331,-47.366331,-22.387003,-22.387003
4.020000,804.000000,21.856900,21.856900,46.939200,46.939200,-47.484005,-47.484005,-22.150208,-22.150208
4.022000,804.400000,21.666459,21.666459,46.939200,46.939200,-47.599349,-47.599349,-21.912563,-21.912563
4.024000,804.800000,21.479967,21.479967,46.939200,46.939200,-47.693705,-47.693705,-21.713878,-21.713878
4.026000,805.200000,21.297504,21.297504,46.939200,46.939200,-47.804830,-47.804830,-21.474678,-21.474678
4.028000,805.600000,21.119150,21.119150,46.939200,46.939200,-47.913679,-47.913679,-21.234632,-21.234632
4.030000,806.000000,20.944983,20.944983,46.939200,46.939200,-48.020271,-48.020271,-20.993740,-20.993740
4.032000,806.400000,20.775080,20.775080,46.939200,46.939200,-48.107387,-48.107387,-20.792351,-20.792351
4.034000,806.800000,20.609515,20.609515,46.939200,46.939200,-48.209889,-48.209889,-20.549910,-20.549910
4.036000,807.200000,20.448364,20.448364,46.939200,46.939200,-48.310184,-48.310184,-20.306625,-20.306625
4.038000,807.600000,20.291698,20.291698,46.939200,46.939200,-48.392090,-48.392090,-20.103244,-20.103244
4.040000,808.000000,20.139588,20.139588,46.939200,46.939200,-48.488385,-48.488385,-19.858414,-19.858414
4.042000,808.400000,19.992104,19.992104,46.939200,46.939200,-48.582521,-48.582521,-19.612742,-19.612742
4.044000,808.800000,19.849314,19.849314,46.939200,46.939200,-48.674516,-48.674516,-19.366229,-19.366229
4.046000,809.200000,19.711284,19.711284,46.939200,46.939200,-48.749554,-48.749554,-19.160159,-19.160159
4.048000,809.600000,19.578079,19.578079,46.939200,46.939200,-48.837664,-48.837664,-18.912106,-18.912106
4.050000,810.000000,19.449762,19.449762,46.939200,46.939200,-48.923679,-48.923679,-18.663214,-18.663214
4.052000,810.400000,19.326395,19.326395,46.939200,46.939200,-49.007612,-49.007612,-18.413483,-18.413483
4.054000,810.800000,19.208038,19.208038,46.939200,46.939200,-49.075979,-49.075979,-18.204734,-18.204734
4.056000,811.200000,19.094748,19.094748,46.939200,46.939200,-49.156137,-49.156137,-17.953467,-17.953467
4.058000,811.600000,18.986581,18.986581,46.939200,46.939200,-49.234258,-49.234258,-17.701364,-17.701364
4.060000,812.000000,18.883594,18.883594,46.939200,46.939200,-49.297813,-49.297813,-17.490639,-17.490639
4.062000,812.400000,18.785837,18.785837,46.939200,46.939200,-49.372236,-49.372236,-17.237003,-17.237003
4.064000,812.800000,18.693362,18.693362,46.939200,46.939200,-49.444663,-49.444663,-16.982532,-16.982532
4.066000,813.200000,18.606217,18.606217,46.939200,46.939200,-49.515106,-49.515106,-16.727227,-16.727227
4.068000,813.600000,18.524451,18.524451,46.939200,46.939200,-49.572305,-49.572305,-16.513836,-16.513836
4.070000,814.000000,18.448107,18.448107,46.939200,46.939200,-49.639150,-49.639150,-16.257003,-16.257003
4.072000,814.400000,18.377230,18.377230,46.939200,46.939200,-49.704051,-49.704051,-15.999337,-15.999337
4.074000,814.800000,18.311860,18.311860,46.939200,46.939200,-49.756660,-49.756660,-15.783979,-15.783979
4.076000,815.200000,18.252036,18.252036,46.939200,46.939200,-49.818032,-49.818032,-15.524788,-15.524788
4.078000,815.600000,18.197795,18.197795,46.939200,46.939200,-49.877497,-49.877497,-15.264765,-15.264765
4.080000,816.000000,18.149173,18.149173,46.939200,46.939200,-49.935069,-49.935069,-15.003912,-15.003912
4.082000,816.400000,18.106202,18.106202,46.939200,46.939200,-49.981608,-49.981608,-14.785900,-14.785900
4.084000,816.800000,18.068913,18.068913,46.939200,46.939200,-50.035740,-50.035740,-14.523525,-14.523525
4.086000,817.200000,18.037334,18.037334,46.939200,46.939200,-50.088014,-50.088014,-14.260320,-14.260320
4.088000,817.600000,18.011492,18.011492,46.939200,46.939200,-50.138442,-50.138442,-13.996287,-13.996287
4.090000,818.000000,17.991411,17.991411,46.939200,46.939200,-50.179063,-50.179063,-13.775627,-13.775627
4.092000,818.400000,17.977113,17.977113,46.939200,46.939200,-50.226137,-50.226137,-13.510075,-13.510075
4.094000,818.800000,17.968618,17.968618,46.939200,46.939200,-50.271397,-50.271397,-13.243697,-13.243697
4.096000,819.200000,17.965941,17.965941,46.939200,46.939200,-50.307738,-50.307738,-13.021082,-13.021082
4.098000,819.600000,17.969100,17.969100,46.939200,46.939200,-50.349705,-50.349705,-12.753187,-12.753187
4.100000,820.000000,17.978105,17.978105,46.939200,46.939200,-50.389892,-50.389892,-12.484466,-12.484466
4.102000,820.400000,17.992967,17.992967,46.939200,46.939200,-50.428308,-50.428308,-12.214919,-12.214919
4.104000,820.800000,18.013692,18.013692,46.939200,46.939200,-50.458978,-50.458978,-11.989666,-11.989666
4.106000,821.200000,18.040280,18.040280,46.939200,46.939200,-50.494179,-50.494179,-11.718606,-11.718606
4.108000,821.600000,18.072733,18.072733,46.939200,46.939200,-50.527641,-50.527641,-11.446722,-11.446722
4.110000,822.000000,18.111044,18.111044,46.939200,46.939200,-50.559374,-50.559374,-11.174013,-11.174013
4.112000,822.400000,18.155206,18.155206,46.939200,46.939200,-50.584505,-50.584505,-10.946126,-10.946126
4.114000,822.800000,18.205208,18.205208,46.939200,46.939200,-50.613096,-50.613096,-10.671906,-10.671906
4.116000,823.200000,18.261034,18.261034,46.939200,46.939200,-50.639988,-50.639988,-10.396864,-10.396864
4.118000,823.600000,18.322666,18.322666,46.939200,46.939200,-50.661106,-50.661106,-10.167033,-10.167033
4.120000,824.000000,18.390082,18.390082,46.939200,46.939200,-50.684908,-50.684908,-9.890482,-9.890482
4.122000,824.400000,18.463257,18.463257,46.939200,46.939200,-50.707038,-50.707038,-9.613108,-9.613108
4.124000,824.800000,18.542162,18.542162,46.939200,46.939200,-50.727507,-50.727507,-9.334913,-9.334913
4.126000,825.200000,18.626764,18.626764,46.939200,46.939200,-50.743301,-50.743301,-9.102455,-9.102455
4.128000,825.600000,18.717029,18.717029,46.939200,46.939200,-50.760748,-50.760748,-8.822753,-8.822753
4.130000,826.000000,18.812917,18.812917,46.939200,46.939200,-50.776559,-50.776559,-8.542230,-8.542230
4.132000,826.400000,18.914384,18.914384,46.939200,46.939200,-50.790744,-50.790744,-8.260886,-8.260886
4.134000,826.800000,19.021386,19.021386,46.939200,46.939200,-50.801330,-50.801330,-8.025806,-8.025806
4.136000,827.200000,19.133872,19.133872,46.939200,46.939200,-50.812557,-50.812557,-7.742958,-7.742958
4.138000,827.600000,19.251789,19.251789,46.939200,46.939200,-50.822185,-50.822185,-7.459289,-7.459289
4.140000,828.000000,19.375081,19.375081,46.939200,46.939200,-50.828991,-50.828991,-7.222272,-7.222272
4.142000,828.400000,19.503688,19.503688,46.939200,46.939200,-50.835707,-50.835707,-6.937100,-6.937100
4.144000,828.800000,19.637547,19.637547,46.939200,46.939200,-50.840846,-50.840846,-6.651109,-6.651109
4.146000,829.200000,19.776590,19.776590,46.939200,46.939200,-50.844418,-50.844418,-6.364299,-6.364299
4.148000,829.600000,19.920747,19.920747,46.939200,46.939200,-50.846203,-50.846203,-6.124664,-6.124664
4.150000,830.000000,20.069944,20.069944,46.939200,46.939200,-50.846923,-50.846923,-5.836352,-5.836352
4.152000,830.400000,20.224104,20.224104,46.939200,46.939200,-50.846098,-50.846098,-5.547222,-5.547222
4.154000,830.800000,20.383146,20.383146,46.939200,46.939200,-50.843737,-50.843737,-5.257272,-5.257272
4.156000,831.200000,20.546987,20.546987,46.939200,46.939200,-50.840602,-50.840602,-5.015023,-5.015023
4.158000,831.600000,20.715537,20.715537,46.939200,46.939200,-50.835446,-50.835446,-4.723573,-4.723573
4.160000,832.000000,20.888707,20.888707,46.939200,46.939200,-50.828776,-50.828776,-4.431305,-4.431305
4.162000,832.400000,21.066401,21.066401,46.939200,46.939200,-50.822067,-50.822067,-4.187124,-4.187124
4.164000,832.800000,21.248521,21.248521,46.939200,46.939200,-50.812642,-50.812642,-3.893356,-3.893356
4.166000,833.200000,21.434966,21.434966,46.939200,46.939200,-50.801724,-50.801724,-3.598771,-3.598771
4.168000,833.600000,21.625631,21.625631,46.939200,46.939200,-50.789322,-50.789322,-3.303369,-3.303369
4.170000,834.000000,21.820407,21.820407,46.939200,46.939200,-50.777858,-50.777858,-3.056575,-3.056575
4.172000,834.400000,22.019182,22.019182,46.939200,46.939200,-50.762753,-50.762753,-2.759674,-2.759674
4.174000,834.800000,22.221841,22.221841,46.939200,46.939200,-50.746184,-50.746184,-2.461955,-2.461955
4.176000,835.200000,22.428265,22.428265,46.939200,46.939200,-50.728158,-50.728158,-2.163419,-2.163419
4.178000,835.600000,22.638332,22.638332,46.939200,46.939200,-50.712028,-50.712028,-1.914015,-1.914015
4.180000,836.000000,22.851915,22.851915,46.939200,46.939200,-50.691349,-50.691349,-1.613981,-1.613981
4.182000,836.400000,23.068886,23.068886,46.939200,46.939200,-50.669233,-50.669233,-1.313130,-1.313130
4.184000,836.800000,23.289112,23.289112,46.939200,46.939200,-50.649710,-50.649710,-1.061796,-1.061796
4.186000,837.200000,23.512456,23.512456,46.939200,46.939200,-50.624977,-50.624977,-0.759447,-0.759447
4.188000,837.600000,23.738778,23.738778,46.939200,46.939200,-50.598826,-50.598826,-0.456281,-0.456281
4.190000,838.000000,23.967937,23.967937,46.939200,46.939200,-50.571263,-50.571263,-0.152298,-0.152298
4.192000,838.400000,24.199784,24.199784,46.939200,46.939200,-50.547221,-50.547221,0.101600,0.101600
4.194000,838.800000,24.434170,24.434170,46.939200,46.939200,-50.517088,-50.517088,0.406400,0.406400
4.196000,839.200000,24.670942,24.670942,46.939200,46.939200,-50.485561,-50.485561,0.711200,0.711200
4.198000,839.600000,24.909942,24.909942,46.939200,46.939200,-50.452648,-50.452648,1.016000,1.016000
4.200000,840.000000,25.151009,25.151009,46.939200,46.939200,-50.424165,-50.424165,1.270000,1.270000
4.202000,840.400000,25.393981,25.393981,46.939200,46.939200,-50.388726,-50.388726,1.574800,1.574800
4.204000,840.800000,25.638689,25.638689,46.939200,46.939200,-50.351917,-50.351917,1.879600,1.879600
4.206000,841.200000,25.884962,25.884962,46.939200,46.939200,-50.320202,-50.320202,2.133600,2.133600
4.208000,841.600000,26.132627,26.132627,46.939200,46.939200,-50.280898,-50.280898,2.438400,2.438400
4.210000,842.000000,26.381505,26.381505,46.939200,46.939200,-50.240243,-50.240243,2.743200,2.743200
4.212000,842.400000,26.631415,26.631415,46.939200,46.939200,-50.198241,-50.198241,3.048000,3.048000
4.214000,842.800000,26.882172,26.882172,46.939200,46.939200,-50.162215,-50.162215,3.302000,3.302000
4.216000,843.200000,27.133590,27.133590,46.939200,46.939200,-50.117760,-50.117760,3.606800,3.606800
4.218000,843.600000,27.385489,27.385489,46.939200,46.939200,-50.071975,-50.071975,3.911600,3.911600
4.220000,844.000000,27.637706,27.637706,46.939200,46.939200,-50.024865,-50.024865,4.216400,4.216400
4.222000,844.400000,27.890086,27.890086,46.939200,46.939200,-49.984600,-49.984600,4.470400,4.470400
4.224000,844.800000,28.142483,28.142483,46.939200,46.939200,-49.935076,-49.935076,4.775200,4.775200
4.226000,845.200000,28.394761,28.394761,46.939200,46.939200,-49.884244,-49.884244,5.080000,5.080000
4.228000,845.600000,28.646789,28.646789,46.939200,46.939200,-49.840889,-49.840889,5.334000,5.334000
4.230000,846.000000,28.898445,28.898445,46.939200,46.939200,-49.787671,-49.787671,5.638800,5.638800
4.232000,846.400000,29.149612,29.149612,46.939200,46.939200,-49.733161,-49.733161,5.943600,5.943600
4.234000,846.800000,29.400178,29.400178,46.939200,46.939200,-49.677361,-49.677361,6.248400,6.248400
4.236000,847.200000,29.650037,29.650037,46.939200,46.939200,-49.629882,-49.629882,6.502400,6.502400
4.238000,847.600000,29.899091,29.899091,46.939200,46.939200,-49.571734,-49.571734,6.807200,6.807200
4.240000,848.000000,30.147244,30.147244,46.939200,46.939200,-49.512313,-49.512313,7.112000,7.112000
4.242000,848.400000,30.394407,30.394407,46.939200,46.939200,-49.451623,-49.451623,7.416800,7.416800
4.244000,848.800000,30.640495,30.640495,46.939200,46.939200,-49.400082,-49.400082,7.670800,7.670800
4.246000,849.200000,30.885427,30.885427,46.939200,46.939200,-49.337079,-49.337079,7.975600,7.975600
4.248000,849.600000,31.129130,31.129130,46.939200,46.939200,-49.272821,-49.272821,8.280400,8.280400
4.250000,850.000000,31.371533,31.371533,46.939200,46.939200,-49.218318,-49.218318,8.534400,8.534400
4.252000,850.400000,31.612571,31.612571,46.939200,46.939200,-49.151773,-49.151773,8.839200,8.839200
4.254000,850.800000,31.852184,31.852184,46.939200,46.939200,-49.083987,-49.083987,9.144000,9.144000
4.256000,851.200000,32.090315,32.090315,46.939200,46.939200,-49.014964,-49.014964,9.448800,9.448800
4.258000,851.600000,32.326915,32.326915,46.939200,46.939200,-48.956504,-48.956504,9.702800,9.702800
4.260000,852.000000,32.561936,32.561936,46.939200,46.939200,-48.885226,-48.885226,10.007600,10.007600
4.262000,852.400000,32.795339,32.795339,46.939200,46.939200,-48.812725,-48.812725,10.312400,10.312400
4.264000,852.800000,33.027085,33.027085,46.939200,46.939200,-48.739006,-48.739006,10.617200,10.617200
4.266000,853.200000,33.257144,33.257144,46.939200,46.939200,-48.676645,-48.676645,10.871200,10.871200
4.268000,853.600000,33.485488,33.485488,46.939200,46.939200,-48.600703,-48.600703,11.176000,11.176000
4.270000,854.000000,33.712094,33.712094,46.939200,46.939200,-48.523554,-48.523554,11.480800,11.480800
4.272000,854.400000,33.936943,33.936943,46.939200,46.939200,-48.458346,-48.458346,11.734800,11.734800
4.274000,854.800000,34.160015,34.160015,46.939200,46.939200,-48.378997,-48.378997,12.039600,12.039600
4.276000,855.200000,34.381291,34.381291,46.939200,46.939200,-48.298455,-48.298455,12.344400,12.344400
4.278000,855.600000,34.600753,34.600753,46.939200,46.939200,-48.216722,-48.216722,12.649200,12.649200
4.280000,856.000000,34.818382,34.818382,46.939200,46.939200,-48.147706,-48.147706,12.903200,12.903200
4.282000,856.400000,35.034162,35.034162,46.939200,46.939200,-48.063804,-48.063804,13.208000,13.208000
4.284000,856.800000,35.248073,35.248073,46.939200,46.939200,-47.978723,-47.978723,13.512800,13.512800
4.286000,857.200000,35.460101,35.460101,46.939200,46.939200,-47.892468,-47.892468,13.817600,13.817600
4.288000,857.600000,35.670229,35.670229,46.939200,46.939200,-47.819696,-47.819696,14.071600,14.071600
4.290000,858.000000,35.878440,35.878440,46.939200,46.939200,-47.731299,-47.731299,14.376400,14.376400
4.292000,858.400000,36.084719,36.084719,46.939200,46.939200,-47.641740,-47.641740,14.681200,14.681200
4.294000,858.800000,36.289051,36.289051,46.939200,46.939200,-47.566223,-47.566223,14.935200,14.935200
4.296000,859.200000,36.491421,36.491421,46.939200,46.939200,-47.474542,-47.474542,15.240000,15.240000
4.298000,859.600000,36.691816,36.691816,46.939200,46.939200,-47.381711,-47.381711,15.544800,15.544800
4.300000,860.000000,36.890222,36.890222,46.939200,46.939200,-47.287731,-47.287731,15.849600,15.849600
4.302000,860.400000,37.086625,37.086625,46.939200,46.939200,-47.208541,-47.208541,16.103600,16.103600
4.304000,860.800000,37.281013,37.281013,46.939200,46.939200,-47.112467,-47.112467,16.408400,16.408400
4.306000,861.200000,37.473373,37.473373,46.939200,46.939200,-47.015255,-47.015255,16.713200,16.713200
4.308000,861.600000,37.663694,37.663694,46.939200,46.939200,-46.916910,-46.916910,17.018000,17.018000
4.310000,862.000000,37.851966,37.851966,46.939200,46.939200,-46.834093,-46.834093,17.272000,17.272000
4.312000,862.400000,38.038176,38.038176,46.939200,46.939200,-46.733680,-46.733680,17.576800,17.576800
4.314000,862.800000,38.222315,38.222315,46.939200,46.939200,-46.632143,-46.632143,17.881600,17.881600
4.316000,863.200000,38.404374,38.404374,46.939200,46.939200,-46.546673,-46.546673,18.135600,18.135600
4.318000,863.600000,38.584342,38.584342,46.939200,46.939200,-46.443086,-46.443086,18.440400,18.440400
4.320000,864.000000,38.762212,38.762212,46.939200,46.939200,-46.338386,-46.338386,18.745200,18.745200
4.322000,864.400000,38.937975,38.937975,46.939200,46.939200,-46.232575,-46.232575,19.050000,19.050000
4.324000,864.800000,39.111623,39.111623,46.939200,46.939200,-46.143554,-46.143554,19.304000,19.304000
4.326000,865.200000,39.283150,39.283150,46.939200,46.939200,-46.035718,-46.035718,19.608800,19.608800
4.328000,865.600000,39.452549,39.452549,46.939200,46.939200,-45.926781,-45.926781,19.913600,19.913600
4.330000,866.000000,39.619814,39.619814,46.939200,46.939200,-45.835162,-45.835162,20.167600,20.167600
4.332000,866.400000,39.784939,39.784939,46.939200,46.939200,-45.724216,-45.724216,20.472400,20.472400
4.334000,866.800000,39.947919,39.947919,46.939200,46.939200,-45.612180,-45.612180,20.777200,20.777200
4.336000,867.200000,40.108751,40.108751,46.939200,46.939200,-45.499055,-45.499055,21.082000,21.082000
4.338000,867.600000,40.267430,40.267430,46.939200,46.939200,-45.403956,-45.403956,21.336000,21.336000
4.340000,868.000000,40.423953,40.423953,46.939200,46.939200,-45.288845,-45.288845,21.640800,21.640800
4.342000,868.400000,40.578317,40.578317,46.939200,46.939200,-45.172655,-45.172655,21.945600,21.945600
4.344000,868.800000,40.730519,40.730519,46.939200,46.939200,-45.055390,-45.055390,22.250400,22.250400
4.346000,869.200000,40.880559,40.880559,46.939200,46.939200,-44.956849,-44.956849,22.504400,22.504400
4.348000,869.600000,41.028435,41.028435,46.939200,46.939200,-44.837620,-44.837620,22.809200,22.809200
4.350000,870.000000,41.174147,41.174147,46.939200,46.939200,-44.717323,-44.717323,23.114000,23.114000
4.352000,870.400000,41.317693,41.317693,46.939200,46.939200,-44.616263,-44.616263,23.368000,23.368000
4.354000,870.800000,41.459076,41.459076,46.939200,46.939200,-44.494017,-44.494017,23.672800,23.672800
4.356000,871.200000,41.598296,41.598296,46.939200,46.939200,-44.370713,-44.370713,23.977600,23.977600
4.358000,871.600000,41.735354,41.735354,46.939200,46.939200,-44.246354,-44.246354,24.282400,24.282400
4.360000,872.000000,41.870252,41.870252,46.939200,46.939200,-44.141916,-44.141916,24.536400,24.536400
4.362000,872.400000,42.002994,42.002994,46.939200,46.939200,-44.015628,-44.015628,24.841200,24.841200
4.364000,872.800000,42.133582,42.133582,46.939200,46.939200,-43.888292,-43.888292,25.146000,25.146000
4.366000,873.200000,42.262020,42.262020,46.939200,46.939200,-43.759912,-43.759912,25.450800,25.450800
4.368000,873.600000,42.388313,42.388313,46.939200,46.939200,-43.652132,-43.652132,25.704800,25.704800
4.370000,874.000000,42.512465,42.512465,46.939200,46.939200,-43.521843,-43.521843,26.009600,26.009600
4.372000,874.400000,42.634482,42.634482,46.939200,46.939200,-43.390518,-43.390518,26.314400,26.314400
4.374000,874.800000,42.754369,42.754369,46.939200,46.939200,-43.280289,-43.280289,26.568400,26.568400
4.376000,875.200000,42.872133,42.872133,46.939200,46.939200,-43.147069,-43.147069,26.873200,26.873200
4.378000,875.600000,42.987781,42.987781,46.939200,46.939200,-43.012820,-43.012820,27.178000,27.178000
4.380000,876.000000,43.101321,43.101321,46.939200,46.939200,-42.877544,-42.877544,27.482800,27.482800
4.382000,876.400000,43.212760,43.212760,46.939200,46.939200,-42.764031,-42.764031,27.736800,27.736800
4.384000,876.800000,43.322107,43.322107,46.939200,46.939200,-42.626880,-42.626880,28.041600,28.041600
4.386000,877.200000,43.429371,43.429371,46.939200,46.939200,-42.488708,-42.488708,28.346400,28.346400
4.388000,877.600000,43.534561,43.534561,46.939200,46.939200,-42.349520,-42.349520,28.651200,28.651200
4.390000,878.000000,43.637688,43.637688,46.939200,46.939200,-42.232756,-42.232756,28.905200,28.905200
4.392000,878.400000,43.738763,43.738763,46.939200,46.939200,-42.091710,-42.091710,29.210000,29.210000
4.394000,878.800000,43.837795,43.837795,46.939200,46.939200,-41.949654,-41.949654,29.514800,29.514800
4.396000,879.200000,43.934798,43.934798,46.939200,46.939200,-41.830505,-41.830505,29.768800,29.768800
4.398000,879.600000,44.029782,44.029782,46.939200,46.939200,-41.686605,-41.686605,30.073600,30.073600
4.400000,880.000000,44.122761,44.122761,46.939200,46.939200,-41.541702,-41.541702,30.378400,30.378400
4.402000,880.400000,44.213747,44.213747,46.939200,46.939200,-41.395798,-41.395798,30.683200,30.683200
4.404000,880.800000,44.302755,44.302755,46.939200,46.939200,-41.273449,-41.273449,30.937200,30.937200
4.406000,881.200000,44.389797,44.389797,46.939200,46.939200,-41.125717,-41.125717,31.242000,31.242000
4.408000,881.600000,44.474889,44.474889,46.939200,46.939200,-40.976992,-40.976992,31.546800,31.546800
4.410000,882.000000,44.558046,44.558046,46.939200,46.939200,-40.827275,-40.827275,31.851600,31.851600
4.412000,882.400000,44.639282,44.639282,46.939200,46.939200,-40.701755,-40.701755,32.105600,32.105600
4.414000,882.800000,44.718614,44.718614,46.939200,46.939200,-40.550226,-40.550226,32.410400,32.410400
4.416000,883.200000,44.796058,44.796058,46.939200,46.939200,-40.397712,-40.397712,32.715200,32.715200
4.418000,883.600000,44.871630,44.871630,46.939200,46.939200,-40.269866,-40.269866,32.969200,32.969200
4.420000,884.000000,44.945349,44.945349,46.939200,46.939200,-40.115551,-40.115551,33.274000,33.274000
4.422000,884.400000,45.017231,45.017231,46.939200,46.939200,-39.960258,-39.960258,33.578800,33.578800
4.424000,884.800000,45.087294,45.087294,46.939200,46.939200,-39.803988,-39.803988,33.883600,33.883600
4.426000,885.200000,45.155556,45.155556,46.939200,46.939200,-39.673019,-39.673019,34.137600,34.137600
4.428000,885.600000,45.222038,45.222038,46.939200,46.939200,-39.514964,-39.514964,34.442400,34.442400
4.430000,886.000000,45.286757,45.286757,46.939200,46.939200,-39.355939,-39.355939,34.747200,34.747200
4.432000,886.400000,45.349733,45.349733,46.939200,46.939200,-39.195945,-39.195945,35.052000,35.052000
4.434000,886.800000,45.410987,45.410987,46.939200,46.939200,-39.061878,-39.061878,35.306000,35.306000
4.436000,887.200000,45.470538,45.470538,46.939200,46.939200,-38.900113,-38.900113,35.610800,35.610800
4.438000,887.600000,45.528408,45.528408,46.939200,46.939200,-38.737386,-38.737386,35.915600,35.915600
4.440000,888.000000,45.584617,45.584617,46.939200,46.939200,-38.601046,-38.601046,36.169600,36.169600
4.442000,888.400000,45.639186,45.639186,46.939200,46.939200,-38.436559,-38.436559,36.474400,36.474400
4.444000,888.800000,45.692138,45.692138,46.939200,46.939200,-38.271115,-38.271115,36.779200,36.779200
4.446000,889.200000,45.743494,45.743494,46.939200,46.939200,-38.104716,-38.104716,37.084000,37.084000
4.448000,889.600000,45.793277,45.793277,46.939200,46.939200,-37.965322,-37.965322,37.338000,37.338000
4.450000,890.000000,45.841510,45.841510,46.939200,46.939200,-37.797176,-37.797176,37.642800,37.642800
4.452000,890.400000,45.888215,45.888215,46.939200,46.939200,-37.628081,-37.628081,37.947600,37.947600
4.454000,890.800000,45.933415,45.933415,46.939200,46.939200,-37.458038,-37.458038,38.252400,38.252400
4.456000,891.200000,45.977134,45.977134,46.939200,46.939200,-37.315613,-37.315613,38.506400,38.506400
4.458000,891.600000,46.019397,46.019397,46.939200,46.939200,-37.143838,-37.143838,38.811200,38.811200
4.460000,892.000000,46.060226,46.060226,46.939200,46.939200,-36.971120,-36.971120,39.116000,39.116000
4.462000,892.400000,46.099646,46.099646,46.939200,46.939200,-36.826469,-36.826469,39.370000,39.370000
4.464000,892.800000,46.137682,46.137682,46.939200,46.939200,-36.652028,-36.652028,39.674800,39.674800
4.466000,893.200000,46.174358,46.174358,46.939200,46.939200,-36.476649,-36.476649,39.979600,39.979600
4.468000,893.600000,46.209699,46.209699,46.939200,46.939200,-36.300334,-36.300334,40.284400,40.284400
4.470000,894.000000,46.243731,46.243731,46.939200,46.939200,-36.152692,-36.152692,40.538400,40.538400
4.472000,894.400000,46.276478,46.276478,46.939200,46.939200,-35.974666,-35.974666,40.843200,40.843200
4.474000,894.800000,46.307966,46.307966,46.939200,46.939200,-35.795710,-35.795710,41.148000,41.148000
4.476000,895.200000,46.338220,46.338220,46.939200,46.939200,-35.615825,-35.615825,41.452800,41.452800
4.478000,895.600000,46.367268,46.367268,46.939200,46.939200,-35.465212,-35.465212,41.706800,41.706800
4.480000,896.000000,46.395133,46.395133,46.939200,46.939200,-35.283628,-35.283628,42.011600,42.011600
4.482000,896.400000,46.421843,46.421843,46.939200,46.939200,-35.101119,-35.101119,42.316400,42.316400
4.484000,896.800000,46.447423,46.447423,46.939200,46.939200,-34.948324,-34.948324,42.570400,42.570400
4.486000,897.200000,46.471900,46.471900,46.939200,46.939200,-34.764125,-34.764125,42.875200,42.875200
4.488000,897.600000,46.495299,46.495299,46.939200,46.939200,-34.579007,-34.579007,43.180000,43.180000
4.490000,898.000000,46.517648,46.517648,46.939200,46.939200,-34.392970,-34.392970,43.484800,43.484800
4.492000,898.400000,46.538972,46.538972,46.939200,46.939200,-34.237240,-34.237240,43.738800,43.738800
4.494000,898.800000,46.559298,46.559298,46.939200,46.939200,-34.049524,-34.049524,44.043600,44.043600
4.496000,899.200000,46.578653,46.578653,46.939200,46.939200,-33.860895,-33.860895,44.348400,44.348400
4.498000,899.600000,46.597063,46.597063,46.939200,46.939200,-33.671353,-33.671353,44.653200,44.653200
4.500000,900.000000,46.614554,46.614554,46.939200,46.939200,-33.512706,-33.512706,44.907200,44.907200
4.502000,900.400000,46.631152,46.631152,46.939200,46.939200,-33.321497,-33.321497,45.212000,45.212000
4.504000,900.800000,46.646885,46.646885,46.939200,46.939200,-33.129379,-33.129379,45.516800,45.516800
4.506000,901.200000,46.661778,46.661778,46.939200,46.939200,-32.968589,-32.968589,45.770800,45.770800
4.508000,901.600000,46.675859,46.675859,46.939200,46.939200,-32.774810,-32.774810,46.075600,46.075600
4.510000,902.000000,46.689151,46.689151,46.939200,46.939200,-32.580128,-32.580128,46.380400,46.380400
4.512000,902.400000,46.701683,46.701683,46.939200,46.939200,-32.384544,-32.384544,46.685200,46.685200
4.514000,902.800000,46.713480,46.713480,46.939200,46.939200,-32.220869,-32.220869,46.939200,46.939200
4.516000,903.200000,46.724567,46.724567,46.939200,46.939200,-32.023635,-32.023635,43.529464,43.529464
4.518000,903.600000,46.734970,46.734970,46.939198,46.939198,-31.825502,-31.825502,38.848352,38.848352
4.520000,904.000000,46.744715,46.744715,46.939182,46.939182,-31.626472,-31.626472,35.169225,35.169225
4.522000,904.400000,46.753827,46.753827,46.939122,46.939122,-31.459929,-31.459929,32.547717,32.547717
4.524000,904.800000,46.762331,46.762331,46.938975,46.938975,-31.259258,-31.259258,29.763502,29.763502
4.526000,905.200000,46.770253,46.770253,46.938691,46.938691,-31.057695,-31.057695,27.270300,27.270300
4.528000,905.600000,46.777615,46.777615,46.938210,46.938210,-30.889043,-30.889043,25.364909,25.364909
4.530000,906.000000,46.784444,46.784444,46.937463,46.937463,-30.685846,-30.685846,23.245029,23.245029
4.532000,906.400000,46.790763,46.790763,46.936377,46.936377,-30.481759,-30.481759,21.275838,21.275838
4.534000,906.800000,46.796595,46.796595,46.934873,46.934873,-30.276783,-30.276783,19.432999,19.432999
4.536000,907.200000,46.801965,46.801965,46.932867,46.932867,-30.105293,-30.105293,17.980424,17.980424
4.538000,907.600000,46.806894,46.806894,46.930268,46.930268,-29.898693,-29.898693,16.324475,16.324475
4.540000,908.000000,46.811407,46.811407,46.926985,46.926985,-29.691209,-29.691209,14.752563,14.752563
4.542000,908.400000,46.815526,46.815526,46.922921,46.922921,-29.482841,-29.482841,13.255147,13.255147
4.544000,908.800000,46.819272,46.819272,46.917978,46.917978,-29.308527,-29.308527,12.058505,12.058505
4.546000,909.200000,46.822667,46.822667,46.912052,46.912052,-29.098543,-29.098543,10.678232,10.678232
4.548000,909.600000,46.825732,46.825732,46.905042,46.905042,-28.887679,-28.887679,9.353393,9.353393
4.550000,910.000000,46.828488,46.828488,46.896839,46.896839,-28.711288,-28.711288,8.288188,8.288188
4.552000,910.400000,46.830956,46.830956,46.887337,46.887337,-28.498814,-28.498814,7.052885,7.052885
4.554000,910.800000,46.833154,46.833154,46.876426,46.876426,-28.285463,-28.285463,5.860950,5.860950
4.556000,911.200000,46.835103,46.835103,46.863997,46.863997,-28.071237,-28.071237,4.709148,4.709148
4.558000,911.600000,46.836820,46.836820,46.849937,46.849937,-27.892047,-27.892047,3.777905,3.777905
4.560000,912.000000,46.838324,46.838324,46.834135,46.834135,-27.676219,-27.676219,2.692522,2.692522
4.562000,912.400000,46.839633,46.839633,46.816477,46.816477,-27.459519,-27.459519,1.640015,1.640015
4.564000,912.800000,46.840764,46.840764,46.796851,46.796851,-27.241948,-27.241948,0.618339,0.618339
4.566000,913.200000,46.841732,46.841732,46.775143,46.775143,-27.059974,-27.059974,-0.210838,-0.210838
4.568000,913.600000,46.842554,46.842554,46.751239,46.751239,-26.840808,-26.840808,-1.180636,-1.180636
4.570000,914.000000,46.843244,46.843244,46.725026,46.725026,-26.620774,-26.620774,-2.124364,-2.124364
4.572000,914.400000,46.843818,46.843818,46.696391,46.696391,-26.436750,-26.436750,-2.891896,-2.891896
4.574000,914.800000,46.844288,46.844288,46.665224,46.665224,-26.215127,-26.215127,-3.791351,-3.791351
4.576000,915.200000,46.844667,46.844667,46.631419,46.631419,-25.992640,-25.992640,-4.668368,-4.668368
4.578000,915.600000,46.844968,46.844968,46.594874,46.594874,-25.769287,-25.769287,-5.524028,-5.524028
4.580000,916.000000,46.845202,46.845202,46.555493,46.555493,-25.582501,-25.582501,-6.221484,-6.221484
4.582000,916.400000,46.845379,46.845379,46.513185,46.513185,-25.357568,-25.357568,-7.040517,-7.040517
4.584000,916.800000,46.845510,46.845510,46.467862,46.467862,-25.131772,-25.131772,-7.840817,-7.840817
4.586000,917.200000,46.845603,46.845603,46.419441,46.419441,-24.942953,-24.942953,-8.494002,-8.494002
4.588000,917.600000,46.845666,46.845666,46.367843,46.367843,-24.715581,-24.715581,-9.261991,-9.261991
4.590000,918.000000,46.845706,46.845706,46.312994,46.312994,-24.487350,-24.487350,-10.013363,-10.013363
4.592000,918.400000,46.845730,46.845730,46.254825,46.254825,-24.258262,-24.258262,-10.748771,-10.748771
4.594000,918.800000,46.845742,46.845742,46.193269,46.193269,-24.066701,-24.066701,-11.349856,-11.349856
4.596000,919.200000,46.845747,46.845747,46.128266,46.128266,-23.836042,-23.836042,-12.057547,-12.057547
4.598000,919.600000,46.845749,46.845749,46.059758,46.059758,-23.604529,-23.604529,-12.750899,-12.750899
4.600000,920.000000,46.845749,46.845749,45.987691,45.987691,-23.372161,-23.372161,-13.430418,-13.430418
4.602000,920.400000,46.845749,46.845749,45.912017,45.912017,-23.177869,-23.177869,-13.986463,-13.986463
4.604000,920.800000,46.845749,46.845749,45.832690,45.832690,-22.943938,-22.943938,-14.641840,-14.641840
4.606000,921.200000,46.845749,46.845749,45.749668,45.749668,-22.709154,-22.709154,-15.284666,-15.284666
4.608000,921.600000,46.845749,46.845749,45.662914,45.662914,-22.512851,-22.512851,-15.811057,-15.811057
4.610000,922.000000,46.845749,46.845749,45.572394,45.572394,-22.276508,-22.276508,-16.431903,-16.431903
4.612000,922.400000,46.845749,46.845749,45.478078,45.478078,-22.039316,-22.039316,-17.041284,-17.041284
4.614000,922.800000,46.845749,46.845749,45.379940,45.379940,-21.801275,-21.801275,-17.639548,-17.639548
4.616000,923.200000,46.845749,46.845749,45.277956,45.277956,-21.602260,-21.602260,-18.129844,-18.129844
4.618000,923.600000,46.845749,46.845749,45.172107,45.172107,-21.362665,-21.362665,-18.708564,-18.708564
4.620000,924.000000,46.845749,46.845749,45.062378,45.062378,-21.122224,-21.122224,-19.277052,-19.277052
4.622000,924.400000,46.845749,46.845749,44.948756,44.948756,-20.880937,-20.880937,-19.835593,-19.835593
4.624000,924.800000,46.845749,46.845749,44.831232,44.831232,-20.679219,-20.679219,-20.293642,-20.293642
4.626000,925.200000,46.845749,46.845749,44.709800,44.709800,-20.436384,-20.436384,-20.834641,-20.834641
4.628000,925.600000,46.845749,46.845749,44.584459,44.584459,-20.192705,-20.192705,-21.366427,-21.366427
4.630000,926.000000,46.845749,46.845749,44.455208,44.455208,-19.988995,-19.988995,-21.802717,-21.802717
4.632000,926.400000,46.845749,46.845749,44.322052,44.322052,-19.743772,-19.743772,-22.318223,-22.318223
4.634000,926.800000,46.845749,46.845749,44.184998,44.184998,-19.497707,-19.497707,-22.825162,-22.825162
4.636000,927.200000,46.845749,46.845749,44.044056,44.044056,-19.250802,-19.250802,-23.323742,-23.323742
4.638000,927.600000,46.845749,46.845749,43.899240,43.899240,-19.044405,-19.044405,-23.732985,-23.732985
4.640000,928.000000,46.845749,46.845749,43.750565,43.750565,-18.795960,-18.795960,-24.216755,-24.216755
4.642000,928.400000,46.845749,46.845749,43.598050,43.598050,-18.546676,-18.546676,-24.692713,-24.692713
4.644000,928.800000,46.845749,46.845749,43.441717,43.441717,-18.296553,-18.296553,-25.161036,-25.161036
4.646000,929.200000,46.845749,46.845749,43.281592,43.281592,-18.087478,-18.087478,-25.545597,-25.545597
4.648000,929.600000,46.845749,46.845749,43.117700,43.117700,-17.835821,-17.835821,-26.000362,-26.000362
4.650000,930.000000,46.845749,46.845749,42.950073,42.950073,-17.583327,-17.583327,-26.447961,-26.447961
4.652000,930.400000,46.845749,46.845749,42.778743,42.778743,-17.372277,-17.372277,-26.815595,-26.815595
4.654000,930.800000,46.845749,46.845749,42.603746,42.603746,-17.118251,-17.118251,-27.250447,-27.250447
4.656000,931.200000,46.845749,46.845749,42.425118,42.425118,-16.863390,-16.863390,-27.678550,-27.678550
4.658000,931.600000,46.845749,46.845749,42.242901,42.242901,-16.607696,-16.607696,-28.100042,-28.100042
4.660000,932.000000,46.845749,46.845749,42.057136,42.057136,-16.393980,-16.393980,-28.446332,-28.446332
4.662000,932.400000,46.845749,46.845749,41.867870,41.867870,-16.136758,-16.136758,-28.856046,-28.856046
4.664000,932.800000,46.845749,46.845749,41.675149,41.675149,-15.878703,-15.878703,-29.259513,-29.259513
4.666000,933.200000,46.845749,46.845749,41.479023,41.479023,-15.619816,-15.619816,-29.656854,-29.656854
4.668000,933.600000,46.845749,46.845749,41.279544,41.279544,-15.403442,-15.403442,-29.983375,-29.983375
4.670000,934.000000,46.845749,46.845749,41.076767,41.076767,-15.143031,-15.143031,-30.369782,-30.369782
4.672000,934.400000,46.845749,46.845749,40.870746,40.870746,-14.881790,-14.881790,-30.750381,-30.750381
4.674000,934.800000,46.845749,46.845749,40.661541,40.661541,-14.663455,-14.663455,-31.063187,-31.063187
4.676000,935.200000,46.845749,46.845749,40.449212,40.449212,-14.400693,-14.400693,-31.433410,-31.433410
4.678000,935.600000,46.845749,46.845749,40.233820,40.233820,-14.137101,-14.137101,-31.798115,-31.798115
4.680000,936.000000,46.845749,46.845749,40.015431,40.015431,-13.872681,-13.872681,-32.157400,-32.157400
4.682000,936.400000,46.845749,46.845749,39.794109,39.794109,-13.651698,-13.651698,-32.452729,-32.452729
4.684000,936.800000,46.845749,46.845749,39.569923,39.569923,-13.385760,-13.385760,-32.802315,-32.802315
4.686000,937.200000,46.845749,46.845749,39.342943,39.342943,-13.118995,-13.118995,-33.146736,-33.146736
4.688000,937.600000,46.845749,46.845749,39.113239,39.113239,-12.851403,-12.851403,-33.486078,-33.486078
4.690000,938.000000,46.845749,46.845749,38.880885,38.880885,-12.627778,-12.627778,-33.765044,-33.765044
4.692000,938.400000,46.845749,46.845749,38.645955,38.645955,-12.358671,-12.358671,-34.095290,-34.095290
4.694000,938.800000,46.845749,46.845749,38.408526,38.408526,-12.088739,-12.088739,-34.420686,-34.420686
4.696000,939.200000,46.845749,46.845749,38.168675,38.168675,-11.863164,-11.863164,-34.688200,-34.688200
4.698000,939.600000,46.845749,46.845749,37.926482,37.926482,-11.591719,-11.591719,-35.004902,-35.004902
4.700000,940.000000,46.845749,46.845749,37.682026,37.682026,-11.319449,-11.319449,-35.316965,-35.316965
4.702000,940.400000,46.845749,46.845749,37.435391,37.435391,-11.046356,-11.046356,-35.624460,-35.624460
4.704000,940.800000,46.845749,46.845749,37.186659,37.186659,-10.818148,-10.818148,-35.877265,-35.877265
4.706000,941.200000,46.845749,46.845749,36.935914,36.935914,-10.543544,-10.543544,-36.176562,-36.176562
4.708000,941.600000,46.845749,46.845749,36.683244,36.683244,-10.268117,-10.268117,-36.471480,-36.471480
4.710000,942.000000,46.845749,46.845749,36.428735,36.428735,-9.991867,-9.991867,-36.762083,-36.762083
4.712000,942.400000,46.845749,46.845749,36.172476,36.172476,-9.761031,-9.761031,-37.001000,-37.001000
4.714000,942.800000,46.845749,46.845749,35.914555,35.914555,-9.483273,-9.483273,-37.283851,-37.283851
4.716000,943.200000,46.845749,46.845749,35.655063,35.655063,-9.204694,-9.204694,-37.562559,-37.562559
4.718000,943.600000,46.845749,46.845749,35.394092,35.394092,-8.971916,-8.971916,-37.791690,-37.791690
4.720000,944.000000,46.845749,46.845749,35.131733,35.131733,-8.691831,-8.691831,-38.062948,-38.062948
4.722000,944.400000,46.845749,46.845749,34.868081,34.868081,-8.410924,-8.410924,-38.330221,-38.330221
4.724000,944.800000,46.845749,46.845749,34.603229,34.603229,-8.129197,-8.129197,-38.593562,-38.593562
4.726000,945.200000,46.845749,46.845749,34.337273,34.337273,-7.893797,-7.893797,-38.810048,-38.810048
4.728000,945.600000,46.845749,46.845749,34.070308,34.070308,-7.610566,-7.610566,-39.066316,-39.066316
4.730000,946.000000,46.845749,46.845749,33.802431,33.802431,-7.326514,-7.326514,-39.318796,-39.318796
4.732000,946.400000,46.845749,46.845749,33.533740,33.533740,-7.041643,-7.041643,-39.567539,-39.567539
4.734000,946.800000,46.845749,46.845749,33.264331,33.264331,-6.803624,-6.803624,-39.772003,-39.772003
4.736000,947.200000,46.845749,46.845749,32.994305,32.994305,-6.517250,-6.517250,-40.014014,-40.014014
4.738000,947.600000,46.845749,46.845749,32.723759,32.723759,-6.230057,-6.230057,-40.252419,-40.252419
4.740000,948.000000,46.845749,46.845749,32.452794,32.452794,-5.990104,-5.990104,-40.448367,-40.448367
4.742000,948.400000,46.845749,46.845749,32.181509,32.181509,-5.701409,-5.701409,-40.680275,-40.680275
4.744000,948.800000,46.845749,46.845749,31.910005,31.910005,-5.411896,-5.411896,-40.908700,-40.908700
4.746000,949.200000,46.845749,46.845749,31.638384,31.638384,-5.121564,-5.121564,-41.133683,-41.133683
4.748000,949.600000,46.845749,46.845749,31.366746,31.366746,-4.878996,-4.878996,-41.318569,-41.318569
4.750000,950.000000,46.845749,46.845749,31.095194,31.095194,-4.587164,-4.587164,-41.537348,-41.537348
4.752000,950.400000,46.845749,46.845749,30.823829,30.823829,-4.294515,-4.294515,-41.752799,-41.752799
4.754000,950.800000,46.845749,46.845749,30.552753,30.552753,-4.001047,-4.001047,-41.964960,-41.964960
4.756000,951.200000,46.845749,46.845749,30.282068,30.282068,-3.755866,-3.755866,-42.139274,-42.139274
4.758000,951.600000,46.845749,46.845749,30.011878,30.011878,-3.460899,-3.460899,-42.345500,-42.345500
4.760000,952.000000,46.845749,46.845749,29.742284,29.742284,-3.165114,-3.165114,-42.548540,-42.548540
4.762000,952.400000,46.845749,46.845749,29.473390,29.473390,-2.918003,-2.918003,-42.715332,-42.715332
4.764000,952.800000,46.845749,46.845749,29.205298,29.205298,-2.620719,-2.620719,-42.912622,-42.912622
4.766000,953.200000,46.845749,46.845749,28.938110,28.938110,-2.322619,-2.322619,-43.106825,-43.106825
4.768000,953.600000,46.845749,46.845749,28.671930,28.671930,-2.023701,-2.023701,-43.297973,-43.297973
4.770000,954.000000,46.845749,46.845749,28.406859,28.406859,-1.773979,-1.773979,-43.454953,-43.454953
4.772000,954.400000,46.845749,46.845749,28.143001,28.143001,-1.473563,-1.473563,-43.640585,-43.640585
4.774000,954.800000,46.845749,46.845749,27.880457,27.880457,-1.172330,-1.172330,-43.823253,-43.823253
4.776000,955.200000,46.845749,46.845749,27.619329,27.619329,-0.870281,-0.870281,-44.002988,-44.002988
4.778000,955.600000,46.845749,46.845749,27.359720,27.359720,-0.617948,-0.617948,-44.150548,-44.150548
4.780000,956.000000,46.845749,46.845749,27.101729,27.101729,-0.314401,-0.314401,-44.324983,-44.324983
4.782000,956.400000,46.845749,46.845749,26.845460,26.845460,-0.010036,-0.010036,-44.496569,-44.496569
4.784000,956.800000,46.845749,46.845749,26.591011,26.591011,0.243964,0.243964,-44.637402,-44.637402
4.786000,957.200000,46.845749,46.845749,26.338484,26.338484,0.548764,0.548764,-44.803838,-44.803838
4.788000,957.600000,46.845749,46.845749,26.087979,26.087979,0.853564,0.853564,-44.967504,-44.967504
4.790000,958.000000,46.845749,46.845749,25.839593,25.839593,1.158364,1.158364,-45.128428,-45.128428
4.792000,958.400000,46.845749,46.845749,25.593428,25.593428,1.412364,1.412364,-45.260455,-45.260455
4.794000,958.800000,46.845749,46.845749,25.349580,25.349580,1.717164,1.717164,-45.416418,-45.416418
4.796000,959.200000,46.845749,46.845749,25.108148,25.108148,2.021964,2.021964,-45.569713,-45.569713
4.798000,959.600000,46.845749,46.845749,24.869228,24.869228,2.326764,2.326764,-45.720364,-45.720364
4.800000,960.000000,46.845749,46.845749,24.632917,24.632917,2.580764,2.580764,-45.843904,-45.843904
4.802000,960.400000,46.845749,46.845749,24.399310,24.399310,2.885564,2.885564,-45.989772,-45.989772
4.804000,960.800000,46.845749,46.845749,24.168502,24.168502,3.190364,3.190364,-46.133065,-46.133065
4.806000,961.200000,46.845749,46.845749,23.940588,23.940588,3.444364,3.444364,-46.250525,-46.250525
4.808000,961.600000,46.845749,46.845749,23.715661,23.715661,3.749164,3.749164,-46.389158,-46.389158
4.810000,962.000000,46.845749,46.845749,23.493812,23.493812,4.053964,4.053964,-46.525281,-46.525281
4.812000,962.400000,46.845749,46.845749,23.275133,23.275133,4.358764,4.358764,-46.658917,-46.658917
4.814000,962.800000,46.845749,46.845749,23.059716,23.059716,4.612764,4.612764,-46.768396,-46.768396
4.816000,963.200000,46.845749,46.845749,22.847649,22.847649,4.917564,4.917564,-46.897529,-46.897529
4.818000,963.600000,46.845749,46.845749,22.639022,22.639022,5.222364,5.222364,-47.024235,-47.024235
4.820000,964.000000,46.845749,46.845749,22.433921,22.433921,5.527164,5.527164,-47.148536,-47.148536
4.822000,964.400000,46.845749,46.845749,22.232433,22.232433,5.781164,5.781164,-47.250298,-47.250298
4.824000,964.800000,46.845749,46.845749,22.034644,22.034644,6.085964,6.085964,-47.370243,-47.370243
4.826000,965.200000,46.845749,46.845749,21.840638,21.840638,6.390764,6.390764,-47.487840,-47.487840
4.828000,965.600000,46.845749,46.845749,21.650498,21.650498,6.644764,6.644764,-47.584058,-47.584058
4.830000,966.000000,46.845749,46.845749,21.464305,21.464305,6.949564,6.949564,-47.697400,-47.697400
4.832000,966.400000,46.845749,46.845749,21.282141,21.282141,7.254364,7.254364,-47.808450,-47.808450
4.834000,966.800000,46.845749,46.845749,21.104084,21.104084,7.559164,7.559164,-47.917225,-47.917225
4.836000,967.200000,46.845749,46.845749,20.930213,20.930213,7.813164,7.813164,-48.006146,-48.006146
4.838000,967.600000,46.845749,46.845749,20.760604,20.760604,8.117964,8.117964,-48.110798,-48.110798
4.840000,968.000000,46.845749,46.845749,20.595333,20.595333,8.422764,8.422764,-48.213226,-48.213226
4.842000,968.400000,46.845749,46.845749,20.434472,20.434472,8.676764,8.676764,-48.296898,-48.296898
4.844000,968.800000,46.845749,46.845749,20.278096,20.278096,8.981564,8.981564,-48.395295,-48.395295
4.846000,969.200000,46.845749,46.845749,20.126274,20.126274,9.286364,9.286364,-48.491519,-48.491519
4.848000,969.600000,46.845749,46.845749,19.979076,19.979076,9.591164,9.591164,-48.585584,-48.585584
4.850000,970.000000,46.845749,46.845749,19.836570,19.836570,9.845164,9.845164,-48.662336,-48.662336
4.852000,970.400000,46.845749,46.845749,19.698822,19.698822,10.149964,10.149964,-48.752489,-48.752489
4.854000,970.800000,46.845749,46.845749,19.565897,19.565897,10.454764,10.454764,-48.840530,-48.840530
4.856000,971.200000,46.845749,46.845749,19.437859,19.437859,10.759564,10.759564,-48.926475,-48.926475
4.858000,971.600000,46.845749,46.845749,19.314768,19.314768,11.013564,11.013564,-48.996507,-48.996507
4.860000,972.000000,46.845749,46.845749,19.196684,19.196684,11.318364,11.318364,-49.078651,-49.078651
4.862000,972.400000,46.845749,46.845749,19.083665,19.083665,11.623164,11.623164,-49.158742,-49.158742
4.864000,972.800000,46.845749,46.845749,18.975767,18.975767,11.877164,11.877164,-49.223928,-49.223928
4.866000,973.200000,46.845749,46.845749,18.873045,18.873045,12.181964,12.181964,-49.300296,-49.300296
4.868000,973.600000,46.845749,46.845749,18.775552,18.775552,12.486764,12.486764,-49.374653,-49.374653
4.870000,974.000000,46.845749,46.845749,18.683337,18.683337,12.791564,12.791564,-49.447014,-49.447014
4.872000,974.400000,46.845749,46.845749,18.596451,18.596451,13.045564,13.045564,-49.505800,-49.505800
4.874000,974.800000,46.845749,46.845749,18.514940,18.514940,13.350364,13.350364,-49.574537,-49.574537
4.876000,975.200000,46.845749,46.845749,18.438849,18.438849,13.655164,13.655164,-49.641318,-49.641318
4.878000,975.600000,46.845749,46.845749,18.368220,18.368220,13.959964,13.959964,-49.706155,-49.706155
4.880000,976.000000,46.845749,46.845749,18.303097,18.303097,14.213964,14.213964,-49.758711,-49.758711
4.882000,976.400000,46.845749,46.845749,18.243516,18.243516,14.518764,14.518764,-49.820020,-49.820020
4.884000,976.800000,46.845749,46.845749,18.189516,18.189516,14.823564,14.823564,-49.879423,-49.879423
4.886000,977.200000,46.845749,46.845749,18.141130,18.141130,15.077564,15.077564,-49.927478,-49.927478
4.888000,977.600000,46.845749,46.845749,18.098393,18.098393,15.382364,15.382364,-49.983420,-49.983420
4.890000,978.000000,46.845749,46.845749,18.061334,18.061334,15.687164,15.687164,-50.037491,-50.037491
4.892000,978.400000,46.845749,46.845749,18.029982,18.029982,15.991964,15.991964,-50.089704,-50.089704
4.894000,978.800000,46.845749,46.845749,18.004364,18.004364,16.245964,16.245964,-50.131804,-50.131804
4.896000,979.200000,46.845749,46.845749,17.984503,17.984503,16.550764,16.550764,-50.180642,-50.180642
4.898000,979.600000,46.845749,46.845749,17.970422,17.970422,16.855564,16.855564,-50.227656,-50.227656
4.900000,980.000000,46.845749,46.845749,17.962139,17.962139,17.160364,17.160364,-50.272857,-50.272857
4.902000,980.400000,46.845749,46.845749,17.959673,17.959673,17.414364,17.414364,-50.309149,-50.309149
4.904000,980.800000,46.845749,46.845749,17.963037,17.963037,17.719164,17.719164,-50.351057,-50.351057
4.906000,981.200000,46.845749,46.845749,17.972246,17.972246,18.023964,18.023964,-50.391185,-50.391185
4.908000,981.600000,46.845749,46.845749,17.987306,17.987306,18.277964,18.277964,-50.423273,-50.423273
4.910000,982.000000,46.845749,46.845749,18.008225,18.008225,18.582764,18.582764,-50.460165,-50.460165
4.912000,982.400000,46.845749,46.845749,18.035004,18.035004,18.887564,18.887564,-50.495308,-50.495308
4.914000,982.800000,46.845749,46.845749,18.067643,18.067643,19.192364,19.192364,-50.528713,-50.528713
4.916000,983.200000,46.845749,46.845749,18.106135,18.106135,19.446364,19.446364,-50.555230,-50.555230
4.918000,983.600000,46.845749,46.845749,18.150473,18.150473,19.751164,19.751164,-50.585474,-50.585474
4.920000,984.000000,46.845749,46.845749,18.200645,18.200645,20.055964,20.055964,-50.614009,-50.614009
4.922000,984.400000,46.845749,46.845749,18.256636,18.256636,20.360764,20.360764,-50.640844,-50.640844
4.924000,984.800000,46.845749,46.845749,18.318428,18.318428,20.614764,20.614764,-50.661917,-50.661917
4.926000,985.200000,46.845749,46.845749,18.385998,18.385998,20.919564,20.919564,-50.685663,-50.685663
4.928000,985.600000,46.845749,46.845749,18.459321,18.459321,21.224364,21.224364,-50.707739,-50.707739
4.930000,986.000000,46.845749,46.845749,18.538368,18.538368,21.478364,21.478364,-50.724865,-50.724865
4.932000,986.400000,46.845749,46.845749,18.623106,18.623106,21.783164,21.783164,-50.743902,-50.743902
4.934000,986.800000,46.845749,46.845749,18.713499,18.713499,22.087964,22.087964,-50.761294,-50.761294
4.936000,987.200000,46.845749,46.845749,18.809509,18.809509,22.392764,22.392764,-50.777052,-50.777052
4.938000,987.600000,46.845749,46.845749,18.911092,18.911092,22.646764,22.646764,-50.788941,-50.788941
4.940000,988.000000,46.845749,46.845749,19.018202,19.018202,22.951564,22.951564,-50.801725,-50.801725
4.942000,988.400000,46.845749,46.845749,19.130789,19.130789,23.256364,23.256364,-50.812900,-50.812900
4.944000,988.800000,46.845749,46.845749,19.248801,19.248801,23.561164,23.561164,-50.822475,-50.822475
4.946000,989.200000,46.845749,46.845749,19.372180,19.372180,23.815164,23.815164,-50.829237,-50.829237
4.948000,989.600000,46.845749,46.845749,19.500866,19.500866,24.119964,24.119964,-50.835901,-50.835901
4.950000,990.000000,46.845749,46.845749,19.634797,19.634797,24.424764,24.424764,-50.840989,-50.840989
4.952000,990.400000,46.845749,46.845749,19.773904,19.773904,24.678764,24.678764,-50.844031,-50.844031
4.954000,990.800000,46.845749,46.845749,19.918117,19.918117,24.983564,24.983564,-50.846251,-50.846251
4.956000,991.200000,46.845749,46.845749,20.067363,20.067363,25.288364,25.288364,-50.846920,-50.846920
4.958000,991.600000,46.845749,46.845749,20.221564,20.221564,25.593164,25.593164,-50.846045,-50.846045
4.960000,992.000000,46.845749,46.845749,20.380639,20.380639,25.847164,25.847164,-50.844142,-50.844142
4.962000,992.400000,46.845749,46.845749,20.544504,20.544504,26.151964,26.151964,-50.840457,-50.840457
4.964000,992.800000,46.845749,46.845749,20.713071,20.713071,26.456764,26.456764,-50.835251,-50.835251
4.966000,993.200000,46.845749,46.845749,20.886249,20.886249,26.761564,26.761564,-50.828531,-50.828531
4.968000,993.600000,46.845749,46.845749,21.063942,21.063942,27.015564,27.015564,-50.821780,-50.821780
4.970000,994.000000,46.845749,46.845749,21.246054,21.246054,27.320364,27.320364,-50.812306,-50.812306
4.972000,994.400000,46.845749,46.845749,21.432483,21.432483,27.625164,27.625164,-50.801339,-50.801339
4.974000,994.800000,46.845749,46.845749,21.623122,21.623122,27.879164,27.879164,-50.791066,-50.791066
4.976000,995.200000,46.845749,46.845749,21.817865,21.817865,28.183964,28.183964,-50.777384,-50.777384
4.978000,995.600000,46.845749,46.845749,22.016598,22.016598,28.488764,28.488764,-50.762231,-50.762231
4.980000,996.000000,46.845749,46.845749,22.219207,22.219207,28.793564,28.793564,-50.745613,-50.745613
4.982000,996.400000,46.845749,46.845749,22.425572,22.425572,29.047564,29.047564,-50.730653,-50.730653
4.984000,996.800000,46.845749,46.845749,22.635572,22.635572,29.352364,29.352364,-50.711370,-50.711370
4.986000,997.200000,46.845749,46.845749,22.849079,22.849079,29.657164,29.657164,-50.690644,-50.690644
4.988000,997.600000,46.845749,46.845749,23.065966,23.065966,29.961964,29.961964,-50.668481,-50.668481
4.990000,998.000000,46.845749,46.845749,23.286099,23.286099,30.215964,30.215964,-50.648919,-50.648919
4.992000,998.400000,46.845749,46.845749,23.509342,23.509342,30.520764,30.520764,-50.624139,-50.624139
4.994000,998.800000,46.845749,46.845749,23.735555,23.735555,30.825564,30.825564,-50.597941,-50.597941
4.996000,999.200000,46.845749,46.845749,23.964596,23.964596,31.079564,31.079564,-50.575031,-50.575031
4.998000,999.600000,46.845749,46.845749,24.196317,24.196317,31.384364,31.384364,-50.546251,-50.546251
5.000000,1000.000000,46.845749,46.845749,24.430569,24.430569,31.689164,31.689164,-50.516072,-50.516072
5.002000,1000.400000,46.845749,46.845749,24.667198,24.667198,31.993964,31.993964,-50.484499,-50.484499
5.004000,1000.800000,46.845749,46.845749,24.906047,24.906047,32.247964,32.247964,-50.457130,-50.457130
5.006000,1001.200000,46.845749,46.845749,25.146956,25.146956,32.552764,32.552764,-50.423020,-50.423020
5.008000,1001.600000,46.845749,46.845749,25.389761,25.389761,32.857564,32.857564,-50.387536,-50.387536
5.010000,1002.000000,46.845749,46.845749,25.634294,25.634294,33.162364,33.162364,-50.350682,-50.350682
5.012000,1002.400000,46.845749,46.845749,25.880385,25.880385,33.416364,33.416364,-50.318929,-50.318929
5.014000,1002.800000,46.845749,46.845749,26.127860,26.127860,33.721164,33.721164,-50.279581,-50.279581
5.016000,1003.200000,46.845749,46.845749,26.376540,26.376540,34.025964,34.025964,-50.238881,-50.238881
5.018000,1003.600000,46.845749,46.845749,26.626244,26.626244,34.279964,34.279964,-50.203936,-50.203936
5.020000,1004.000000,46.845749,46.845749,26.876788,26.876788,34.584764,34.584764,-50.160773,-50.160773
5.022000,1004.400000,46.845749,46.845749,27.127986,27.127986,34.889564,34.889564,-50.116273,-50.116273
5.024000,1004.800000,46.845749,46.845749,27.379659,27.379659,35.194364,35.194364,-50.070445,-50.070445
5.026000,1005.200000,46.845749,46.845749,27.631642,27.631642,35.448364,35.448364,-50.031242,-50.031242
5.028000,1005.600000,46.845749,46.845749,27.883783,27.883783,35.753164,35.753164,-49.982990,-49.982990
5.030000,1006.000000,46.845749,46.845749,28.135936,28.135936,36.057964,36.057964,-49.933423,-49.933423
5.032000,1006.400000,46.845749,46.845749,28.387965,28.387965,36.362764,36.362764,-49.882548,-49.882548
5.034000,1006.800000,46.845749,46.845749,28.639739,28.639739,36.616764,36.616764,-49.839157,-49.839157
5.036000,1007.200000,46.845749,46.845749,28.891135,28.891135,36.921564,36.921564,-49.785897,-49.785897
5.038000,1007.600000,46.845749,46.845749,29.142037,29.142037,37.226364,37.226364,-49.731344,-49.731344
5.040000,1008.000000,46.845749,46.845749,29.392332,29.392332,37.480364,37.480364,-49.684898,-49.684898
5.042000,1008.400000,46.845749,46.845749,29.641916,29.641916,37.785164,37.785164,-49.627987,-49.627987
5.044000,1008.800000,46.845749,46.845749,29.890688,29.890688,38.089964,38.089964,-49.569798,-49.569798
5.046000,1009.200000,46.845749,46.845749,30.138554,30.138554,38.394764,38.394764,-49.510335,-49.510335
5.048000,1009.600000,46.845749,46.845749,30.385425,30.385425,38.648764,38.648764,-49.459813,-49.459813
5.050000,1010.000000,46.845749,46.845749,30.631215,30.631215,38.953564,38.953564,-49.398028,-49.398028
5.052000,1010.400000,46.845749,46.845749,30.875845,30.875845,39.258364,39.258364,-49.334983,-49.334983
5.054000,1010.800000,46.845749,46.845749,31.119241,31.119241,39.563164,39.563164,-49.270684,-49.270684
5.056000,1011.200000,46.845749,46.845749,31.361332,31.361332,39.817164,39.817164,-49.216147,-49.216147
5.058000,1011.600000,46.845749,46.845749,31.602053,31.602053,40.121964,40.121964,-49.149561,-49.149561
5.060000,1012.000000,46.845749,46.845749,31.841344,31.841344,40.426764,40.426764,-49.081734,-49.081734
5.062000,1012.400000,46.845749,46.845749,32.079150,32.079150,40.680764,40.680764,-49.024266,-49.024266
5.064000,1012.800000,46.845749,46.845749,32.315419,32.315419,40.985564,40.985564,-48.954176,-48.954176
5.066000,1013.200000,46.845749,46.845749,32.550105,32.550105,41.290364,41.290364,-48.882858,-48.882858
5.068000,1013.600000,46.845749,46.845749,32.783167,32.783167,41.595164,41.595164,-48.810317,-48.810317
5.070000,1014.000000,46.845749,46.845749,33.014568,33.014568,41.849164,41.849164,-48.748936,-48.748936
5.072000,1014.400000,46.845749,46.845749,33.244278,33.244278,42.153964,42.153964,-48.674164,-48.674164
5.074000,1014.800000,46.845749,46.845749,33.472268,33.472268,42.458764,42.458764,-48.598182,-48.598182
5.076000,1015.200000,46.845749,46.845749,33.698517,33.698517,42.763564,42.763564,-48.520994,-48.520994
5.078000,1015.600000,46.845749,46.845749,33.923004,33.923004,43.017564,43.017564,-48.455752,-48.455752
5.080000,1016.000000,46.845749,46.845749,34.145711,34.145711,43.322364,43.322364,-48.376364,-48.376364
5.082000,1016.400000,46.845749,46.845749,34.366618,34.366618,43.627164,43.627164,-48.295782,-48.295782
5.084000,1016.800000,46.845749,46.845749,34.585706,34.585706,43.881164,43.881164,-48.227722,-48.227722
5.086000,1017.200000,46.845749,46.845749,34.802959,34.802959,44.185964,44.185964,-48.144962,-48.144962
5.088000,1017.600000,46.845749,46.845749,35.018358,35.018358,44.490764,44.490764,-48.061021,-48.061021
5.090000,1018.000000,46.845749,46.845749,35.231887,35.231887,44.795564,44.795564,-47.975901,-47.975901
5.092000,1018.400000,46.845749,46.845749,35.443528,35.443528,45.049564,45.049564,-47.904072,-47.904072
5.094000,1018.800000,46.845749,46.845749,35.653265,35.653265,45.354364,45.354364,-47.816803,-47.816803
5.096000,1019.200000,46.845749,46.845749,35.861082,35.861082,45.659164,45.659164,-47.728369,-47.728369
5.098000,1019.600000,46.845749,46.845749,36.066964,36.066964,45.913164,45.913164,-47.653785,-47.653785
5.100000,1020.000000,46.845749,46.845749,36.270896,36.270896,46.217964,46.217964,-47.563222,-47.563222
5.102000,1020.400000,46.845749,46.845749,36.472864,36.472864,46.522764,46.522764,-47.471504,-47.471504
5.104000,1020.800000,46.845749,46.845749,36.672853,36.672853,46.827564,46.827564,-47.378634,-47.378634
5.106000,1021.200000,46.845749,46.845749,36.870850,36.870850,46.845749,46.845749,-47.300366,-47.300366
5.108000,1021.600000,46.845749,46.845749,37.066842,37.066842,41.169272,41.169272,-47.205395,-47.205395
5.110000,1022.000000,46.845747,46.845747,37.260817,37.260817,37.040795,37.040795,-47.109284,-47.109284
5.112000,1022.400000,46.845721,46.845721,37.452761,37.452761,33.660332,33.660332,-47.012035,-47.012035
5.114000,1022.800000,46.845637,46.845637,37.642665,37.642665,31.205328,31.205328,-46.930128,-46.930128
5.116000,1023.200000,46.845448,46.845448,37.830515,37.830515,28.567641,28.567641,-46.830805,-46.830805
5.118000,1023.600000,46.845097,46.845097,38.016303,38.016303,26.185254,26.185254,-46.730354,-46.730354
5.120000,1024.000000,46.844522,46.844522,38.200018,38.200018,24.354154,24.354154,-46.645787,-46.645787
5.122000,1024.400000,46.843652,46.843652,38.381651,38.381651,22.308169,22.308169,-46.543280,-46.543280
5.124000,1024.800000,46.842410,46.842410,38.561191,38.561191,20.400606,20.400606,-46.439656,-46.439656
5.126000,1025.200000,46.840715,46.840715,38.738631,38.738631,18.610201,18.610201,-46.334919,-46.334919
5.128000,1025.600000,46.838480,46.838480,38.913963,38.913963,17.195828,17.195828,-46.246790,-46.246790
5.130000,1026.000000,46.835614,46.835614,39.087180,39.087180,15.580446,15.580446,-46.140021,-46.140021
5.132000,1026.400000,46.832023,46.832023,39.258273,39.258273,14.044402,14.044402,-46.032148,-46.032148
5.134000,1026.800000,46.827611,46.827611,39.427238,39.427238,12.579006,12.579006,-45.923175,-45.923175
5.136000,1027.200000,46.822275,46.822275,39.594067,39.594067,11.406579,11.406579,-45.831526,-45.831526
5.138000,1027.600000,46.815915,46.815915,39.758756,39.758756,10.052850,10.052850,-45.720545,-45.720545
5.140000,1028.000000,46.808424,46.808424,39.921300,39.921300,8.752197,8.752197,-45.608472,-45.608472
5.142000,1028.400000,46.799695,46.799695,40.081694,40.081694,7.705591,7.705591,-45.514247,-45.514247
5.144000,1028.800000,46.789622,46.789622,40.239935,40.239935,6.490974,6.490974,-45.400183,-45.400183
5.146000,1029.200000,46.778093,46.778093,40.396020,40.396020,5.318162,5.318162,-45.285036,-45.285036
5.148000,1029.600000,46.764998,46.764998,40.549945,40.549945,4.184108,4.184108,-45.168811,-45.168811
5.150000,1030.000000,46.750226,46.750226,40.701709,40.701709,3.266721,3.266721,-45.071135,-45.071135
5.152000,1030.400000,46.733665,46.733665,40.851310,40.851310,2.196963,2.196963,-44.952940,-44.952940
5.154000,1030.800000,46.715200,46.715200,40.998747,40.998747,1.159098,1.159098,-44.833676,-44.833676
5.156000,1031.200000,46.694719,46.694719,41.144019,41.144019,0.151181,0.151181,-44.713344,-44.713344
5.158000,1031.600000,46.672109,46.672109,41.287127,41.287127,-0.667142,-0.667142,-44.612254,-44.612254
5.160000,1032.000000,46.647256,46.647256,41.428072,41.428072,-1.624582,-1.624582,-44.489974,-44.489974
5.162000,1032.400000,46.620046,46.620046,41.566854,41.566854,-2.556618,-2.556618,-44.366635,-44.366635
5.164000,1032.800000,46.590368,46.590368,41.703474,41.703474,-3.314872,-3.314872,-44.263046,-44.263046
5.166000,1033.200000,46.558113,46.558113,41.837937,41.837937,-4.203706,-4.203706,-44.137774,-44.137774
5.168000,1033.600000,46.523177,46.523177,41.970243,41.970243,-5.070619,-5.070619,-44.011452,-44.011452
5.170000,1034.000000,46.485463,46.485463,42.100396,42.100396,-5.916649,-5.916649,-43.884082,-43.884082
5.172000,1034.400000,46.444875,46.444875,42.228401,42.228401,-6.606416,-6.606416,-43.777142,-43.777142
5.174000,1034.800000,46.401324,46.401324,42.354261,42.354261,-7.416597,-7.416597,-43.647859,-43.647859
5.176000,1035.200000,46.354726,46.354726,42.477981,42.477981,-8.208425,-8.208425,-43.517536,-43.517536
5.178000,1035.600000,46.304998,46.304998,42.599568,42.599568,-8.982671,-8.982671,-43.386176,-43.386176
5.180000,1036.000000,46.252065,46.252065,42.719027,42.719027,-9.614963,-9.614963,-43.275919,-43.275919
5.182000,1036.400000,46.195855,46.195855,42.836364,42.836364,-10.358801,-10.358801,-43.142665,-43.142665
5.184000,1036.800000,46.136301,46.136301,42.951587,42.951587,-11.086963,-11.086963,-43.008382,-43.008382
5.186000,1037.200000,46.073337,46.073337,43.064703,43.064703,-11.682217,-11.682217,-42.895695,-42.895695
5.188000,1037.600000,46.006906,46.006906,43.175720,43.175720,-12.383146,-12.383146,-42.759531,-42.759531
5.190000,1038.000000,45.936952,45.936952,43.284648,43.284648,-13.069976,-13.069976,-42.622346,-42.622346
5.192000,1038.400000,45.863423,45.863423,43.391494,43.391494,-13.743199,-13.743199,-42.484141,-42.484141
5.194000,1038.800000,45.786272,45.786272,43.496269,43.496269,-14.294160,-14.294160,-42.368194,-42.368194
5.196000,1039.200000,45.705456,45.705456,43.598982,43.598982,-14.943623,-14.943623,-42.228127,-42.228127
5.198000,1039.600000,45.620936,45.620936,43.699646,43.699646,-15.580726,-15.580726,-42.087048,-42.087048
5.200000,1040.000000,45.532674,45.532674,43.798270,43.798270,-16.205860,-16.205860,-41.944960,-41.944960
5.202000,1040.400000,45.440640,45.440640,43.894867,43.894867,-16.717933,-16.717933,-41.825783,-41.825783
5.204000,1040.800000,45.344806,45.344806,43.989448,43.989448,-17.322080,-17.322080,-41.681850,-41.681850
5.206000,1041.200000,45.245145,45.245145,44.082026,44.082026,-17.915264,-17.915264,-41.536913,-41.536913
5.208000,1041.600000,45.141638,45.141638,44.172615,44.172615,-18.401440,-18.401440,-41.415369,-41.415369
5.210000,1042.000000,45.034266,45.034266,44.261228,44.261228,-18.975345,-18.975345,-41.268600,-41.268600
5.212000,1042.400000,44.923016,44.923016,44.347879,44.347879,-19.539152,-19.539152,-41.120836,-41.120836
5.214000,1042.800000,44.807877,44.807877,44.432582,44.432582,-20.093141,-20.093141,-40.972078,-40.972078
5.216000,1043.200000,44.688841,44.688841,44.515354,44.515354,-20.547489,-20.547489,-40.847355,-40.847355
5.218000,1043.600000,44.565904,44.565904,44.596208,44.596208,-21.084155,-21.084155,-40.696781,-40.696781
5.220000,1044.000000,44.439066,44.439066,44.675161,44.675161,-21.611721,-21.611721,-40.545219,-40.545219
5.222000,1044.400000,44.308328,44.308328,44.752230,44.752230,-22.130419,-22.130419,-40.392673,-40.392673
5.224000,1044.800000,44.173697,44.173697,44.827431,44.827431,-22.556053,-22.556053,-40.264800,-40.264800
5.226000,1045.200000,44.035180,44.035180,44.900782,44.900782,-23.059062,-23.059062,-40.110454,-40.110454
5.228000,1045.600000,43.892790,43.892790,44.972299,44.972299,-23.553808,-23.553808,-39.955128,-39.955128
5.230000,1046.000000,43.746541,43.746541,45.042002,45.042002,-23.959924,-23.959924,-39.824944,-39.824944
5.232000,1046.400000,43.596450,43.596450,45.109908,45.109908,-24.440023,-24.440023,-39.667830,-39.667830
5.234000,1046.800000,43.442538,43.442538,45.176037,45.176037,-24.912393,-24.912393,-39.509743,-39.509743
5.236000,1047.200000,43.284828,43.284828,45.240408,45.240408,-25.377209,-25.377209,-39.350686,-39.350686
5.238000,1047.600000,43.123345,43.123345,45.303040,45.303040,-25.758907,-25.758907,-39.217398,-39.217398
5.240000,1048.000000,42.958119,42.958119,45.363953,45.363953,-26.210306,-26.210306,-39.056567,-39.056567
5.242000,1048.400000,42.789181,42.789181,45.423169,45.423169,-26.654609,-26.654609,-38.894771,-38.894771
5.244000,1048.800000,42.616564,42.616564,45.480707,45.480707,-27.091968,-27.091968,-38.732012,-38.732012
5.246000,1049.200000,42.440305,42.440305,45.536588,45.536588,-27.451233,-27.451233,-38.595645,-38.595645
5.248000,1049.600000,42.260443,42.260443,45.590835,45.590835,-27.876232,-27.876232,-38.431127,-38.431127
5.250000,1050.000000,42.077019,42.077019,45.643468,45.643468,-28.294682,-28.294682,-38.265651,-38.265651
5.252000,1050.400000,41.890078,41.890078,45.694511,45.694511,-28.638483,-28.638483,-38.127025,-38.127025
5.254000,1050.800000,41.699664,41.699664,45.743985,45.743985,-29.045265,-29.045265,-37.959800,-37.959800
5.256000,1051.200000,41.505827,41.505827,45.791913,45.791913,-29.445856,-29.445856,-37.791623,-37.791623
5.258000,1051.600000,41.308617,41.308617,45.838318,45.838318,-29.840375,-29.840375,-37.622497,-37.622497
5.260000,1052.000000,41.108087,41.108087,45.883223,45.883223,-30.164585,-30.164585,-37.480835,-37.480835
5.262000,1052.400000,40.904291,40.904291,45.926652,45.926652,-30.548266,-30.548266,-37.309972,-37.309972
5.264000,1052.800000,40.697288,40.697288,45.968629,45.968629,-30.926189,-30.926189,-37.138166,-37.138166
5.266000,1053.200000,40.487136,40.487136,46.009178,46.009178,-31.298457,-31.298457,-36.965416,-36.965416
5.268000,1053.600000,40.273896,40.273896,46.048322,46.048322,-31.604435,-31.604435,-36.820740,-36.820740
5.270000,1054.000000,40.057631,40.057631,46.086088,46.086088,-31.966596,-31.966596,-36.646268,-36.646268
5.272000,1054.400000,39.838406,39.838406,46.122498,46.122498,-32.323380,-32.323380,-36.470858,-36.470858
5.274000,1054.800000,39.616288,39.616288,46.157579,46.157579,-32.616659,-32.616659,-36.323968,-36.323968
5.276000,1055.200000,39.391346,39.391346,46.191356,46.191356,-32.963822,-32.963822,-36.146845,-36.146845
5.278000,1055.600000,39.163649,39.163649,46.223852,46.223852,-33.305860,-33.305860,-35.968788,-35.968788
5.280000,1056.000000,38.933270,38.933270,46.255096,46.255096,-33.642859,-33.642859,-35.789802,-35.789802
5.282000,1056.400000,38.700282,38.700282,46.285110,46.285110,-33.919901,-33.919901,-35.639936,-35.639936
5.284000,1056.800000,38.464761,38.464761,46.313923,46.313923,-34.247872,-34.247872,-35.459247,-35.459247
5.286000,1057.200000,38.226784,38.226784,46.341559,46.341559,-34.571029,-34.571029,-35.277633,-35.277633
5.288000,1057.600000,37.986428,37.986428,46.368044,46.368044,-34.889448,-34.889448,-35.095094,-35.095094
5.290000,1058.000000,37.743773,37.743773,46.393405,46.393405,-35.151231,-35.151231,-34.942273,-34.942273
5.292000,1058.400000,37.498901,37.498901,46.417668,46.417668,-35.461151,-35.461151,-34.758044,-34.758044
5.294000,1058.800000,37.251894,37.251894,46.440859,46.440859,-35.766536,-35.766536,-34.572896,-34.572896
5.296000,1059.200000,37.002837,37.002837,46.463004,46.463004,-36.017607,-36.017607,-34.417904,-34.417904
5.298000,1059.600000,36.751813,36.751813,46.484131,46.484131,-36.314851,-36.314851,-34.231073,-34.231073
5.300000,1060.000000,36.498909,36.498909,46.504264,46.504264,-36.607746,-36.607746,-34.043327,-34.043327
5.302000,1060.400000,36.244214,36.244214,46.523431,46.523431,-36.896354,-36.896354,-33.854668,-33.854668
5.304000,1060.800000,35.987815,35.987815,46.541658,46.541658,-37.133632,-37.133632,-33.696755,-33.696755
5.306000,1061.200000,35.729802,35.729802,46.558972,46.558972,-37.414540,-37.414540,-33.506425,-33.506425
5.308000,1061.600000,35.470267,35.470267,46.575399,46.575399,-37.691331,-37.691331,-33.315185,-33.315185
5.310000,1062.000000,35.209300,35.209300,46.590965,46.590965,-37.964062,-37.964062,-33.123038,-33.123038
5.312000,1062.400000,34.946995,34.946995,46.605696,46.605696,-38.188277,-38.188277,-32.962222,-32.962222
5.314000,1062.800000,34.683444,34.683444,46.619620,46.619620,-38.453707,-38.453707,-32.768414,-32.768414
5.316000,1063.200000,34.418744,34.418744,46.632761,46.632761,-38.715229,-38.715229,-32.573703,-32.573703
5.318000,1063.600000,34.152988,34.152988,46.645147,46.645147,-38.930218,-38.930218,-32.410754,-32.410754
5.320000,1064.000000,33.886272,33.886272,46.656802,46.656802,-39.184711,-39.184711,-32.214389,-32.214389
5.322000,1064.400000,33.618695,33.618695,46.667753,46.667753,-39.435440,-39.435440,-32.017125,-32.017125
5.324000,1064.800000,33.350352,33.350352,46.678025,46.678025,-39.682452,-39.682452,-31.818962,-31.818962
5.326000,1065.200000,33.081343,33.081343,46.687644,46.687644,-39.885492,-39.885492,-31.653142,-31.653142
5.328000,1065.600000,32.811765,32.811765,46.696634,46.696634,-40.125813,-40.125813,-31.453336,-31.453336
5.330000,1066.000000,32.541718,32.541718,46.705022,46.705022,-40.362549,-40.362549,-31.252636,-31.252636
5.332000,1066.400000,32.271302,32.271302,46.712831,46.712831,-40.595743,-40.595743,-31.051042,-31.051042
5.334000,1066.800000,32.000617,32.000617,46.720086,46.720086,-40.787397,-40.787397,-30.882367,-30.882367
5.336000,1067.200000,31.729763,31.729763,46.726812,46.726812,-41.014209,-41.014209,-30.679140,-30.679140
5.338000,1067.600000,31.458842,31.458842,46.733032,46.733032,-41.237598,-41.237598,-30.475023,-30.475023
5.340000,1068.000000,31.187955,31.187955,46.738771,46.738771,-41.421171,-41.421171,-30.304248,-30.304248
5.342000,1068.400000,30.917203,30.917203,46.744051,46.744051,-41.638391,-41.638391,-30.098505,-30.098505
5.344000,1068.800000,30.646688,30.646688,46.748896,46.748896,-41.852300,-41.852300,-29.891875,-29.891875
5.346000,1069.200000,30.376512,30.376512,46.753329,46.753329,-42.062937,-42.062937,-29.684362,-29.684362
5.348000,1069.600000,30.106778,30.106778,46.757371,46.757371,-42.235995,-42.235995,-29.510759,-29.510759
5.350000,1070.000000,29.837588,29.837588,46.761045,46.761045,-42.440729,-42.440729,-29.301627,-29.301627
5.352000,1070.400000,29.569044,29.569044,46.764372,46.764372,-42.642293,-42.642293,-29.091614,-29.091614
5.354000,1070.800000,29.301249,29.301249,46.767374,46.767374,-42.807867,-42.807867,-28.915931,-28.915931
5.356000,1071.200000,29.034305,29.034305,46.770071,46.770071,-43.003711,-43.003711,-28.704305,-28.704305
5.358000,1071.600000,28.768314,28.768314,46.772482,46.772482,-43.196483,-43.196483,-28.491802,-28.491802
5.360000,1072.000000,28.503380,28.503380,46.774628,46.774628,-43.386215,-43.386215,-28.278423,-28.278423
5.362000,1072.400000,28.239604,28.239604,46.776529,46.776529,-43.542027,-43.542027,-28.099938,-28.099938
5.364000,1072.800000,27.977088,27.977088,46.778201,46.778201,-43.726271,-43.726271,-27.884955,-27.884955
5.366000,1073.200000,27.715934,27.715934,46.779664,46.779664,-43.907565,-43.907565,-27.669098,-27.669098
5.368000,1073.600000,27.456245,27.456245,46.780935,46.780935,-44.085941,-44.085941,-27.452369,-27.452369
5.370000,1074.000000,27.198120,27.198120,46.782031,46.782031,-44.232378,-44.232378,-27.271096,-27.271096
5.372000,1074.400000,26.941663,26.941663,46.782968,46.782968,-44.405479,-44.405479,-27.052771,-27.052771
5.374000,1074.800000,26.686972,26.686972,46.783761,46.783761,-44.575744,-44.575744,-26.833576,-26.833576
5.376000,1075.200000,26.434148,26.434148,46.784426,46.784426,-44.715486,-44.715486,-26.650251,-26.650251
5.378000,1075.600000,26.183292,26.183292,46.784977,46.784977,-44.880625,-44.880625,-26.429466,-26.429466
5.380000,1076.000000,25.934503,25.934503,46.785427,46.785427,-45.043007,-45.043007,-26.207815,-26.207815
5.382000,1076.400000,25.687879,25.687879,46.785789,46.785789,-45.202658,-45.202658,-25.985299,-25.985299
5.384000,1076.800000,25.443519,25.443519,46.786075,46.786075,-45.333635,-45.333635,-25.799208,-25.799208
5.386000,1077.200000,25.201521,25.201521,46.786296,46.786296,-45.488349,-45.488349,-25.575109,-25.575109
5.388000,1077.600000,24.961981,24.961981,46.786462,46.786462,-45.640405,-45.640405,-25.350146,-25.350146
5.390000,1078.000000,24.724998,24.724998,46.786584,46.786584,-45.789830,-45.789830,-25.124323,-25.124323
5.392000,1078.400000,24.490665,24.490665,46.786670,46.786670,-45.912357,-45.912357,-24.935479,-24.935479
5.394000,1078.800000,24.259079,24.259079,46.786727,46.786727,-46.057019,-46.057019,-24.708079,-24.708079
5.396000,1079.200000,24.030334,24.030334,46.786763,46.786763,-46.199117,-46.199117,-24.479821,-24.479821
5.398000,1079.600000,23.804522,23.804522,46.786784,46.786784,-46.315591,-46.315591,-24.288950,-24.288950
5.400000,1080.000000,23.581738,23.581738,46.786794,46.786794,-46.453048,-46.453048,-24.059119,-24.059119
5.402000,1080.400000,23.362072,23.362072,46.786799,46.786799,-46.588007,-46.588007,-23.828433,-23.828433
5.404000,1080.800000,23.145616,23.145616,46.786800,46.786800,-46.720489,-46.720489,-23.596891,-23.596891
5.406000,1081.200000,22.932459,22.932459,46.786800,46.786800,-46.829014,-46.829014,-23.403287,-23.403287
5.408000,1081.600000,22.722691,22.722691,46.786800,46.786800,-46.957010,-46.957010,-23.170180,-23.170180
5.410000,1082.000000,22.516399,22.516399,46.786800,46.786800,-47.082591,-47.082591,-22.936220,-22.936220
5.412000,1082.400000,22.313670,22.313670,46.786800,46.786800,-47.205776,-47.205776,-22.701409,-22.701409
5.414000,1082.800000,22.114590,22.114590,46.786800,46.786800,-47.306615,-47.306615,-22.505083,-22.505083
5.416000,1083.200000,21.919244,21.919244,46.786800,46.786800,-47.425460,-47.425460,-22.268712,-22.268712
5.418000,1083.600000,21.727715,21.727715,46.786800,46.786800,-47.541967,-47.541967,-22.031491,-22.031491
5.420000,1084.000000,21.540086,21.540086,46.786800,46.786800,-47.637284,-47.637284,-21.833159,-21.833159
5.422000,1084.400000,21.356437,21.356437,46.786800,46.786800,-47.749553,-47.749553,-21.594384,-21.594384
5.424000,1084.800000,21.176849,21.176849,46.786800,46.786800,-47.859537,-47.859537,-21.354761,-21.354761
5.426000,1085.200000,21.001400,21.001400,46.786800,46.786800,-47.967256,-47.967256,-21.114292,-21.114292
5.428000,1085.600000,20.830166,20.830166,46.786800,46.786800,-48.055304,-48.055304,-20.913255,-20.913255
5.430000,1086.000000,20.663225,20.663225,46.786800,46.786800,-48.158915,-48.158915,-20.671236,-20.671236
5.432000,1086.400000,20.500651,20.500651,46.786800,46.786800,-48.260311,-48.260311,-20.428373,-20.428373
5.434000,1086.800000,20.342516,20.342516,46.786800,46.786800,-48.359509,-48.359509,-20.184667,-20.184667
5.436000,1087.200000,20.188893,20.188893,46.786800,46.786800,-48.440508,-48.440508,-19.980934,-19.980934
5.438000,1087.600000,20.039851,20.039851,46.786800,46.786800,-48.535722,-48.535722,-19.735683,-19.735683
5.440000,1088.000000,19.895458,19.895458,46.786800,46.786800,-48.628785,-48.628785,-19.489591,-19.489591
5.442000,1088.400000,19.755783,19.755783,46.786800,46.786800,-48.704708,-48.704708,-19.283871,-19.283871
5.444000,1088.800000,19.620890,19.620890,46.786800,46.786800,-48.793872,-48.793872,-19.036238,-19.036238
5.446000,1089.200000,19.490843,19.490843,46.786800,46.786800,-48.880933,-48.880933,-18.787765,-18.787765
5.448000,1089.600000,19.365704,19.365704,46.786800,46.786800,-48.965905,-48.965905,-18.538453,-18.538453
5.450000,1090.000000,19.245534,19.245534,46.786800,46.786800,-49.035130,-49.035130,-18.330053,-18.330053
5.452000,1090.400000,19.130392,19.130392,46.786800,46.786800,-49.116314,-49.116314,-18.079205,-18.079205
5.454000,1090.800000,19.020335,19.020335,46.786800,46.786800,-49.195452,-49.195452,-17.827520,-17.827520
5.456000,1091.200000,18.915418,18.915418,46.786800,46.786800,-49.272559,-49.272559,-17.574998,-17.574998
5.458000,1091.600000,18.815694,18.815694,46.786800,46.786800,-49.335275,-49.335275,-17.363925,-17.363925
5.460000,1092.000000,18.721215,18.721215,46.786800,46.786800,-49.408698,-49.408698,-17.109872,-17.109872
5.462000,1092.400000,18.632031,18.632031,46.786800,46.786800,-49.480131,-49.480131,-16.854984,-16.854984
5.464000,1092.800000,18.548190,18.548190,46.786800,46.786800,-49.538149,-49.538149,-16.641940,-16.641940
5.466000,1093.200000,18.469738,18.469738,46.786800,46.786800,-49.605971,-49.605971,-16.385524,-16.385524
5.468000,1093.600000,18.396718,18.396718,46.786800,46.786800,-49.671842,-49.671842,-16.128274,-16.128274
5.470000,1094.000000,18.329174,18.329174,46.786800,46.786800,-49.735777,-49.735777,-15.870192,-15.870192
5.472000,1094.400000,18.267144,18.267144,46.786800,46.786800,-49.787585,-49.787585,-15.654488,-15.654488
5.474000,1094.800000,18.210667,18.210667,46.786800,46.786800,-49.848002,-49.848002,-15.394880,-15.394880
5.476000,1095.200000,18.159779,18.159779,46.786800,46.786800,-49.906519,-49.906519,-15.134442,-15.134442
5.478000,1095.600000,18.114514,18.114514,46.786800,46.786800,-49.963148,-49.963148,-14.873174,-14.873174
5.480000,1096.000000,18.074903,18.074903,46.786800,46.786800,-50.008907,-50.008907,-14.654816,-14.654816
5.482000,1096.400000,18.040977,18.040977,46.786800,46.786800,-50.062108,-50.062108,-14.392026,-14.392026
5.484000,1096.800000,18.012762,18.012762,46.786800,46.786800,-50.113458,-50.113458,-14.128407,-14.128407
5.486000,1097.200000,17.990284,17.990284,46.786800,46.786800,-50.154843,-50.154843,-13.908092,-13.908092
5.488000,1097.600000,17.973565,17.973565,46.786800,46.786800,-50.202827,-50.202827,-13.642955,-13.642955
5.490000,1098.000000,17.962627,17.962627,46.786800,46.786800,-50.248993,-50.248993,-13.376989,-13.376989
5.492000,1098.400000,17.957487,17.957487,46.786800,46.786800,-50.293352,-50.293352,-13.110197,-13.110197
5.494000,1098.800000,17.958163,17.958163,46.786800,46.786800,-50.328945,-50.328945,-12.887238,-12.887238
5.496000,1099.200000,17.964667,17.964667,46.786800,46.786800,-50.370020,-50.370020,-12.618930,-12.618930
5.498000,1099.600000,17.977012,17.977012,46.786800,46.786800,-50.409320,-50.409320,-12.349796,-12.349796
5.500000,1100.000000,17.995205,17.995205,46.786800,46.786800,-50.446856,-50.446856,-12.079836,-12.079836
5.502000,1100.400000,18.019251,18.019251,46.786800,46.786800,-50.476797,-50.476797,-11.854239,-11.854239
5.504000,1100.800000,18.049150,18.049150,46.786800,46.786800,-50.511127,-50.511127,-11.582767,-11.582767
5.506000,1101.200000,18.084902,18.084902,46.786800,46.786800,-50.543723,-50.543723,-11.310470,-11.310470
5.508000,1101.600000,18.126499,18.126499,46.786800,46.786800,-50.569569,-50.569569,-11.082927,-11.082927
5.510000,1102.000000,18.173933,18.173933,46.786800,46.786800,-50.599014,-50.599014,-10.809119,-10.809119
5.512000,1102.400000,18.227190,18.227190,46.786800,46.786800,-50.626754,-50.626754,-10.534488,-10.534488
5.514000,1102.800000,18.286255,18.286255,46.786800,46.786800,-50.652799,-50.652799,-10.259034,-10.259034
5.516000,1103.200000,18.351108,18.351108,46.786800,46.786800,-50.673217,-50.673217,-10.028860,-10.028860
5.518000,1103.600000,18.421726,18.421726,46.786800,46.786800,-50.696181,-50.696181,-9.751898,-9.751898
5.520000,1104.000000,18.498082,18.498082,46.786800,46.786800,-50.717480,-50.717480,-9.474113,-9.474113
5.522000,1104.400000,18.580147,18.580147,46.786800,46.786800,-50.737121,-50.737121,-9.195507,-9.195507
5.524000,1104.800000,18.667885,18.667885,46.786800,46.786800,-50.752229,-50.752229,-8.962707,-8.962707
5.526000,1105.200000,18.761262,18.761262,46.786800,46.786800,-50.768857,-50.768857,-8.682594,-8.682594
5.528000,1105.600000,18.860235,18.860235,46.786800,46.786800,-50.783854,-50.783854,-8.401661,-8.401661
5.530000,1106.000000,18.964762,18.964762,46.786800,46.786800,-50.795113,-50.795113,-8.166922,-8.166922
5.532000,1106.400000,19.074794,19.074794,46.786800,46.786800,-50.807144,-50.807144,-7.884484,-7.884484
5.534000,1106.800000,19.190281,19.190281,46.786800,46.786800,-50.817571,-50.817571,-7.601226,-7.601226
5.536000,1107.200000,19.311169,19.311169,46.786800,46.786800,-50.826401,-50.826401,-7.317147,-7.317147
5.538000,1107.600000,19.437399,19.437399,46.786800,46.786800,-50.832546,-50.832546,-7.079789,-7.079789
5.540000,1108.000000,19.568911,19.568911,46.786800,46.786800,-50.838473,-50.838473,-6.794207,-6.794207
5.542000,1108.400000,19.705640,19.705640,46.786800,46.786800,-50.842827,-50.842827,-6.507806,-6.507806
5.544000,1108.800000,19.847517,19.847517,46.786800,46.786800,-50.845619,-50.845619,-6.220586,-6.220586
5.546000,1109.200000,19.994471,19.994471,46.786800,46.786800,-50.846756,-50.846756,-5.980611,-5.980611
5.548000,1109.600000,20.146427,20.146427,46.786800,46.786800,-50.846703,-50.846703,-5.691889,-5.691889
5.550000,1110.000000,20.303306,20.303306,46.786800,46.786800,-50.845109,-50.845109,-5.402349,-5.402349
5.552000,1110.400000,20.465026,20.465026,46.786800,46.786800,-50.842610,-50.842610,-5.160441,-5.160441
5.554000,1110.800000,20.631502,20.631502,46.786800,46.786800,-50.838214,-50.838214,-4.869400,-4.869400
5.556000,1111.200000,20.802644,20.802644,46.786800,46.786800,-50.832300,-50.832300,-4.577541,-4.577541
5.558000,1111.600000,20.978360,20.978360,46.786800,46.786800,-50.824876,-50.824876,-4.284864,-4.284864
5.560000,1112.000000,21.158555,21.158555,46.786800,46.786800,-50.817541,-50.817541,-4.040342,-4.040342
5.562000,1112.400000,21.343128,21.343128,46.786800,46.786800,-50.807369,-50.807369,-3.746166,-3.746166
5.564000,1112.800000,21.531977,21.531977,46.786800,46.786800,-50.795708,-50.795708,-3.451172,-3.451172
5.566000,1113.200000,21.724996,21.724996,46.786800,46.786800,-50.782566,-50.782566,-3.155361,-3.155361
5.568000,1113.600000,21.922075,21.922075,46.786800,46.786800,-50.770489,-50.770489,-2.908227,-2.908227
5.570000,1114.000000,22.123100,22.123100,46.786800,46.786800,-50.754651,-50.754651,-2.610917,-2.610917
5.572000,1114.400000,22.327956,22.327956,46.786800,46.786800,-50.737352,-50.737352,-2.312789,-2.312789
5.574000,1114.800000,22.536521,22.536521,46.786800,46.786800,-50.721826,-50.721826,-2.063726,-2.063726
5.576000,1115.200000,22.748672,22.748672,46.786800,46.786800,-50.701869,-50.701869,-1.764100,-1.764100
5.578000,1115.600000,22.964282,22.964282,46.786800,46.786800,-50.680470,-50.680470,-1.463657,-1.463657
5.580000,1116.000000,23.183221,23.183221,46.786800,46.786800,-50.657638,-50.657638,-1.162398,-1.162398
5.582000,1116.400000,23.405354,23.405354,46.786800,46.786800,-50.637521,-50.637521,-0.910724,-0.910724
5.584000,1116.800000,23.630545,23.630545,46.786800,46.786800,-50.612078,-50.612078,-0.607966,-0.607966
5.586000,1117.200000,23.858651,23.858651,46.786800,46.786800,-50.585221,-50.585221,-0.304392,-0.304392
5.588000,1117.600000,24.089529,24.089529,46.786800,46.786800,-50.556955,-50.556955,-0.000000,-0.000000
5.590000,1118.000000,24.323030,24.323030,46.786800,46.786800,-50.532329,-50.532329,0.254000,0.254000
5.592000,1118.400000,24.559004,24.559004,46.786800,46.786800,-50.501498,-50.501498,0.558800,0.558800
5.594000,1118.800000,24.797296,24.797296,46.786800,46.786800,-50.469277,-50.469277,0.863600,0.863600
5.596000,1119.200000,25.037746,25.037746,46.786800,46.786800,-50.441370,-50.441370,1.117600,1.117600
5.598000,1119.600000,25.280195,25.280195,46.786800,46.786800,-50.406617,-50.406617,1.422400,1.422400
5.600000,1120.000000,25.524476,25.524476,46.786800,46.786800,-50.370492,-50.370492,1.727200,1.727200
5.602000,1120.400000,25.770420,25.770420,46.786800,46.786800,-50.333001,-50.333001,2.032000,2.032000
5.604000,1120.800000,26.017856,26.017856,46.786800,46.786800,-50.300719,-50.300719,2.286000,2.286000
5.606000,1121.200000,26.266609,26.266609,46.786800,46.786800,-50.260739,-50.260739,2.590800,2.590800
5.608000,1121.600000,26.516498,26.516498,46.786800,46.786800,-50.219410,-50.219410,2.895600,2.895600
5.610000,1122.000000,26.767341,26.767341,46.786800,46.786800,-50.183942,-50.183942,3.149600,3.149600
5.612000,1122.400000,27.018954,27.018954,46.786800,46.786800,-50.140154,-50.140154,3.454400,3.454400
5.614000,1122.800000,27.271148,27.271148,46.786800,46.786800,-50.095033,-50.095033,3.759200,3.759200
5.616000,1123.200000,27.523752,27.523752,46.786800,46.786800,-50.048585,-50.048585,4.064000,4.064000
5.618000,1123.600000,27.776606,27.776606,46.786800,46.786800,-50.008869,-50.008869,4.318000,4.318000
5.620000,1124.000000,28.029562,28.029562,46.786800,46.786800,-49.960002,-49.960002,4.622800,4.622800
5.622000,1124.400000,28.282480,28.282480,46.786800,46.786800,-49.909824,-49.909824,4.927600,4.927600
5.624000,1124.800000,28.535224,28.535224,46.786800,46.786800,-49.858339,-49.858339,5.232400,5.232400
5.626000,1125.200000,28.787669,28.787669,46.786800,46.786800,-49.814442,-49.814442,5.486400,5.486400
5.628000,1125.600000,29.039694,29.039694,46.786800,46.786800,-49.760577,-49.760577,5.791200,5.791200
5.630000,1126.000000,29.291186,29.291186,46.786800,46.786800,-49.705422,-49.705422,6.096000,6.096000
5.632000,1126.400000,29.542034,29.542034,46.786800,46.786800,-49.658476,-49.658476,6.350000,6.350000
5.634000,1126.800000,29.792138,29.792138,46.786800,46.786800,-49.600967,-49.600967,6.654800,6.654800
5.636000,1127.200000,30.041399,30.041399,46.786800,46.786800,-49.542182,-49.542182,6.959600,6.959600
5.638000,1127.600000,30.289724,30.289724,46.786800,46.786800,-49.482126,-49.482126,7.264400,7.264400
5.640000,1128.000000,30.537026,30.537026,46.786800,46.786800,-49.431112,-49.431112,7.518400,7.518400
5.642000,1128.400000,30.783224,30.783224,46.786800,46.786800,-49.368738,-49.368738,7.823200,7.823200
5.644000,1128.800000,31.028240,31.028240,46.786800,46.786800,-49.305107,-49.305107,8.128000,8.128000
5.646000,1129.200000,31.272001,31.272001,46.786800,46.786800,-49.240224,-49.240224,8.432800,8.432800
5.648000,1129.600000,31.514440,31.514440,46.786800,46.786800,-49.185201,-49.185201,8.686800,8.686800
5.650000,1130.000000,31.755493,31.755493,46.786800,46.786800,-49.118035,-49.118035,8.991600,8.991600
5.652000,1130.400000,31.995102,31.995102,46.786800,46.786800,-49.049629,-49.049629,9.296400,9.296400
5.654000,1130.800000,32.233214,32.233214,46.786800,46.786800,-48.991682,-48.991682,9.550400,9.550400
5.656000,1131.200000,32.469780,32.469780,46.786800,46.786800,-48.921018,-48.921018,9.855200,9.855200
5.658000,1131.600000,32.704756,32.704756,46.786800,46.786800,-48.849128,-48.849128,10.160000,10.160000
5.660000,1132.000000,32.938103,32.938103,46.786800,46.786800,-48.776018,-48.776018,10.464800,10.464800
5.662000,1132.400000,33.169786,33.169786,46.786800,46.786800,-48.714163,-48.714163,10.718800,10.718800
5.664000,1132.800000,33.399776,33.399776,46.786800,46.786800,-48.638825,-48.638825,11.023600,11.023600
5.666000,1133.200000,33.628049,33.628049,46.786800,46.786800,-48.562279,-48.562279,11.328400,11.328400
5.668000,1133.600000,33.854582,33.854582,46.786800,46.786800,-48.484529,-48.484529,11.633200,11.633200
5.670000,1134.000000,34.079358,34.079358,46.786800,46.786800,-48.418821,-48.418821,11.887200,11.887200
5.672000,1134.400000,34.302355,34.302355,46.786800,46.786800,-48.338875,-48.338875,12.192000,12.192000
5.674000,1134.800000,34.523557,34.523557,46.786800,46.786800,-48.257737,-48.257737,12.496800,12.496800
5.676000,1135.200000,34.742943,34.742943,46.786800,46.786800,-48.189214,-48.189214,12.750800,12.750800
5.678000,1135.600000,34.960496,34.960496,46.786800,46.786800,-48.105902,-48.105902,13.055600,13.055600
5.680000,1136.000000,35.176199,35.176199,46.786800,46.786800,-48.021410,-48.021410,13.360400,13.360400
5.682000,1136.400000,35.390034,35.390034,46.786800,46.786800,-47.935742,-47.935742,13.665200,13.665200
5.684000,1136.800000,35.601984,35.601984,46.786800,46.786800,-47.863457,-47.863457,13.919200,13.919200
5.686000,1137.200000,35.812033,35.812033,46.786800,46.786800,-47.775643,-47.775643,14.224000,14.224000
5.688000,1137.600000,36.020165,36.020165,46.786800,46.786800,-47.686665,-47.686665,14.528800,14.528800
5.690000,1138.000000,36.226365,36.226365,46.786800,46.786800,-47.596526,-47.596526,14.833600,14.833600
5.692000,1138.400000,36.430618,36.430618,46.786800,46.786800,-47.520527,-47.520527,15.087600,15.087600
5.694000,1138.800000,36.632908,36.632908,46.786800,46.786800,-47.428270,-47.428270,15.392400,15.392400
5.696000,1139.200000,36.833222,36.833222,46.786800,46.786800,-47.334864,-47.334864,15.697200,15.697200
5.698000,1139.600000,37.031547,37.031547,46.786800,46.786800,-47.256150,-47.256150,15.951200,15.951200
5.700000,1140.000000,37.227869,37.227869,46.786800,46.786800,-47.160646,-47.160646,16.256000,16.256000
5.702000,1140.400000,37.422176,37.422176,46.786800,46.786800,-47.064003,-47.064003,16.560800,16.560800
5.704000,1140.800000,37.614455,37.614455,46.786800,46.786800,-46.966224,-46.966224,16.865600,16.865600
5.706000,1141.200000,37.804695,37.804695,46.786800,46.786800,-46.883878,-46.883878,17.119600,17.119600
5.708000,1141.600000,37.992884,37.992884,46.786800,46.786800,-46.784027,-46.784027,17.424400,17.424400
5.710000,1142.000000,38.179012,38.179012,46.786800,46.786800,-46.683051,-46.683051,17.729200,17.729200
5.712000,1142.400000,38.363069,38.363069,46.786800,46.786800,-46.580954,-46.580954,18.034000,18.034000
5.714000,1142.800000,38.545045,38.545045,46.786800,46.786800,-46.495019,-46.495019,18.288000,18.288000
5.716000,1143.200000,38.724931,38.724931,46.786800,46.786800,-46.390875,-46.390875,18.592800,18.592800
5.718000,1143.600000,38.902718,38.902718,46.786800,46.786800,-46.285619,-46.285619,18.897600,18.897600
5.720000,1144.000000,39.078398,39.078398,46.786800,46.786800,-46.197059,-46.197059,19.151600,19.151600
5.722000,1144.400000,39.251965,39.251965,46.786800,46.786800,-46.089774,-46.089774,19.456400,19.456400
5.724000,1144.800000,39.423409,39.423409,46.786800,46.786800,-45.981387,-45.981387,19.761200,19.761200
5.726000,1145.200000,39.592726,39.592726,46.786800,46.786800,-45.871901,-45.871901,20.066000,20.066000
5.728000,1145.600000,39.759909,39.759909,46.786800,46.786800,-45.779826,-45.779826,20.320000,20.320000
5.730000,1146.000000,39.924952,39.924952,46.786800,46.786800,-45.668334,-45.668334,20.624800,20.624800
5.732000,1146.400000,40.087851,40.087851,46.786800,46.786800,-45.555753,-45.555753,20.929600,20.929600
5.734000,1146.800000,40.248601,40.248601,46.786800,46.786800,-45.442086,-45.442086,21.234400,21.234400
5.736000,1147.200000,40.407199,40.407199,46.786800,46.786800,-45.346535,-45.346535,21.488400,21.488400
5.738000,1147.600000,40.563640,40.563640,46.786800,46.786800,-45.230885,-45.230885,21.793200,21.793200
5.740000,1148.000000,40.717923,40.717923,46.786800,46.786800,-45.114157,-45.114157,22.098000,22.098000
5.742000,1148.400000,40.870046,40.870046,46.786800,46.786800,-45.016063,-45.016063,22.352000,22.352000
5.744000,1148.800000,41.020006,41.020006,46.786800,46.786800,-44.897368,-44.897368,22.656800,22.656800
5.746000,1149.200000,41.167802,41.167802,46.786800,46.786800,-44.777605,-44.777605,22.961600,22.961600
5.748000,1149.600000,41.313433,41.313433,46.786800,46.786800,-44.656775,-44.656775,23.266400,23.266400
5.750000,1150.000000,41.456901,41.456901,46.786800,46.786800,-44.555273,-44.555273,23.520400,23.520400
5.752000,1150.400000,41.598204,41.598204,46.786800,46.786800,-44.432498,-44.432498,23.825200,23.825200
5.754000,1150.800000,41.737345,41.737345,46.786800,46.786800,-44.308665,-44.308665,24.130000,24.130000
5.756000,1151.200000,41.874324,41.874324,46.786800,46.786800,-44.183779,-44.183779,24.434800,24.434800
5.758000,1151.600000,42.009145,42.009145,46.786800,46.786800,-44.078903,-44.078903,24.688800,24.688800
5.760000,1152.000000,42.141809,42.141809,46.786800,46.786800,-43.952091,-43.952091,24.993600,24.993600
5.762000,1152.400000,42.272320,42.272320,46.786800,46.786800,-43.824233,-43.824233,25.298400,25.298400
5.764000,1152.800000,42.400682,42.400682,46.786800,46.786800,-43.716887,-43.716887,25.552400,25.552400
5.766000,1153.200000,42.526898,42.526898,46.786800,46.786800,-43.587118,-43.587118,25.857200,25.857200
5.768000,1153.600000,42.650975,42.650975,46.786800,46.786800,-43.456310,-43.456310,26.162000,26.162000
5.770000,1154.000000,42.772916,42.772916,46.786800,46.786800,-43.324467,-43.324467,26.466800,26.466800
5.772000,1154.400000,42.892729,42.892729,46.786800,46.786800,-43.213808,-43.213808,26.720800,26.720800
5.774000,1154.800000,43.010418,43.010418,46.786800,46.786800,-43.080073,-43.080073,27.025600,27.025600
5.776000,1155.200000,43.125993,43.125993,46.786800,46.786800,-42.945310,-42.945310,27.330400,27.330400
5.778000,1155.600000,43.239459,43.239459,46.786800,46.786800,-42.809522,-42.809522,27.635200,27.635200
5.780000,1156.000000,43.350825,43.350825,46.786800,46.786800,-42.695583,-42.695583,27.889200,27.889200
5.782000,1156.400000,43.460099,43.460099,46.786800,46.786800,-42.557921,-42.557921,28.194000,28.194000
5.784000,1156.800000,43.567292,43.567292,46.786800,46.786800,-42.419241,-42.419241,28.498800,28.498800
5.786000,1157.200000,43.672411,43.672411,46.786800,46.786800,-42.302899,-42.302899,28.752800,28.752800
5.788000,1157.600000,43.775467,43.775467,46.786800,46.786800,-42.162359,-42.162359,29.057600,29.057600
5.790000,1158.000000,43.876472,43.876472,46.786800,46.786800,-42.020808,-42.020808,29.362400,29.362400
5.792000,1158.400000,43.975435,43.975435,46.786800,46.786800,-41.878249,-41.878249,29.667200,29.667200
5.794000,1158.800000,44.072368,44.072368,46.786800,46.786800,-41.758681,-41.758681,29.921200,29.921200
5.796000,1159.200000,44.167284,44.167284,46.786800,46.786800,-41.614279,-41.614279,30.226000,30.226000
5.798000,1159.600000,44.260195,44.260195,46.786800,46.786800,-41.468875,-41.468875,30.530800,30.530800
5.800000,1160.000000,44.351115,44.351115,46.786800,46.786800,-41.322472,-41.322472,30.835600,30.835600
5.802000,1160.400000,44.440055,44.440055,46.786800,46.786800,-41.199708,-41.199708,31.089600,31.089600
5.804000,1160.800000,44.527032,44.527032,46.786800,46.786800,-41.051479,-41.051479,31.394400,31.394400
5.806000,1161.200000,44.612059,44.612059,46.786800,46.786800,-40.902257,-40.902257,31.699200,31.699200
5.808000,1161.600000,44.695151,44.695151,46.786800,46.786800,-40.777149,-40.777149,31.953200,31.953200
5.810000,1162.000000,44.776323,44.776323,46.786800,46.786800,-40.626113,-40.626113,32.258000,32.258000
5.812000,1162.400000,44.855592,44.855592,46.786800,46.786800,-40.474092,-40.474092,32.562800,32.562800
5.814000,1162.800000,44.932973,44.932973,46.786800,46.786800,-40.321086,-40.321086,32.867600,32.867600
5.816000,1163.200000,45.008484,45.008484,46.786800,46.786800,-40.192831,-40.192831,33.121600,33.121600
5.818000,1163.600000,45.082140,45.082140,46.786800,46.786800,-40.038027,-40.038027,33.426400,33.426400
5.820000,1164.000000,45.153961,45.153961,46.786800,46.786800,-39.882245,-39.882245,33.731200,33.731200
5.822000,1164.400000,45.223964,45.223964,46.786800,46.786800,-39.725488,-39.725488,34.036000,34.036000
5.824000,1164.800000,45.292168,45.292168,46.786800,46.786800,-39.594113,-39.594113,34.290000,34.290000
5.826000,1165.200000,45.358590,45.358590,46.786800,46.786800,-39.435573,-39.435573,34.594800,34.594800
5.828000,1165.600000,45.423251,45.423251,46.786800,46.786800,-39.276063,-39.276063,34.899600,34.899600
5.830000,1166.000000,45.486171,45.486171,46.786800,46.786800,-39.142398,-39.142398,35.153600,35.153600
5.832000,1166.400000,45.547367,45.547367,46.786800,46.786800,-38.981116,-38.981116,35.458400,35.458400
5.834000,1166.800000,45.606863,45.606863,46.786800,46.786800,-38.818870,-38.818870,35.763200,35.763200
5.836000,1167.200000,45.664677,45.664677,46.786800,46.786800,-38.655662,-38.655662,36.068000,36.068000
5.838000,1167.600000,45.720831,45.720831,46.786800,46.786800,-38.518923,-38.518923,36.322000,36.322000
5.840000,1168.000000,45.775346,45.775346,46.786800,46.786800,-38.353957,-38.353957,36.626800,36.626800
5.842000,1168.400000,45.828244,45.828244,46.786800,46.786800,-38.188035,-38.188035,36.931600,36.931600
5.844000,1168.800000,45.879547,45.879547,46.786800,46.786800,-38.049038,-38.049038,37.185600,37.185600
5.846000,1169.200000,45.929278,45.929278,46.786800,46.786800,-37.881368,-37.881368,37.490400,37.490400
5.848000,1169.600000,45.977459,45.977459,46.786800,46.786800,-37.712747,-37.712747,37.795200,37.795200
5.850000,1170.000000,46.024112,46.024112,46.786800,46.786800,-37.543178,-37.543178,38.100000,38.100000
5.852000,1170.400000,46.069262,46.069262,46.786800,46.786800,-37.401147,-37.401147,38.354000,38.354000
5.854000,1170.800000,46.112932,46.112932,46.786800,46.786800,-37.229844,-37.229844,38.658800,38.658800
5.856000,1171.200000,46.155145,46.155145,46.786800,46.786800,-37.057596,-37.057596,38.963600,38.963600
5.858000,1171.600000,46.195926,46.195926,46.786800,46.786800,-36.884408,-36.884408,39.268400,39.268400
5.860000,1172.000000,46.235298,46.235298,46.786800,46.786800,-36.739366,-36.739366,39.522400,39.522400
5.862000,1172.400000,46.273287,46.273287,46.786800,46.786800,-36.564455,-36.564455,39.827200,39.827200
5.864000,1172.800000,46.309917,46.309917,46.786800,46.786800,-36.388608,-36.388608,40.132000,40.132000
5.866000,1173.200000,46.345213,46.345213,46.786800,46.786800,-36.241355,-36.241355,40.386000,40.386000
5.868000,1173.600000,46.379200,46.379200,46.786800,46.786800,-36.063795,-36.063795,40.690800,40.690800
5.870000,1174.000000,46.411903,46.411903,46.786800,46.786800,-35.885304,-35.885304,40.995600,40.995600
5.872000,1174.400000,46.443348,46.443348,46.786800,46.786800,-35.705883,-35.705883,41.300400,41.300400
5.874000,1174.800000,46.473561,46.473561,46.786800,46.786800,-35.555657,-35.555657,41.554400,41.554400
5.876000,1175.200000,46.502566,46.502566,46.786800,46.786800,-35.374535,-35.374535,41.859200,41.859200
5.878000,1175.600000,46.530391,46.530391,46.786800,46.786800,-35.192489,-35.192489,42.164000,42.164000
5.880000,1176.000000,46.557060,46.557060,46.786800,46.786800,-35.009519,-35.009519,42.468800,42.468800
5.882000,1176.400000,46.582601,46.582601,46.786800,46.786800,-34.856340,-34.856340,42.722800,42.722800
5.884000,1176.800000,46.607039,46.607039,46.786800,46.786800,-34.671681,-34.671681,43.027600,43.027600
5.886000,1177.200000,46.630401,46.630401,46.786800,46.786800,-34.486103,-34.486103,43.332400,43.332400
5.888000,1177.600000,46.652713,46.652713,46.786800,46.786800,-34.330754,-34.330754,43.586400,43.586400
5.890000,1178.000000,46.674001,46.674001,46.786800,46.786800,-34.143496,-34.143496,43.891200,43.891200
5.892000,1178.400000,46.694292,46.694292,46.786800,46.786800,-33.955323,-33.955323,44.196000,44.196000
5.894000,1178.800000,46.713613,46.713613,46.786800,46.786800,-33.766238,-33.766238,44.500800,44.500800
5.896000,1179.200000,46.731989,46.731989,46.786800,46.786800,-33.607970,-33.607970,44.754800,44.754800
5.898000,1179.600000,46.749447,46.749447,46.786800,46.786800,-33.417215,-33.417215,45.059600,45.059600
5.900000,1180.000000,46.766014,46.766014,46.786800,46.786800,-33.225551,-33.225551,45.364400,45.364400
5.902000,1180.400000,46.781715,46.781715,46.786800,46.786800,-33.032980,-33.032980,45.669200,45.669200
5.904000,1180.800000,46.796578,46.796578,46.786800,46.786800,-32.871813,-32.871813,45.923200,45.923200
5.906000,1181.200000,46.810629,46.810629,46.786800,46.786800,-32.677582,-32.677582,46.228000,46.228000
5.908000,1181.600000,46.823893,46.823893,46.786800,46.786800,-32.482449,-32.482449,46.532800,46.532800
5.910000,1182.000000,46.836397,46.836397,46.786800,46.786800,-32.319149,-32.319149,46.786800,46.786800
5.912000,1182.400000,46.848167,46.848167,46.786800,46.786800,-32.122364,-32.122364,46.612132,46.612132
5.914000,1182.800000,46.859228,46.859228,46.786800,46.786800,-31.924680,-31.924680,41.015957,41.015957
5.916000,1183.200000,46.869606,46.869606,46.786797,46.786797,-31.726099,-31.726099,36.919782,36.919782
5.918000,1183.600000,46.879327,46.879327,46.786769,46.786769,-31.559929,-31.559929,34.081374,34.081374
5.920000,1184.000000,46.888415,46.888415,46.786683,46.786683,-31.359706,-31.359706,31.113615,31.113615
5.922000,1184.400000,46.896896,46.896896,46.786491,46.786491,-31.158588,-31.158588,28.485500,28.485500
5.924000,1184.800000,46.904796,46.904796,46.786139,46.786139,-30.956578,-30.956578,26.110447,26.110447
5.926000,1185.200000,46.912137,46.912137,46.785563,46.785563,-30.787556,-30.787556,24.284307,24.284307
5.928000,1185.600000,46.918945,46.918945,46.784691,46.784691,-30.583913,-30.583913,22.243287,22.243287
5.930000,1186.000000,46.925244,46.925244,46.783449,46.783449,-30.379382,-30.379382,20.339887,20.339887
5.932000,1186.400000,46.931058,46.931058,46.781753,46.781753,-30.208261,-30.208261,18.843489,18.843489
5.934000,1186.800000,46.936409,46.936409,46.779518,46.779518,-30.002104,-30.002104,17.141269,17.141269
5.936000,1187.200000,46.941322,46.941322,46.776653,46.776653,-29.795061,-29.795061,15.528656,15.528656
5.938000,1187.600000,46.945818,46.945818,46.773065,46.773065,-29.587135,-29.587135,13.995068,13.995068
5.940000,1188.000000,46.949921,46.949921,46.768656,46.768656,-29.413189,-29.413189,12.771166,12.771166
5.942000,1188.400000,46.953652,46.953652,46.763326,46.763326,-29.203645,-29.203645,11.361106,11.361106
5.944000,1188.800000,46.957033,46.957033,46.756972,46.756972,-28.993221,-28.993221,10.009204,10.009204
5.946000,1189.200000,46.960085,46.960085,46.749490,46.749490,-28.781917,-28.781917,8.710219,8.710219
5.948000,1189.600000,46.962828,46.962828,46.740774,46.740774,-28.605160,-28.605160,7.664896,7.664896
5.950000,1190.000000,46.965283,46.965283,46.730714,46.730714,-28.392248,-28.392248,6.451708,6.451708
5.952000,1190.400000,46.967471,46.967471,46.719201,46.719201,-28.178459,-28.178459,5.280218,5.280218
5.954000,1190.800000,46.969409,46.969409,46.706124,46.706124,-27.999634,-27.999634,4.333630,4.333630
5.956000,1191.200000,46.971116,46.971116,46.691373,46.691373,-27.784243,-27.784243,3.230967,3.230967
5.958000,1191.600000,46.972611,46.972611,46.674834,46.674834,-27.567978,-27.567978,2.162292,2.162292
5.960000,1192.000000,46.973912,46.973912,46.656396,46.656396,-27.350842,-27.350842,1.125442,1.125442
5.962000,1192.400000,46.975034,46.975034,46.635945,46.635945,-27.169231,-27.169231,0.284309,0.284309
5.964000,1192.800000,46.975995,46.975995,46.613367,46.613367,-26.950499,-26.950499,-0.699088,-0.699088
5.966000,1193.200000,46.976810,46.976810,46.588549,46.588549,-26.730899,-26.730899,-1.655669,-1.655669
5.968000,1193.600000,46.977494,46.977494,46.561379,46.561379,-26.510432,-26.510432,-2.586891,-2.586891
5.970000,1194.000000,46.978062,46.978062,46.531744,46.531744,-26.326047,-26.326047,-3.344500,-3.344500
5.972000,1194.400000,46.978527,46.978527,46.499536,46.499536,-26.103992,-26.103992,-4.232595,-4.232595
5.974000,1194.800000,46.978902,46.978902,46.464652,46.464652,-25.881071,-25.881071,-5.098804,-5.098804
5.976000,1195.200000,46.979199,46.979199,46.426993,46.426993,-25.694645,-25.694645,-5.804677,-5.804677
5.978000,1195.600000,46.979429,46.979429,46.386464,46.386464,-25.470142,-25.470142,-6.633394,-6.633394
5.980000,1196.000000,46.979604,46.979604,46.342977,46.342977,-25.244778,-25.244778,-7.442957,-7.442957
5.982000,1196.400000,46.979732,46.979732,46.296446,46.296446,-25.018552,-25.018552,-8.234195,-8.234195
5.984000,1196.800000,46.979823,46.979823,46.246790,46.246790,-24.829374,-24.829374,-8.880116,-8.880116
5.986000,1197.200000,46.979884,46.979884,46.193934,46.193934,-24.601573,-24.601573,-9.639712,-9.639712
5.988000,1197.600000,46.979923,46.979923,46.137805,46.137805,-24.372913,-24.372913,-10.383024,-10.383024
5.990000,1198.000000,46.979945,46.979945,46.078336,46.078336,-24.143397,-24.143397,-11.110680,-11.110680
5.992000,1198.400000,46.979957,46.979957,46.015464,46.015464,-23.951478,-23.951478,-11.705527,-11.705527
5.994000,1198.800000,46.979962,46.979962,45.949128,45.949128,-23.720392,-23.720392,-12.405983,-12.405983
5.996000,1199.200000,46.979963,46.979963,45.879274,45.879274,-23.488452,-23.488452,-13.092357,-13.092357
5.998000,1199.600000,46.979964,46.979964,45.805851,45.805851,-23.294516,-23.294516,-13.653934,-13.653934
6.000000,1200.000000,46.979964,46.979964,45.728810,45.728810,-23.061010,-23.061010,-14.315747,-14.315747
6.002000,1200.400000,46.979964,46.979964,45.648110,45.648110,-22.826652,-22.826652,-14.964796,-14.964796
6.004000,1200.800000,46.979964,46.979964,45.563710,45.563710,-22.591443,-22.591443,-15.601498,-15.601498
6.006000,1201.200000,46.979964,46.979964,45.475574,45.475574,-22.394786,-22.394786,-16.122935,-16.122935
6.008000,1201.600000,46.979964,46.979964,45.383671,45.383671,-22.158018,-22.158018,-16.738005,-16.738005
6.010000,1202.000000,46.979964,46.979964,45.287972,45.287972,-21.920401,-21.920401,-17.341785,-17.341785
6.012000,1202.400000,46.979964,46.979964,45.188453,45.188453,-21.681936,-21.681936,-17.934613,-17.934613
6.014000,1202.800000,46.979964,46.979964,45.085092,45.085092,-21.482568,-21.482568,-18.420501,-18.420501
6.016000,1203.200000,46.979964,46.979964,44.977873,44.977873,-21.242550,-21.242550,-18.994069,-18.994069
6.018000,1203.600000,46.979964,46.979964,44.866780,44.866780,-21.001686,-21.001686,-19.557549,-19.557549
6.020000,1204.000000,46.979964,46.979964,44.751804,44.751804,-20.800320,-20.800320,-20.019610,-20.019610
6.022000,1204.400000,46.979964,46.979964,44.632936,44.632936,-20.557907,-20.557907,-20.565308,-20.565308
6.024000,1204.800000,46.979964,46.979964,44.510173,44.510173,-20.314650,-20.314650,-21.101671,-21.101671
6.026000,1205.200000,46.979964,46.979964,44.383514,44.383514,-20.070549,-20.070549,-21.628941,-21.628941
6.028000,1205.600000,46.979964,46.979964,44.252961,44.252961,-19.866489,-19.866489,-22.061555,-22.061555
6.030000,1206.000000,46.979964,46.979964,44.118520,44.118520,-19.620845,-19.620845,-22.572750,-22.572750
6.032000,1206.400000,46.979964,46.979964,43.980198,43.980198,-19.374359,-19.374359,-23.075484,-23.075484
6.034000,1206.800000,46.979964,46.979964,43.838009,43.838009,-19.127034,-19.127034,-23.569960,-23.569960
6.036000,1207.200000,46.979964,46.979964,43.691967,43.691967,-18.920287,-18.920287,-23.975858,-23.975858
6.038000,1207.600000,46.979964,46.979964,43.542088,43.542088,-18.671423,-18.671423,-24.455699,-24.455699
6.040000,1208.000000,46.979964,46.979964,43.388393,43.388393,-18.421719,-18.421719,-24.927818,-24.927818
6.042000,1208.400000,46.979964,46.979964,43.230906,43.230906,-18.212993,-18.212993,-25.315477,-25.315477
6.044000,1208.800000,46.979964,46.979964,43.069652,43.069652,-17.961754,-17.961754,-25.773885,-25.773885
6.046000,1209.200000,46.979964,46.979964,42.904659,42.904659,-17.709678,-17.709678,-26.225048,-26.225048
6.048000,1209.600000,46.979964,46.979964,42.735960,42.735960,-17.456766,-17.456766,-26.669120,-26.669120
6.050000,1210.000000,46.979964,46.979964,42.563587,42.563587,-17.245368,-17.245368,-27.033873,-27.033873
6.052000,1210.400000,46.979964,46.979964,42.387578,42.387578,-16.990925,-16.990925,-27.465333,-27.465333
6.054000,1210.800000,46.979964,46.979964,42.207971,42.207971,-16.735647,-16.735647,-27.890114,-27.890114
6.056000,1211.200000,46.979964,46.979964,42.024808,42.024808,-16.479536,-16.479536,-28.308351,-28.308351
6.058000,1211.600000,46.979964,46.979964,41.838132,41.838132,-16.265473,-16.265473,-28.651978,-28.651978
6.060000,1212.000000,46.979964,46.979964,41.647989,41.647989,-16.007834,-16.007834,-29.058553,-29.058553
6.062000,1212.400000,46.979964,46.979964,41.454428,41.454428,-15.749364,-15.749364,-29.458942,-29.458942
6.064000,1212.800000,46.979964,46.979964,41.257499,41.257499,-15.533336,-15.533336,-29.787960,-29.787960
6.066000,1213.200000,46.979964,46.979964,41.057255,41.057255,-15.273340,-15.273340,-30.177311,-30.177311
6.068000,1213.600000,46.979964,46.979964,40.853751,40.853751,-15.012514,-15.012514,-30.560801,-30.560801
6.070000,1214.000000,46.979964,46.979964,40.647044,40.647044,-14.750858,-14.750858,-30.938536,-30.938536
6.072000,1214.400000,46.979964,46.979964,40.437193,40.437193,-14.532177,-14.532177,-31.248994,-31.248994
6.074000,1214.800000,46.979964,46.979964,40.224259,40.224259,-14.269000,-14.269000,-31.616446,-31.616446
6.076000,1215.200000,46.979964,46.979964,40.008305,40.008305,-14.004994,-14.004994,-31.978429,-31.978429
6.078000,1215.600000,46.979964,46.979964,39.789396,39.789396,-13.740160,-13.740160,-32.335038,-32.335038
6.080000,1216.000000,46.979964,46.979964,39.567599,39.567599,-13.518833,-13.518833,-32.628173,-32.628173
6.082000,1216.400000,46.979964,46.979964,39.342982,39.342982,-13.252481,-13.252481,-32.975165,-32.975165
6.084000,1216.800000,46.979964,46.979964,39.115615,39.115615,-12.985302,-12.985302,-33.317037,-33.317037
6.086000,1217.200000,46.979964,46.979964,38.885570,38.885570,-12.762022,-12.762022,-33.598078,-33.598078
6.088000,1217.600000,46.979964,46.979964,38.652921,38.652921,-12.493328,-12.493328,-33.930778,-33.930778
6.090000,1218.000000,46.979964,46.979964,38.417743,38.417743,-12.223808,-12.223808,-34.258589,-34.258589
6.092000,1218.400000,46.979964,46.979964,38.180112,38.180112,-11.953463,-11.953463,-34.581589,-34.581589
6.094000,1218.800000,46.979964,46.979964,37.940108,37.940108,-11.727545,-11.727545,-34.847135,-34.847135
6.096000,1219.200000,46.979964,46.979964,37.697809,37.697809,-11.455687,-11.455687,-35.161509,-35.161509
6.098000,1219.600000,46.979964,46.979964,37.453297,37.453297,-11.183005,-11.183005,-35.471279,-35.471279
6.100000,1220.000000,46.979964,46.979964,37.206654,37.206654,-10.955141,-10.955141,-35.725955,-35.725955
6.102000,1220.400000,46.979964,46.979964,36.957964,36.957964,-10.680949,-10.680949,-36.027465,-36.027465
6.104000,1220.800000,46.979964,46.979964,36.707312,36.707312,-10.405933,-10.405933,-36.324564,-36.324564
6.106000,1221.200000,46.979964,46.979964,36.454785,36.454785,-10.130095,-10.130095,-36.617317,-36.617317
6.108000,1221.600000,46.979964,46.979964,36.200468,36.200468,-9.899601,-9.899601,-36.858002,-36.858002
6.110000,1222.000000,46.979964,46.979964,35.944452,35.944452,-9.622255,-9.622255,-37.142947,-37.142947
6.112000,1222.400000,46.979964,46.979964,35.686826,35.686826,-9.344086,-9.344086,-37.423719,-37.423719
6.114000,1222.800000,46.979964,46.979964,35.427680,35.427680,-9.065096,-9.065096,-37.700376,-37.700376
6.116000,1223.200000,46.979964,46.979964,35.167106,35.167106,-8.831976,-8.831976,-37.927821,-37.927821
6.118000,1223.600000,46.979964,46.979964,34.905197,34.905197,-8.551480,-8.551480,-38.197079,-38.197079
6.120000,1224.000000,46.979964,46.979964,34.642046,34.642046,-8.270163,-8.270163,-38.462380,-38.462380
6.122000,1224.400000,46.979964,46.979964,34.377748,34.377748,-8.035106,-8.035106,-38.680478,-38.680478
6.124000,1224.800000,46.979964,46.979964,34.112397,34.112397,-7.752284,-7.752284,-38.938658,-38.938658
6.126000,1225.200000,46.979964,46.979964,33.846089,33.846089,-7.468643,-7.468643,-39.193026,-39.193026
6.128000,1225.600000,46.979964,46.979964,33.578922,33.578922,-7.184181,-7.184181,-39.443632,-39.443632
6.130000,1226.000000,46.979964,46.979964,33.310992,33.310992,-6.946504,-6.946504,-39.649631,-39.649631
6.132000,1226.400000,46.979964,46.979964,33.042398,33.042398,-6.660539,-6.660539,-39.893462,-39.893462
6.134000,1226.800000,46.979964,46.979964,32.773237,32.773237,-6.373756,-6.373756,-40.133665,-40.133665
6.136000,1227.200000,46.979964,46.979964,32.503610,32.503610,-6.086153,-6.086153,-40.370283,-40.370283
6.138000,1227.600000,46.979964,46.979964,32.233616,32.233616,-5.845859,-5.845859,-40.564759,-40.564759
6.140000,1228.000000,46.979964,46.979964,31.963354,31.963354,-5.556755,-5.556755,-40.794920,-40.794920
6.142000,1228.400000,46.979964,46.979964,31.692926,31.692926,-5.266833,-5.266833,-41.021619,-41.021619
6.144000,1228.800000,46.979964,46.979964,31.422432,31.422432,-5.024605,-5.024605,-41.207919,-41.207919
6.146000,1229.200000,46.979964,46.979964,31.151973,31.151973,-4.733183,-4.733183,-41.428377,-41.428377
6.148000,1229.600000,46.979964,46.979964,30.881651,30.881651,-4.440942,-4.440942,-41.645487,-41.645487
6.150000,1230.000000,46.979964,46.979964,30.611568,30.611568,-4.147883,-4.147883,-41.859288,-41.859288
6.152000,1230.400000,46.979964,46.979964,30.341825,30.341825,-3.903043,-3.903043,-42.034955,-42.034955
6.154000,1230.800000,46.979964,46.979964,30.072524,30.072524,-3.608484,-3.608484,-42.242787,-42.242787
6.156000,1231.200000,46.979964,46.979964,29.803769,29.803769,-3.313109,-3.313109,-42.447416,-42.447416
6.158000,1231.600000,46.979964,46.979964,29.535661,29.535661,-3.016915,-3.016915,-42.648876,-42.648876
6.160000,1232.000000,46.979964,46.979964,29.268302,29.268302,-2.769463,-2.769463,-42.814365,-42.814365
6.162000,1232.400000,46.979964,46.979964,29.001796,29.001796,-2.471771,-2.471771,-43.010107,-43.010107
6.164000,1232.800000,46.979964,46.979964,28.736244,28.736244,-2.173262,-2.173262,-43.202778,-43.202778
6.166000,1233.200000,46.979964,46.979964,28.471748,28.471748,-1.923880,-1.923880,-43.361015,-43.361015
6.168000,1233.600000,46.979964,46.979964,28.208411,28.208411,-1.623873,-1.623873,-43.548141,-43.548141
6.170000,1234.000000,46.979964,46.979964,27.946335,27.946335,-1.323049,-1.323049,-43.732287,-43.732287
6.172000,1234.400000,46.979964,46.979964,27.685621,27.685621,-1.021408,-1.021408,-43.913485,-43.913485
6.174000,1234.800000,46.979964,46.979964,27.426372,27.426372,-0.769416,-0.769416,-44.062253,-44.062253
6.176000,1235.200000,46.979964,46.979964,27.168687,27.168687,-0.466276,-0.466276,-44.238124,-44.238124
6.178000,1235.600000,46.979964,46.979964,26.912669,26.912669,-0.162320,-0.162320,-44.411131,-44.411131
6.180000,1236.000000,46.979964,46.979964,26.658418,26.658418,0.142364,0.142364,-44.581303,-44.581303
6.182000,1236.400000,46.979964,46.979964,26.406034,26.406034,0.396364,0.396364,-44.720968,-44.720968
6.184000,1236.800000,46.979964,46.979964,26.155617,26.155617,0.701164,0.701164,-44.886016,-44.886016
6.186000,1237.200000,46.979964,46.979964,25.907266,25.907266,1.005964,1.005964,-45.048307,-45.048307
6.188000,1237.600000,46.979964,46.979964,25.661080,25.661080,1.259964,1.259964,-45.181464,-45.181464
6.190000,1238.000000,46.979964,46.979964,25.417157,25.417157,1.564764,1.564764,-45.338772,-45.338772
6.192000,1238.400000,46.979964,46.979964,25.175595,25.175595,1.869564,1.869564,-45.493398,-45.493398
6.194000,1238.800000,46.979964,46.979964,24.936491,24.936491,2.174364,2.174364,-45.645367,-45.645367
6.196000,1239.200000,46.979964,46.979964,24.699942,24.699942,2.428364,2.428364,-45.769997,-45.769997
6.198000,1239.600000,46.979964,46.979964,24.466042,24.466042,2.733164,2.733164,-45.917162,-45.917162
6.200000,1240.000000,46.979964,46.979964,24.234888,24.234888,3.037964,3.037964,-46.061739,-46.061739
6.202000,1240.400000,46.979964,46.979964,24.006573,24.006573,3.342764,3.342764,-46.203753,-46.203753
6.204000,1240.800000,46.979964,46.979964,23.781191,23.781191,3.596764,3.596764,-46.320157,-46.320157
6.206000,1241.200000,46.979964,46.979964,23.558835,23.558835,3.901564,3.901564,-46.457532,-46.457532
6.208000,1241.600000,46.979964,46.979964,23.339595,23.339595,4.206364,4.206364,-46.592409,-46.592409
6.210000,1242.000000,46.979964,46.979964,23.123563,23.123563,4.460364,4.460364,-46.702913,-46.702913
6.212000,1242.400000,46.979964,46.979964,22.910828,22.910828,4.765164,4.765164,-46.833267,-46.833267
6.214000,1242.800000,46.979964,46.979964,22.701480,22.701480,5.069964,5.069964,-46.961184,-46.961184
6.216000,1243.200000,46.979964,46.979964,22.495606,22.495606,5.374764,5.374764,-47.086685,-47.086685
6.218000,1243.600000,46.979964,46.979964,22.293294,22.293294,5.628764,5.628764,-47.189439,-47.189439
6.220000,1244.000000,46.979964,46.979964,22.094628,22.094628,5.933564,5.933564,-47.310565,-47.310565
6.222000,1244.400000,46.979964,46.979964,21.899693,21.899693,6.238364,6.238364,-47.429334,-47.429334
6.224000,1244.800000,46.979964,46.979964,21.708573,21.708573,6.543164,6.543164,-47.545764,-47.545764
6.226000,1245.200000,46.979964,46.979964,21.521350,21.521350,6.797164,6.797164,-47.641017,-47.641017
6.228000,1245.600000,46.979964,46.979964,21.338105,21.338105,7.101964,7.101964,-47.753211,-47.753211
6.230000,1246.000000,46.979964,46.979964,21.158918,21.158918,7.406764,7.406764,-47.863120,-47.863120
6.232000,1246.400000,46.979964,46.979964,20.983867,20.983867,7.660764,7.660764,-47.952980,-47.952980
6.234000,1246.800000,46.979964,46.979964,20.813029,20.813029,7.965564,7.965564,-48.058751,-48.058751
6.236000,1247.200000,46.979964,46.979964,20.646481,20.646481,8.270364,8.270364,-48.162289,-48.162289
6.238000,1247.600000,46.979964,46.979964,20.484295,20.484295,8.575164,8.575164,-48.263612,-48.263612
6.240000,1248.000000,46.979964,46.979964,20.326546,20.326546,8.829164,8.829164,-48.346369,-48.346369
6.242000,1248.400000,46.979964,46.979964,20.173305,20.173305,9.133964,9.133964,-48.443678,-48.443678
6.244000,1248.800000,46.979964,46.979964,20.024642,20.024642,9.438764,9.438764,-48.538820,-48.538820
6.246000,1249.200000,46.979964,46.979964,19.880626,19.880626,9.743564,9.743564,-48.631813,-48.631813
6.248000,1249.600000,46.979964,46.979964,19.741322,19.741322,9.997564,9.997564,-48.707677,-48.707677
6.250000,1250.000000,46.979964,46.979964,19.606798,19.606798,10.302364,10.302364,-48.796772,-48.796772
6.252000,1250.400000,46.979964,46.979964,19.477116,19.477116,10.607164,10.607164,-48.883764,-48.883764
6.254000,1250.800000,46.979964,46.979964,19.352338,19.352338,10.861164,10.861164,-48.954661,-48.954661
6.256000,1251.200000,46.979964,46.979964,19.232526,19.232526,11.165964,11.165964,-49.037836,-49.037836
6.258000,1251.600000,46.979964,46.979964,19.117737,19.117737,11.470764,11.470764,-49.118952,-49.118952
6.260000,1252.000000,46.979964,46.979964,19.008029,19.008029,11.775564,11.775564,-49.198023,-49.198023
6.262000,1252.400000,46.979964,46.979964,18.903457,18.903457,12.029564,12.029564,-49.262364,-49.262364
6.264000,1252.800000,46.979964,46.979964,18.804074,18.804074,12.334364,12.334364,-49.337725,-49.337725
6.266000,1253.200000,46.979964,46.979964,18.709931,18.709931,12.639164,12.639164,-49.411082,-49.411082
6.268000,1253.600000,46.979964,46.979964,18.621080,18.621080,12.943964,12.943964,-49.482450,-49.482450
6.270000,1254.000000,46.979964,46.979964,18.537567,18.537567,13.197964,13.197964,-49.540414,-49.540414
6.272000,1254.400000,46.979964,46.979964,18.459438,18.459438,13.502764,13.502764,-49.608171,-49.608171
6.274000,1254.800000,46.979964,46.979964,18.386738,18.386738,13.807564,13.807564,-49.673978,-49.673978
6.276000,1255.200000,46.979964,46.979964,18.319508,18.319508,14.061564,14.061564,-49.727338,-49.727338
6.278000,1255.600000,46.979964,46.979964,18.257788,18.257788,14.366364,14.366364,-49.789605,-49.789605
6.280000,1256.000000,46.979964,46.979964,18.201616,18.201616,14.671164,14.671164,-49.849959,-49.849959
6.282000,1256.400000,46.979964,46.979964,18.151029,18.151029,14.975964,14.975964,-49.908413,-49.908413
6.284000,1256.800000,46.979964,46.979964,18.106059,18.106059,15.229964,15.229964,-49.955684,-49.955684
6.286000,1257.200000,46.979964,46.979964,18.066740,18.066740,15.534764,15.534764,-50.010688,-50.010688
6.288000,1257.600000,46.979964,46.979964,18.033099,18.033099,15.839564,15.839564,-50.063829,-50.063829
6.290000,1258.000000,46.979964,46.979964,18.005165,18.005165,16.144364,16.144364,-50.115117,-50.115117
6.292000,1258.400000,46.979964,46.979964,17.982963,17.982963,16.398364,16.398364,-50.156452,-50.156452
6.294000,1258.800000,46.979964,46.979964,17.966515,17.966515,16.703164,16.703164,-50.204376,-50.204376
6.296000,1259.200000,46.979964,46.979964,17.955843,17.955843,17.007964,17.007964,-50.250482,-50.250482
6.298000,1259.600000,46.979964,46.979964,17.950965,17.950965,17.261964,17.261964,-50.287523,-50.287523
6.300000,1260.000000,46.979964,46.979964,17.951896,17.951896,17.566764,17.566764,-50.330326,-50.330326
6.302000,1260.400000,46.979964,46.979964,17.958651,17.958651,17.871564,17.871564,-50.371343,-50.371343
6.304000,1260.800000,46.979964,46.979964,17.971241,17.971241,18.176364,18.176364,-50.410584,-50.410584
6.306000,1261.200000,46.979964,46.979964,17.989674,17.989674,18.430364,18.430364,-50.441938,-50.441938
6.308000,1261.600000,46.979964,46.979964,18.013954,18.013954,18.735164,18.735164,-50.477955,-50.477955
6.310000,1262.000000,46.979964,46.979964,18.044082,18.044082,19.039964,19.039964,-50.512227,-50.512227
6.312000,1262.400000,46.979964,46.979964,18.080056,18.080056,19.344764,19.344764,-50.544767,-50.544767
6.314000,1262.800000,46.979964,46.979964,18.121870,18.121870,19.598764,19.598764,-50.570566,-50.570566
6.316000,1263.200000,46.979964,46.979964,18.169514,18.169514,19.903564,19.903564,-50.599954,-50.599954
6.318000,1263.600000,46.979964,46.979964,18.222975,18.222975,20.208364,20.208364,-50.627638,-50.627638
6.320000,1264.000000,46.979964,46.979964,18.282237,18.282237,20.462364,20.462364,-50.649414,-50.649414
6.322000,1264.400000,46.979964,46.979964,18.347281,18.347281,20.767164,20.767164,-50.674000,-50.674000
6.324000,1264.800000,46.979964,46.979964,18.418083,18.418083,21.071964,21.071964,-50.696909,-50.696909
6.326000,1265.200000,46.979964,46.979964,18.494616,18.494616,21.376764,21.376764,-50.718153,-50.718153
6.328000,1265.600000,46.979964,46.979964,18.576850,18.576850,21.630764,21.630764,-50.734590,-50.734590
6.330000,1266.000000,46.979964,46.979964,18.664751,18.664751,21.935564,21.935564,-50.752803,-50.752803
6.332000,1266.400000,46.979964,46.979964,18.758283,18.758283,22.240364,22.240364,-50.769377,-50.769377
6.334000,1266.800000,46.979964,46.979964,18.857405,18.857405,22.545164,22.545164,-50.784320,-50.784320
6.336000,1267.200000,46.979964,46.979964,18.962072,18.962072,22.799164,22.799164,-50.795535,-50.795535
6.338000,1267.600000,46.979964,46.979964,19.072238,19.072238,23.103964,23.103964,-50.807513,-50.807513
6.340000,1268.000000,46.979964,46.979964,19.187851,19.187851,23.408764,23.408764,-50.817887,-50.817887
6.342000,1268.400000,46.979964,46.979964,19.308857,19.308857,23.662764,23.662764,-50.825312,-50.825312
6.344000,1268.800000,46.979964,46.979964,19.435198,19.435198,23.967564,23.967564,-50.832767,-50.832767
6.346000,1269.200000,46.979964,46.979964,19.566813,19.566813,24.272364,24.272364,-50.838641,-50.838641
6.348000,1269.600000,46.979964,46.979964,19.703637,19.703637,24.577164,24.577164,-50.842944,-50.842944
6.350000,1270.000000,46.979964,46.979964,19.845602,19.845602,24.831164,24.831164,-50.845336,-50.845336
6.352000,1270.400000,46.979964,46.979964,19.992635,19.992635,25.135964,25.135964,-50.846779,-50.846779
6.354000,1270.800000,46.979964,46.979964,20.144663,20.144663,25.440764,25.440764,-50.846675,-50.846675
6.356000,1271.200000,46.979964,46.979964,20.301606,20.301606,25.694764,25.694764,-50.845411,-50.845411
6.358000,1271.600000,46.979964,46.979964,20.463382,20.463382,25.999564,25.999564,-50.842490,-50.842490
6.360000,1272.000000,46.979964,46.979964,20.629906,20.629906,26.304364,26.304364,-50.838043,-50.838043
6.362000,1272.400000,46.979964,46.979964,20.801089,20.801089,26.609164,26.609164,-50.832079,-50.832079
6.364000,1272.800000,46.979964,46.979964,20.976837,20.976837,26.863164,26.863164,-50.825956,-50.825956
6.366000,1273.200000,46.979964,46.979964,21.157057,21.157057,27.167964,27.167964,-50.817230,-50.817230
6.368000,1273.600000,46.979964,46.979964,21.341647,21.341647,27.472764,27.472764,-50.807009,-50.807009
6.370000,1274.000000,46.979964,46.979964,21.530505,21.530505,27.777564,27.777564,-50.795299,-50.795299
6.372000,1274.400000,46.979964,46.979964,21.723526,21.723526,28.031564,28.031564,-50.784409,-50.784409
6.374000,1274.800000,46.979964,46.979964,21.920598,21.920598,28.336364,28.336364,-50.769991,-50.769991
6.376000,1275.200000,46.979964,46.979964,22.121610,22.121610,28.641164,28.641164,-50.754104,-50.754104
6.378000,1275.600000,46.979964,46.979964,22.326444,22.326444,28.895164,28.895164,-50.739750,-50.739750
6.380000,1276.000000,46.979964,46.979964,22.534980,22.534980,29.199964,29.199964,-50.721192,-50.721192
6.382000,1276.400000,46.979964,46.979964,22.747094,22.747094,29.504764,29.504764,-50.701187,-50.701187
6.384000,1276.800000,46.979964,46.979964,22.962661,22.962661,29.809564,29.809564,-50.679741,-50.679741
6.386000,1277.200000,46.979964,46.979964,23.181548,23.181548,30.063564,30.063564,-50.660775,-50.660775
6.388000,1277.600000,46.979964,46.979964,23.403623,23.403623,30.368364,30.368364,-50.636706,-50.636706
6.390000,1278.000000,46.979964,46.979964,23.628748,23.628748,30.673164,30.673164,-50.611216,-50.611216
6.392000,1278.400000,46.979964,46.979964,23.856782,23.856782,30.977964,30.977964,-50.584312,-50.584312
6.394000,1278.800000,46.979964,46.979964,24.087580,24.087580,31.231964,31.231964,-50.560816,-50.560816
6.396000,1279.200000,46.979964,46.979964,24.320995,24.320995,31.536764,31.536764,-50.531336,-50.531336
6.398000,1279.600000,46.979964,46.979964,24.556877,24.556877,31.841564,31.841564,-50.500459,-50.500459
6.400000,1280.000000,46.979964,46.979964,24.795069,24.795069,32.095564,32.095564,-50.473667,-50.473667
6.402000,1280.400000,46.979964,46.979964,25.035414,25.035414,32.400364,32.400364,-50.440247,-50.440247
6.404000,1280.800000,46.979964,46.979964,25.277750,25.277750,32.705164,32.705164,-50.405449,-50.405449
6.406000,1281.200000,46.979964,46.979964,25.521913,25.521913,33.009964,33.009964,-50.369279,-50.369279
6.408000,1281.600000,46.979964,46.979964,25.767733,25.767733,33.263964,33.263964,-50.338094,-50.338094
6.410000,1282.000000,46.979964,46.979964,26.015040,26.015040,33.568764,33.568764,-50.299424,-50.299424
6.412000,1282.400000,46.979964,46.979964,26.263657,26.263657,33.873564,33.873564,-50.259400,-50.259400
6.414000,1282.800000,46.979964,46.979964,26.513405,26.513405,34.178364,34.178364,-50.218026,-50.218026
6.416000,1283.200000,46.979964,46.979964,26.764103,26.764103,34.432364,34.432364,-50.182522,-50.182522
6.418000,1283.600000,46.979964,46.979964,27.015564,27.015564,34.737164,34.737164,-50.138690,-50.138690
6.420000,1284.000000,46.979964,46.979964,27.267603,27.267603,35.041964,35.041964,-50.093525,-50.093525
6.422000,1284.400000,46.979964,46.979964,27.520048,27.520048,35.295964,35.295964,-50.054874,-50.054874
6.424000,1284.800000,46.979964,46.979964,27.772740,27.772740,35.600764,35.600764,-50.007281,-50.007281
6.426000,1285.200000,46.979964,46.979964,28.025530,28.025530,35.905564,35.905564,-49.958371,-49.958371
6.428000,1285.600000,46.979964,46.979964,28.278276,28.278276,36.210364,36.210364,-49.908149,-49.908149
6.430000,1286.000000,46.979964,46.979964,28.530846,28.530846,36.464364,36.464364,-49.865300,-49.865300
6.432000,1286.400000,46.979964,46.979964,28.783112,28.783112,36.769164,36.769164,-49.812689,-49.812689
6.434000,1286.800000,46.979964,46.979964,29.034956,29.034956,37.073964,37.073964,-49.758782,-49.758782
6.436000,1287.200000,46.979964,46.979964,29.286262,29.286262,37.378764,37.378764,-49.703584,-49.703584
6.438000,1287.600000,46.979964,46.979964,29.536922,29.536922,37.632764,37.632764,-49.656603,-49.656603
6.440000,1288.000000,46.979964,46.979964,29.786834,29.786834,37.937564,37.937564,-49.599052,-49.599052
6.442000,1288.400000,46.979964,46.979964,30.035899,30.035899,38.242364,38.242364,-49.540225,-49.540225
6.444000,1288.800000,46.979964,46.979964,30.284025,30.284025,38.496364,38.496364,-49.490231,-49.490231
6.446000,1289.200000,46.979964,46.979964,30.531126,30.531126,38.801164,38.801164,-49.429078,-49.429078
6.448000,1289.600000,46.979964,46.979964,30.777118,30.777118,39.105964,39.105964,-49.366663,-49.366663
6.450000,1290.000000,46.979964,46.979964,31.021925,31.021925,39.410764,39.410764,-49.302990,-49.302990
6.452000,1290.400000,46.979964,46.979964,31.265473,31.265473,39.664764,39.664764,-49.248973,-49.248973
6.454000,1290.800000,46.979964,46.979964,31.507696,31.507696,39.969564,39.969564,-49.183009,-49.183009
6.456000,1291.200000,46.979964,46.979964,31.748531,31.748531,40.274364,40.274364,-49.115802,-49.115802
6.458000,1291.600000,46.979964,46.979964,31.987918,31.987918,40.579164,40.579164,-49.047356,-49.047356
6.460000,1292.000000,46.979964,46.979964,32.225806,32.225806,40.833164,40.833164,-48.989375,-48.989375
6.462000,1292.400000,46.979964,46.979964,32.462145,32.462145,41.137964,41.137964,-48.918670,-48.918670
6.464000,1292.800000,46.979964,46.979964,32.696891,32.696891,41.442764,41.442764,-48.846741,-48.846741
6.466000,1293.200000,46.979964,46.979964,32.930005,32.930005,41.696764,41.696764,-48.785866,-48.785866
6.468000,1293.600000,46.979964,46.979964,33.161453,33.161453,42.001564,42.001564,-48.711701,-48.711701
6.470000,1294.000000,46.979964,46.979964,33.391205,33.391205,42.306364,42.306364,-48.636324,-48.636324
6.472000,1294.400000,46.979964,46.979964,33.619236,33.619236,42.611164,42.611164,-48.559738,-48.559738
6.474000,1294.800000,46.979964,46.979964,33.845526,33.845526,42.865164,42.865164,-48.494997,-48.494997
6.476000,1295.200000,46.979964,46.979964,34.070055,34.070055,43.169964,43.169964,-48.416208,-48.416208
6.478000,1295.600000,46.979964,46.979964,34.292803,34.292803,43.474764,43.474764,-48.336222,-48.336222
6.480000,1296.000000,46.979964,46.979964,34.513753,34.513753,43.779564,43.779564,-48.255045,-48.255045
6.482000,1296.400000,46.979964,46.979964,34.732885,34.732885,44.033564,44.033564,-48.186490,-48.186490
6.484000,1296.800000,46.979964,46.979964,34.950182,34.950182,44.338364,44.338364,-48.103139,-48.103139
6.486000,1297.200000,46.979964,46.979964,35.165625,35.165625,44.643164,44.643164,-48.018608,-48.018608
6.488000,1297.600000,46.979964,46.979964,35.379199,35.379199,44.897164,44.897164,-47.947267,-47.947267
6.490000,1298.000000,46.979964,46.979964,35.590885,35.590885,45.201964,45.201964,-47.860584,-47.860584
6.492000,1298.400000,46.979964,46.979964,35.800669,35.800669,45.506764,45.506764,-47.772732,-47.772732
6.494000,1298.800000,46.979964,46.979964,36.008533,36.008533,45.811564,45.811564,-47.683715,-47.683715
6.496000,1299.200000,46.979964,46.979964,36.214462,36.214462,46.065564,46.065564,-47.608648,-47.608648
6.498000,1299.600000,46.979964,46.979964,36.418442,36.418442,46.370364,46.370364,-47.517507,-47.517507
6.500000,1300.000000,46.979964,46.979964,36.620459,36.620459,46.675164,46.675164,-47.425213,-47.425213
6.502000,1300.400000,46.979964,46.979964,36.820497,36.820497,46.979964,46.979964,-47.331769,-47.331769
6.504000,1300.800000,46.979964,46.979964,37.018544,37.018544,43.711362,43.711362,-47.253024,-47.253024
6.506000,1301.200000,46.979962,46.979962,37.214586,37.214586,38.982899,38.982899,-47.157482,-47.157482
6.508000,1301.600000,46.979946,46.979946,37.408611,37.408611,35.279881,35.279881,-47.060801,-47.060801
6.510000,1302.000000,46.979887,46.979887,37.600607,37.600607,32.645459,32.645459,-46.979367,-46.979367
6.512000,1302.400000,46.979743,46.979743,37.790562,37.790562,29.850082,29.850082,-46.880608,-46.880608
6.514000,1302.800000,46.979463,46.979463,37.978465,37.978465,27.348552,27.348552,-46.780720,-46.780720
6.516000,1303.200000,46.978987,46.978987,38.164305,38.164305,25.071584,25.071584,-46.679707,-46.679707
6.518000,1303.600000,46.978247,46.978247,38.348073,38.348073,23.312279,23.312279,-46.594673,-46.594673
6.520000,1304.000000,46.977168,46.977168,38.529759,38.529759,21.338553,21.338553,-46.491608,-46.491608
6.522000,1304.400000,46.975671,46.975671,38.709353,38.709353,19.491873,19.491873,-46.387427,-46.387427
6.524000,1304.800000,46.973672,46.973672,38.886847,38.886847,17.753693,17.753693,-46.282134,-46.282134
6.526000,1305.200000,46.971081,46.971081,39.062234,39.062234,16.377606,16.377606,-46.193544,-46.193544
6.528000,1305.600000,46.967806,46.967806,39.235505,39.235505,14.803089,14.803089,-46.086222,-46.086222
6.530000,1306.000000,46.963749,46.963749,39.406653,39.406653,13.303353,13.303353,-45.977799,-45.977799
6.532000,1306.400000,46.958813,46.958813,39.575673,39.575673,12.104960,12.104960,-45.886607,-45.886607
6.534000,1306.800000,46.952894,46.952894,39.742558,39.742558,10.722770,10.722770,-45.776172,-45.776172
6.536000,1307.200000,46.945889,46.945889,39.907303,39.907303,9.396187,9.396187,-45.664644,-45.664644
6.538000,1307.600000,46.937692,46.937692,40.069903,40.069903,8.120340,8.120340,-45.552027,-45.552027
6.540000,1308.000000,46.928195,46.928195,40.230354,40.230354,7.092851,7.092851,-45.457350,-45.457350
6.542000,1308.400000,46.917288,46.917288,40.388651,40.388651,5.899542,5.899542,-45.342745,-45.342745
6.544000,1308.800000,46.904862,46.904862,40.544792,40.544792,4.746466,4.746466,-45.227058,-45.227058
6.546000,1309.200000,46.890804,46.890804,40.698774,40.698774,3.630763,3.630763,-45.110295,-45.110295
6.548000,1309.600000,46.875002,46.875002,40.850595,40.850595,2.727725,2.727725,-45.012172,-45.012172
6.550000,1310.000000,46.857344,46.857344,41.000253,41.000253,1.674170,1.674170,-44.893442,-44.893442
6.552000,1310.400000,46.837715,46.837715,41.147747,41.147747,0.651509,0.651509,-44.773643,-44.773643
6.554000,1310.800000,46.816002,46.816002,41.293077,41.293077,-0.178444,-0.178444,-44.672997,-44.672997
6.556000,1311.200000,46.792093,46.792093,41.436242,41.436242,-1.149126,-1.149126,-44.551247,-44.551247
6.558000,1311.600000,46.765872,46.765872,41.577244,41.577244,-2.093689,-2.093689,-44.428437,-44.428437
6.560000,1312.000000,46.737228,46.737228,41.716083,41.716083,-3.013530,-3.013530,-44.304570,-44.304570
6.562000,1312.400000,46.706049,46.706049,41.852761,41.852761,-3.762098,-3.762098,-44.200542,-44.200542
6.564000,1312.800000,46.672231,46.672231,41.987280,41.987280,-4.639836,-4.639836,-44.074744,-44.074744
6.566000,1313.200000,46.635671,46.635671,42.119643,42.119643,-5.496183,-5.496183,-43.947898,-43.947898
6.568000,1313.600000,46.596273,46.596273,42.249853,42.249853,-6.332136,-6.332136,-43.820005,-43.820005
6.570000,1314.000000,46.553946,46.553946,42.377915,42.377915,-7.013851,-7.013851,-43.712630,-43.712630
6.572000,1314.400000,46.508601,46.508601,42.503832,42.503832,-7.814755,-7.814755,-43.582827,-43.582827
6.574000,1314.800000,46.460156,46.460156,42.627609,42.627609,-8.597699,-8.597699,-43.451985,-43.451985
6.576000,1315.200000,46.408531,46.408531,42.749252,42.749252,-9.236971,-9.236971,-43.342159,-43.342159
6.578000,1315.600000,46.353653,46.353653,42.868767,42.868767,-9.988880,-9.988880,-43.209421,-43.209421
6.580000,1316.000000,46.295452,46.295452,42.986160,42.986160,-10.724804,-10.724804,-43.075652,-43.075652
6.582000,1316.400000,46.233862,46.233862,43.101439,43.101439,-11.445352,-11.445352,-42.940855,-42.940855
6.584000,1316.800000,46.168822,46.168822,43.214610,43.214610,-12.034476,-12.034476,-42.827741,-42.827741
6.586000,1317.200000,46.100273,46.100273,43.325683,43.325683,-12.728292,-12.728292,-42.691066,-42.691066
6.588000,1317.600000,46.028163,46.028163,43.434664,43.434664,-13.408259,-13.408259,-42.553371,-42.553371
6.590000,1318.000000,45.952443,45.952443,43.541565,43.541565,-14.074854,-14.074854,-42.414658,-42.414658
6.592000,1318.400000,45.873066,45.873066,43.646394,43.646394,-14.620462,-14.620462,-42.298287,-42.298287
6.594000,1318.800000,45.789993,45.789993,43.749161,43.749161,-15.263694,-15.263694,-42.157714,-42.157714
6.596000,1319.200000,45.703184,45.703184,43.849878,43.849878,-15.894765,-15.894765,-42.016130,-42.016130
6.598000,1319.600000,45.612605,45.612605,43.948555,43.948555,-16.411644,-16.411644,-41.897373,-41.897373
6.600000,1320.000000,45.518228,45.518228,44.045204,44.045204,-17.021398,-17.021398,-41.753942,-41.753942
6.602000,1320.400000,45.420025,45.420025,44.139837,44.139837,-17.620022,-17.620022,-41.609507,-41.609507
6.604000,1320.800000,45.317973,45.317973,44.232466,44.232466,-18.207845,-18.207845,-41.464070,-41.464070
6.606000,1321.200000,45.212053,45.212053,44.323106,44.323106,-18.689672,-18.689672,-41.342109,-41.342109
6.608000,1321.600000,45.102249,45.102249,44.411768,44.411768,-19.258493,-19.258493,-41.194843,-41.194843
6.610000,1322.000000,44.988549,44.988549,44.498469,44.498469,-19.817357,-19.817357,-41.046581,-41.046581
6.612000,1322.400000,44.870943,44.870943,44.583221,44.583221,-20.275668,-20.275668,-40.922271,-40.922271
6.614000,1322.800000,44.749427,44.749427,44.666040,44.666040,-20.816975,-20.816975,-40.772191,-40.772191
6.616000,1323.200000,44.623998,44.623998,44.746942,44.746942,-21.349061,-21.349061,-40.621123,-40.621123
6.618000,1323.600000,44.494656,44.494656,44.825942,44.825942,-21.872165,-21.872165,-40.469069,-40.469069
6.620000,1324.000000,44.361405,44.361405,44.903057,44.903057,-22.301386,-22.301386,-40.341606,-40.341606
6.622000,1324.400000,44.224253,44.224253,44.978303,44.978303,-22.808604,-22.808604,-40.187749,-40.187749
6.624000,1324.800000,44.083209,44.083209,45.051698,45.051698,-23.307456,-23.307456,-40.032913,-40.032913
6.626000,1325.200000,43.938287,43.938287,45.123260,45.123260,-23.798143,-23.798143,-39.877099,-39.877099
6.628000,1325.600000,43.789503,43.789503,45.193006,45.193006,-24.200951,-24.200951,-39.746509,-39.746509
6.630000,1326.000000,43.636876,43.636876,45.260955,45.260955,-24.677163,-24.677163,-39.588908,-39.588908
6.632000,1326.400000,43.480428,43.480428,45.327126,45.327126,-25.145735,-25.145735,-39.430336,-39.430336
6.634000,1326.800000,43.320182,43.320182,45.391537,45.391537,-25.530499,-25.530499,-39.297451,-39.297451
6.636000,1327.200000,43.156168,43.156168,45.454210,45.454210,-25.985503,-25.985503,-39.137103,-39.137103
6.638000,1327.600000,42.988414,42.988414,45.515163,45.515163,-26.433335,-26.433335,-38.975789,-38.975789
6.640000,1328.000000,42.816953,42.816953,45.574417,45.574417,-26.874148,-26.874148,-38.813511,-38.813511
6.642000,1328.400000,42.641822,42.641822,45.631993,45.631993,-27.236236,-27.236236,-38.677545,-38.677545
6.644000,1328.800000,42.463056,42.463056,45.687912,45.687912,-27.664559,-27.664559,-38.513506,-38.513506
6.646000,1329.200000,42.280697,42.280697,45.742196,45.742196,-28.086267,-28.086267,-38.348509,-38.348509
6.648000,1329.600000,42.094788,42.094788,45.794865,45.794865,-28.501493,-28.501493,-38.182555,-38.182555
6.650000,1330.000000,41.905373,41.905373,45.845943,45.845943,-28.842655,-28.842655,-38.043532,-38.043532
6.652000,1330.400000,41.712499,41.712499,45.895451,45.895451,-29.246326,-29.246326,-37.875831,-37.875831
6.654000,1330.800000,41.516218,41.516218,45.943413,45.943413,-29.643867,-29.643867,-37.707179,-37.707179
6.656000,1331.200000,41.316579,41.316579,45.989851,45.989851,-29.970552,-29.970552,-37.565911,-37.565911
6.658000,1331.600000,41.113638,41.113638,46.034789,46.034789,-30.357152,-30.357152,-37.395522,-37.395522
6.660000,1332.000000,40.907451,40.907451,46.078250,46.078250,-30.737940,-30.737940,-37.224187,-37.224187
6.662000,1332.400000,40.698075,40.698075,46.120257,46.120257,-31.113023,-31.113023,-37.051909,-37.051909
6.664000,1332.800000,40.485572,40.485572,46.160836,46.160836,-31.421308,-31.421308,-36.907624,-36.907624
6.666000,1333.200000,40.270002,40.270002,46.200010,46.200010,-31.786193,-31.786193,-36.733621,-36.733621
6.668000,1333.600000,40.051431,40.051431,46.237804,46.237804,-32.145655,-32.145655,-36.558680,-36.558680
6.670000,1334.000000,39.829925,39.829925,46.274242,46.274242,-32.499785,-32.499785,-36.382802,-36.382802
6.672000,1334.400000,39.605551,39.605551,46.309350,46.309350,-32.790886,-32.790886,-36.235523,-36.235523
6.674000,1334.800000,39.378379,39.378379,46.343152,46.343152,-33.135476,-33.135476,-36.057933,-36.057933
6.676000,1335.200000,39.148480,39.148480,46.375675,46.375675,-33.474985,-33.474985,-35.879411,-35.879411
6.678000,1335.600000,38.915927,38.915927,46.406943,46.406943,-33.754087,-33.754087,-35.729933,-35.729933
6.680000,1336.000000,38.680796,38.680796,46.436982,46.436982,-34.084493,-34.084493,-35.549708,-35.549708
6.682000,1336.400000,38.443161,38.443161,46.465818,46.465818,-34.410048,-34.410048,-35.368556,-35.368556
6.684000,1336.800000,38.203101,38.203101,46.493477,46.493477,-34.730826,-34.730826,-35.186479,-35.186479
6.686000,1337.200000,37.960695,37.960695,46.519984,46.519984,-34.994548,-34.994548,-35.034043,-35.034043
6.688000,1337.600000,37.716024,37.716024,46.545366,46.545366,-35.306762,-35.306762,-34.850274,-34.850274
6.690000,1338.000000,37.469170,37.469170,46.569650,46.569650,-35.614406,-35.614406,-34.665585,-34.665585
6.692000,1338.400000,37.220217,37.220217,46.592861,46.592861,-35.917549,-35.917549,-34.479977,-34.479977
6.694000,1338.800000,36.969248,36.969248,46.615025,46.615025,-36.166777,-36.166777,-34.324603,-34.324603
6.696000,1339.200000,36.716350,36.716350,46.636170,46.636170,-36.461838,-36.461838,-34.137315,-34.137315
6.698000,1339.600000,36.461610,36.461610,46.656321,46.656321,-36.752582,-36.752582,-33.949112,-33.949112
6.700000,1340.000000,36.205116,36.205116,46.675506,46.675506,-36.991615,-36.991615,-33.791579,-33.791579
6.702000,1340.400000,35.946958,35.946958,46.693750,46.693750,-37.274604,-37.274604,-33.601704,-33.601704
6.704000,1340.800000,35.687226,35.687226,46.711080,46.711080,-37.553447,-37.553447,-33.410918,-33.410918
6.706000,1341.200000,35.426012,35.426012,46.727522,46.727522,-37.828201,-37.828201,-33.219225,-33.219225
6.708000,1341.600000,35.163407,35.163407,46.743103,46.743103,-38.054080,-38.054080,-33.058787,-33.058787
6.710000,1342.000000,34.899507,34.899507,46.757849,46.757849,-38.321483,-38.321483,-32.865431,-32.865431
6.712000,1342.400000,34.634404,34.634404,46.771786,46.771786,-38.584953,-38.584953,-32.671171,-32.671171
6.714000,1342.800000,34.368194,34.368194,46.784941,46.784941,-38.844542,-38.844542,-32.476008,-32.476008
6.716000,1343.200000,34.100972,34.100972,46.797339,46.797339,-39.057938,-39.057938,-32.312684,-32.312684
6.718000,1343.600000,33.832837,33.832837,46.809007,46.809007,-39.310543,-39.310543,-32.115869,-32.115869
6.720000,1344.000000,33.563883,33.563883,46.819969,46.819969,-39.559407,-39.559407,-31.918156,-31.918156
6.722000,1344.400000,33.294211,33.294211,46.830252,46.830252,-39.763972,-39.763972,-31.752709,-31.752709
6.724000,1344.800000,33.023918,33.023918,46.839882,46.839882,-40.006103,-40.006103,-31.553351,-31.553351
6.726000,1345.200000,32.753103,32.753103,46.848883,46.848883,-40.244626,-40.244626,-31.353097,-31.353097
6.728000,1345.600000,32.481867,32.481867,46.857280,46.857280,-40.479586,-40.479586,-31.151951,-31.151951
6.730000,1346.000000,32.210309,32.210309,46.865099,46.865099,-40.672694,-40.672694,-30.983646,-30.983646
6.732000,1346.400000,31.938530,31.938530,46.872363,46.872363,-40.901233,-40.901233,-30.780865,-30.780865
6.734000,1346.800000,31.666631,31.666631,46.879098,46.879098,-41.126329,-41.126329,-30.577193,-30.577193
6.736000,1347.200000,31.394714,31.394714,46.885327,46.885327,-41.348023,-41.348023,-30.372632,-30.372632
6.738000,1347.600000,31.122881,31.122881,46.891073,46.891073,-41.530197,-41.530197,-30.201487,-30.201487
6.740000,1348.000000,30.851232,30.851232,46.896361,46.896361,-41.745757,-41.745757,-29.995301,-29.995301
6.742000,1348.400000,30.579871,30.579871,46.901214,46.901214,-41.958026,-41.958026,-29.788229,-29.788229
6.744000,1348.800000,30.308900,30.308900,46.905653,46.905653,-42.132429,-42.132429,-29.614994,-29.614994
6.746000,1349.200000,30.038421,30.038421,46.909702,46.909702,-42.338760,-42.338760,-29.406303,-29.406303
6.748000,1349.600000,29.768537,29.768537,46.913382,46.913382,-42.541905,-42.541905,-29.196730,-29.196730
6.750000,1350.000000,29.499351,29.499351,46.916715,46.916715,-42.741897,-42.741897,-28.986277,-28.986277
6.752000,1350.400000,29.230966,29.230966,46.919722,46.919722,-42.906175,-42.906175,-28.810228,-28.810228
6.754000,1350.800000,28.963484,28.963484,46.922424,46.922424,-43.100479,-43.100479,-28.598164,-28.598164
6.756000,1351.200000,28.697008,28.697008,46.924840,46.924840,-43.291727,-43.291727,-28.385222,-28.385222
6.758000,1351.600000,28.431640,28.431640,46.926991,46.926991,-43.479952,-43.479952,-28.171405,-28.171405
6.760000,1352.000000,28.167484,28.167484,46.928896,46.928896,-43.634520,-43.634520,-27.992556,-27.992556
6.762000,1352.400000,27.904641,27.904641,46.930572,46.930572,-43.817285,-43.817285,-27.777135,-27.777135
6.764000,1352.800000,27.643213,27.643213,46.932039,46.932039,-43.997116,-43.997116,-27.560842,-27.560842
6.766000,1353.200000,27.383302,27.383302,46.933313,46.933313,-44.144755,-44.144755,-27.379932,-27.379932
6.768000,1353.600000,27.125009,27.125009,46.934412,46.934412,-44.319285,-44.319285,-27.162042,-27.162042
6.770000,1354.000000,26.868436,26.868436,46.935352,46.935352,-44.490965,-44.490965,-26.943282,-26.943282
6.772000,1354.400000,26.613684,26.613684,46.936148,46.936148,-44.659822,-44.659822,-26.723654,-26.723654
6.774000,1354.800000,26.360853,26.360853,46.936815,46.936815,-44.798402,-44.798402,-26.539967,-26.539967
6.776000,1355.200000,26.110042,26.110042,46.937367,46.937367,-44.962159,-44.962159,-26.318749,-26.318749
6.778000,1355.600000,25.861352,25.861352,46.937819,46.937819,-45.123172,-45.123172,-26.096665,-26.096665
6.780000,1356.000000,25.614880,25.614880,46.938182,46.938182,-45.281469,-45.281469,-25.873717,-25.873717
6.782000,1356.400000,25.370726,25.370726,46.938470,46.938470,-45.411325,-45.411325,-25.687266,-25.687266
6.784000,1356.800000,25.128987,25.128987,46.938692,46.938692,-45.564707,-45.564707,-25.462735,-25.462735
6.786000,1357.200000,24.889761,24.889761,46.938859,46.938859,-45.715445,-45.715445,-25.237342,-25.237342
6.788000,1357.600000,24.653143,24.653143,46.938982,46.938982,-45.839057,-45.839057,-25.048857,-25.048857
6.790000,1358.000000,24.419229,24.419229,46.939068,46.939068,-45.985010,-45.985010,-24.821887,-24.821887
6.792000,1358.400000,24.188115,24.188115,46.939126,46.939126,-46.128387,-46.128387,-24.594057,-24.594057
6.794000,1358.800000,23.959894,23.959894,46.939163,46.939163,-46.269212,-46.269212,-24.365370,-24.365370
6.796000,1359.200000,23.734660,23.734660,46.939184,46.939184,-46.384633,-46.384633,-24.174142,-24.174142
6.798000,1359.600000,23.512505,23.512505,46.939194,46.939194,-46.520839,-46.520839,-23.943883,-23.943883
6.800000,1360.000000,23.293520,23.293520,46.939199,46.939199,-46.654556,-46.654556,-23.712769,-23.712769
6.802000,1360.400000,23.077797,23.077797,46.939200,46.939200,-46.785807,-46.785807,-23.480800,-23.480800
6.804000,1360.800000,22.865426,22.865426,46.939200,46.939200,-46.893315,-46.893315,-23.286840,-23.286840
6.806000,1361.200000,22.656494,22.656494,46.939200,46.939200,-47.020101,-47.020101,-23.053307,-23.053307
6.808000,1361.600000,22.451089,22.451089,46.939200,46.939200,-47.144481,-47.144481,-22.818921,-22.818921
6.810000,1362.000000,22.249299,22.249299,46.939200,46.939200,-47.246309,-47.246309,-22.622949,-22.622949
6.812000,1362.400000,22.051207,22.051207,46.939200,46.939200,-47.366331,-47.366331,-22.387003,-22.387003
6.814000,1362.800000,21.856900,21.856900,46.939200,46.939200,-47.484005,-47.484005,-22.150208,-22.150208
6.816000,1363.200000,21.666459,21.666459,46.939200,46.939200,-47.599349,-47.599349,-21.912563,-21.912563
6.818000,1363.600000,21.479967,21.479967,46.939200,46.939200,-47.693705,-47.693705,-21.713878,-21.713878
6.820000,1364.000000,21.297504,21.297504,46.939200,46.939200,-47.804830,-47.804830,-21.474678,-21.474678
6.822000,1364.400000,21.119150,21.119150,46.939200,46.939200,-47.913679,-47.913679,-21.234632,-21.234632
6.824000,1364.800000,20.944983,20.944983,46.939200,46.939200,-48.020271,-48.020271,-20.993740,-20.993740
6.826000,1365.200000,20.775080,20.775080,46.939200,46.939200,-48.107387,-48.107387,-20.792351,-20.792351
6.828000,1365.600000,20.609515,20.609515,46.939200,46.939200,-48.209889,-48.209889,-20.549910,-20.549910
6.830000,1366.000000,20.448364,20.448364,46.939200,46.939200,-48.310184,-48.310184,-20.306625,-20.306625
6.832000,1366.400000,20.291698,20.291698,46.939200,46.939200,-48.392090,-48.392090,-20.103244,-20.103244
6.834000,1366.800000,20.139588,20.139588,46.939200,46.939200,-48.488385,-48.488385,-19.858414,-19.858414
6.836000,1367.200000,19.992104,19.992104,46.939200,46.939200,-48.582521,-48.582521,-19.612742,-19.612742
6.838000,1367.600000,19.849314,19.849314,46.939200,46.939200,-48.674516,-48.674516,-19.366229,-19.366229
6.840000,1368.000000,19.711284,19.711284,46.939200,46.939200,-48.749554,-48.749554,-19.160159,-19.160159
6.842000,1368.400000,19.578079,19.578079,46.939200,46.939200,-48.837664,-48.837664,-18.912106,-18.912106
6.844000,1368.800000,19.449762,19.449762,46.939200,46.939200,-48.923679,-48.923679,-18.663214,-18.663214
6.846000,1369.200000,19.326395,19.326395,46.939200,46.939200,-49.007612,-49.007612,-18.413483,-18.413483
6.848000,1369.600000,19.208038,19.208038,46.939200,46.939200,-49.075979,-49.075979,-18.204734,-18.204734
6.850000,1370.000000,19.094748,19.094748,46.939200,46.939200,-49.156137,-49.156137,-17.953467,-17.953467
6.852000,1370.400000,18.986581,18.986581,46.939200,46.939200,-49.234258,-49.234258,-17.701364,-17.701364
6.854000,1370.800000,18.883594,18.883594,46.939200,46.939200,-49.297813,-49.297813,-17.490639,-17.490639
6.856000,1371.200000,18.785837,18.785837,46.939200,46.939200,-49.372236,-49.372236,-17.237003,-17.237003
6.858000,1371.600000,18.693362,18.693362,46.939200,46.939200,-49.444663,-49.444663,-16.982532,-16.982532
6.860000,1372.000000,18.606217,18.606217,46.939200,46.939200,-49.515106,-49.515106,-16.727227,-16.727227
6.862000,1372.400000,18.524451,18.524451,46.939200,46.939200,-49.572305,-49.572305,-16.513836,-16.513836
6.864000,1372.800000,18.448107,18.448107,46.939200,46.939200,-49.639150,-49.639150,-16.257003,-16.257003
6.866000,1373.200000,18.377230,18.377230,46.939200,46.939200,-49.704051,-49.704051,-15.999337,-15.999337
6.868000,1373.600000,18.311860,18.311860,46.939200,46.939200,-49.756660,-49.756660,-15.783979,-15.783979
6.870000,1374.000000,18.252036,18.252036,46.939200,46.939200,-49.818032,-49.818032,-15.524788,-15.524788
6.872000,1374.400000,18.197795,18.197795,46.939200,46.939200,-49.877497,-49.877497,-15.264765,-15.264765
6.874000,1374.800000,18.149173,18.149173,46.939200,46.939200,-49.935069,-49.935069,-15.003912,-15.003912
6.876000,1375.200000,18.106202,18.106202,46.939200,46.939200,-49.981608,-49.981608,-14.785900,-14.785900
6.878000,1375.600000,18.068913,18.068913,46.939200,46.939200,-50.035740,-50.035740,-14.523525,-14.523525
6.880000,1376.000000,18.037334,18.037334,46.939200,46.939200,-50.088014,-50.088014,-14.260320,-14.260320
6.882000,1376.400000,18.011492,18.011492,46.939200,46.939200,-50.138442,-50.138442,-13.996287,-13.996287
6.884000,1376.800000,17.991411,17.991411,46.939200,46.939200,-50.179063,-50.179063,-13.775627,-13.775627
6.886000,1377.200000,17.977113,17.977113,46.939200,46.939200,-50.226137,-50.226137,-13.510075,-13.510075
6.888000,1377.600000,17.968618,17.968618,46.939200,46.939200,-50.271397,-50.271397,-13.243697,-13.243697
6.890000,1378.000000,17.965941,17.965941,46.939200,46.939200,-50.307738,-50.307738,-13.021082,-13.021082
6.892000,1378.400000,17.969100,17.969100,46.939200,46.939200,-50.349705,-50.349705,-12.753187,-12.753187
6.894000,1378.800000,17.978105,17.978105,46.939200,46.939200,-50.389892,-50.389892,-12.484466,-12.484466
6.896000,1379.200000,17.992967,17.992967,46.939200,46.939200,-50.428308,-50.428308,-12.214919,-12.214919
6.898000,1379.600000,18.013692,18.013692,46.939200,46.939200,-50.458978,-50.458978,-11.989666,-11.989666
6.900000,1380.000000,18.040280,18.040280,46.939200,46.939200,-50.494179,-50.494179,-11.718606,-11.718606
6.902000,1380.400000,18.072733,18.072733,46.939200,46.939200,-50.527641,-50.527641,-11.446722,-11.446722
6.904000,1380.800000,18.111044,18.111044,46.939200,46.939200,-50.559374,-50.559374,-11.174013,-11.174013
6.906000,1381.200000,18.155206,18.155206,46.939200,46.939200,-50.584505,-50.584505,-10.946126,-10.946126
6.908000,1381.600000,18.205208,18.205208,46.939200,46.939200,-50.613096,-50.613096,-10.671906,-10.671906
6.910000,1382.000000,18.261034,18.261034,46.939200,46.939200,-50.639988,-50.639988,-10.396864,-10.396864
6.912000,1382.400000,18.322666,18.322666,46.939200,46.939200,-50.661106,-50.661106,-10.167033,-10.167033
6.914000,1382.800000,18.390082,18.390082,46.939200,46.939200,-50.684908,-50.684908,-9.890482,-9.890482
6.916000,1383.200000,18.463257,18.463257,46.939200,46.939200,-50.707038,-50.707038,-9.613108,-9.613108
6.918000,1383.600000,18.542162,18.542162,46.939200,46.939200,-50.727507,-50.727507,-9.334913,-9.334913
6.920000,1384.000000,18.626764,18.626764,46.939200,46.939200,-50.743301,-50.743301,-9.102455,-9.102455
6.922000,1384.400000,18.717029,18.717029,46.939200,46.939200,-50.760748,-50.760748,-8.822753,-8.822753
6.924000,1384.800000,18.812917,18.812917,46.939200,46.939200,-50.776559,-50.776559,-8.542230,-8.542230
6.926000,1385.200000,18.914384,18.914384,46.939200,46.939200,-50.790744,-50.790744,-8.260886,-8.260886
6.928000,1385.600000,19.021386,19.021386,46.939200,46.939200,-50.801330,-50.801330,-8.025806,-8.025806
6.930000,1386.000000,19.133872,19.133872,46.939200,46.939200,-50.812557,-50.812557,-7.742958,-7.742958
6.932000,1386.400000,19.251789,19.251789,46.939200,46.939200,-50.822185,-50.822185,-7.459289,-7.459289
6.934000,1386.800000,19.375081,19.375081,46.939200,46.939200,-50.828991,-50.828991,-7.222272,-7.222272
6.936000,1387.200000,19.503688,19.503688,46.939200,46.939200,-50.835707,-50.835707,-6.937100,-6.937100
6.938000,1387.600000,19.637547,19.637547,46.939200,46.939200,-50.840846,-50.840846,-6.651109,-6.651109
6.940000,1388.000000,19.776590,19.776590,46.939200,46.939200,-50.844418,-50.844418,-6.364299,-6.364299
6.942000,1388.400000,19.920747,19.920747,46.939200,46.939200,-50.846203,-50.846203,-6.124664,-6.124664
6.944000,1388.800000,20.069944,20.069944,46.939200,46.939200,-50.846923,-50.846923,-5.836352,-5.836352
6.946000,1389.200000,20.224104,20.224104,46.939200,46.939200,-50.846098,-50.846098,-5.547222,-5.547222
6.948000,1389.600000,20.383146,20.383146,46.939200,46.939200,-50.843737,-50.843737,-5.257272,-5.257272
6.950000,1390.000000,20.546987,20.546987,46.939200,46.939200,-50.840602,-50.840602,-5.015023,-5.015023
6.952000,1390.400000,20.715537,20.715537,46.939200,46.939200,-50.835446,-50.835446,-4.723573,-4.723573
6.954000,1390.800000,20.888707,20.888707,46.939200,46.939200,-50.828776,-50.828776,-4.431305,-4.431305
6.956000,1391.200000,21.066401,21.066401,46.939200,46.939200,-50.822067,-50.822067,-4.187124,-4.187124
6.958000,1391.600000,21.248521,21.248521,46.939200,46.939200,-50.812642,-50.812642,-3.893356,-3.893356
6.960000,1392.000000,21.434966,21.434966,46.939200,46.939200,-50.801724,-50.801724,-3.598771,-3.598771
6.962000,1392.400000,21.625631,21.625631,46.939200,46.939200,-50.789322,-50.789322,-3.303369,-3.303369
6.964000,1392.800000,21.820407,21.820407,46.939200,46.939200,-50.777858,-50.777858,-3.056575,-3.056575
6.966000,1393.200000,22.019182,22.019182,46.939200,46.939200,-50.762753,-50.762753,-2.759674,-2.759674
6.968000,1393.600000,22.221841,22.221841,46.939200,46.939200,-50.746184,-50.746184,-2.461955,-2.461955
6.970000,1394.000000,22.428265,22.428265,46.939200,46.939200,-50.728158,-50.728158,-2.163419,-2.163419
6.972000,1394.400000,22.638332,22.638332,46.939200,46.939200,-50.712028,-50.712028,-1.914015,-1.914015
6.974000,1394.800000,22.851915,22.851915,46.939200,46.939200,-50.691349,-50.691349,-1.613981,-1.613981
6.976000,1395.200000,23.068886,23.068886,46.939200,46.939200,-50.669233,-50.669233,-1.313130,-1.313130
6.978000,1395.600000,23.289112,23.289112,46.939200,46.939200,-50.649710,-50.649710,-1.061796,-1.061796
6.980000,1396.000000,23.512456,23.512456,46.939200,46.939200,-50.624977,-50.624977,-0.759447,-0.759447
6.982000,1396.400000,23.738778,23.738778,46.939200,46.939200,-50.598826,-50.598826,-0.456281,-0.456281
6.984000,1396.800000,23.967937,23.967937,46.939200,46.939200,-50.571263,-50.571263,-0.152298,-0.152298
6.986000,1397.200000,24.199784,24.199784,46.939200,46.939200,-50.547221,-50.547221,0.101600,0.101600
6.988000,1397.600000,24.434170,24.434170,46.939200,46.939200,-50.517088,-50.517088,0.406400,0.406400
6.990000,1398.000000,24.670942,24.670942,46.939200,46.939200,-50.485561,-50.485561,0.711200,0.711200
6.992000,1398.400000,24.909942,24.909942,46.939200,46.939200,-50.452648,-50.452648,1.016000,1.016000
6.994000,1398.800000,25.151009,25.151009,46.939200,46.939200,-50.424165,-50.424165,1.270000,1.270000
6.996000,1399.200000,25.393981,25.393981,46.939200,46.939200,-50.388726,-50.388726,1.574800,1.574800
6.998000,1399.600000,25.638689,25.638689,46.939200,46.939200,-50.351917,-50.351917,1.879600,1.879600
7.000000,1400.000000,25.884962,25.884962,46.939200,46.939200,-50.320202,-50.320202,2.133600,2.133600
7.002000,1400.400000,26.132627,26.132627,46.939200,46.939200,-50.280898,-50.280898,2.438400,2.438400
7.004000,1400.800000,26.381505,26.381505,46.939200,46.939200,-50.240243,-50.240243,2.743200,2.743200
7.006000,1401.200000,26.631415,26.631415,46.939200,46.939200,-50.198241,-50.198241,3.048000,3.048000
7.008000,1401.600000,26.882172,26.882172,46.939200,46.939200,-50.162215,-50.162215,3.302000,3.302000
7.010000,1402.000000,27.133590,27.133590,46.939200,46.939200,-50.117760,-50.117760,3.606800,3.606800
7.012000,1402.400000,27.385489,27.385489,46.939200,46.939200,-50.071975,-50.071975,3.911600,3.911600
7.014000,1402.800000,27.637706,27.637706,46.939200,46.939200,-50.024865,-50.024865,4.216400,4.216400
7.016000,1403.200000,27.890086,27.890086,46.939200,46.939200,-49.984600,-49.984600,4.470400,4.470400
7.018000,1403.600000,28.142483,28.142483,46.939200,46.939200,-49.935076,-49.935076,4.775200,4.775200
7.020000,1404.000000,28.394761,28.394761,46.939200,46.939200,-49.884244,-49.884244,5.080000,5.080000
7.022000,1404.400000,28.646789,28.646789,46.939200,46.939200,-49.840889,-49.840889,5.334000,5.334000
7.024000,1404.800000,28.898445,28.898445,46.939200,46.939200,-49.787671,-49.787671,5.638800,5.638800
7.026000,1405.200000,29.149612,29.149612,46.939200,46.939200,-49.733161,-49.733161,5.943600,5.943600
7.028000,1405.600000,29.400178,29.400178,46.939200,46.939200,-49.677361,-49.677361,6.248400,6.248400
7.030000,1406.000000,29.650037,29.650037,46.939200,46.939200,-49.629882,-49.629882,6.502400,6.502400
7.032000,1406.400000,29.899091,29.899091,46.939200,46.939200,-49.571734,-49.571734,6.807200,6.807200
7.034000,1406.800000,30.147244,30.147244,46.939200,46.939200,-49.512313,-49.512313,7.112000,7.112000
7.036000,1407.200000,30.394407,30.394407,46.939200,46.939200,-49.451623,-49.451623,7.416800,7.416800
7.038000,1407.600000,30.640495,30.640495,46.939200,46.939200,-49.400082,-49.400082,7.670800,7.670800
7.040000,1408.000000,30.885427,30.885427,46.939200,46.939200,-49.337079,-49.337079,7.975600,7.975600
7.042000,1408.400000,31.129130,31.129130,46.939200,46.939200,-49.272821,-49.272821,8.280400,8.280400
7.044000,1408.800000,31.371533,31.371533,46.939200,46.939200,-49.218318,-49.218318,8.534400,8.534400
7.046000,1409.200000,31.612571,31.612571,46.939200,46.939200,-49.151773,-49.151773,8.839200,8.839200
7.048000,1409.600000,31.852184,31.852184,46.939200,46.939200,-49.083987,-49.083987,9.144000,9.144000
7.050000,1410.000000,32.090315,32.090315,46.939200,46.939200,-49.014964,-49.014964,9.448800,9.448800
7.052000,1410.400000,32.326915,32.326915,46.939200,46.939200,-48.956504,-48.956504,9.702800,9.702800
7.054000,1410.800000,32.561936,32.561936,46.939200,46.939200,-48.885226,-48.885226,10.007600,10.007600
7.056000,1411.200000,32.795339,32.795339,46.939200,46.939200,-48.812725,-48.812725,10.312400,10.312400
7.058000,1411.600000,33.027085,33.027085,46.939200,46.939200,-48.739006,-48.739006,10.617200,10.617200
7.060000,1412.000000,33.257144,33.257144,46.939200,46.939200,-48.676645,-48.676645,10.871200,10.871200
7.062000,1412.400000,33.485488,33.485488,46.939200,46.939200,-48.600703,-48.600703,11.176000,11.176000
7.064000,1412.800000,33.712094,33.712094,46.939200,46.939200,-48.523554,-48.523554,11.480800,11.480800
7.066000,1413.200000,33.936943,33.936943,46.939200,46.939200,-48.458346,-48.458346,11.734800,11.734800
7.068000,1413.600000,34.160015,34.160015,46.939200,46.939200,-48.378997,-48.378997,12.039600,12.039600
7.070000,1414.000000,34.381291,34.381291,46.939200,46.939200,-48.298455,-48.298455,12.344400,12.344400
7.072000,1414.400000,34.600753,34.600753,46.939200,46.939200,-48.216722,-48.216722,12.649200,12.649200
7.074000,1414.800000,34.818382,34.818382,46.939200,46.939200,-48.147706,-48.147706,12.903200,12.903200
7.076000,1415.200000,35.034162,35.034162,46.939200,46.939200,-48.063804,-48.063804,13.208000,13.208000
7.078000,1415.600000,35.248073,35.248073,46.939200,46.939200,-47.978723,-47.978723,13.512800,13.512800
7.080000,1416.000000,35.460101,35.460101,46.939200,46.939200,-47.892468,-47.892468,13.817600,13.817600
7.082000,1416.400000,35.670229,35.670229,46.939200,46.939200,-47.819696,-47.819696,14.071600,14.071600
7.084000,1416.800000,35.878440,35.878440,46.939200,46.939200,-47.731299,-47.731299,14.376400,14.376400
7.086000,1417.200000,36.084719,36.084719,46.939200,46.939200,-47.641740,-47.641740,14.681200,14.681200
7.088000,1417.600000,36.289051,36.289051,46.939200,46.939200,-47.566223,-47.566223,14.935200,14.935200
7.090000,1418.000000,36.491421,36.491421,46.939200,46.939200,-47.474542,-47.474542,15.240000,15.240000
7.092000,1418.400000,36.691816,36.691816,46.939200,46.939200,-47.381711,-47.381711,15.544800,15.544800
7.094000,1418.800000,36.890222,36.890222,46.939200,46.939200,-47.287731,-47.287731,15.849600,15.849600
7.096000,1419.200000,37.086625,37.086625,46.939200,46.939200,-47.208541,-47.208541,16.103600,16.103600
7.098000,1419.600000,37.281013,37.281013,46.939200,46.939200,-47.112467,-47.112467,16.408400,16.408400
7.100000,1420.000000,37.473373,37.473373,46.939200,46.939200,-47.015255,-47.015255,16.713200,16.713200
7.102000,1420.400000,37.663694,37.663694,46.939200,46.939200,-46.916910,-46.916910,17.018000,17.018000
7.104000,1420.800000,37.851966,37.851966,46.939200,46.939200,-46.834093,-46.834093,17.272000,17.272000
7.106000,1421.200000,38.038176,38.038176,46.939200,46.939200,-46.733680,-46.733680,17.576800,17.576800
7.108000,1421.600000,38.222315,38.222315,46.939200,46.939200,-46.632143,-46.632143,17.881600,17.881600
7.110000,1422.000000,38.404374,38.404374,46.939200,46.939200,-46.546673,-46.546673,18.135600,18.135600
7.112000,1422.400000,38.584342,38.584342,46.939200,46.939200,-46.443086,-46.443086,18.440400,18.440400
7.114000,1422.800000,38.762212,38.762212,46.939200,46.939200,-46.338386,-46.338386,18.745200,18.745200
7.116000,1423.200000,38.937975,38.937975,46.939200,46.939200,-46.232575,-46.232575,19.050000,19.050000
7.118000,1423.600000,39.111623,39.111623,46.939200,46.939200,-46.143554,-46.143554,19.304000,19.304000
7.120000,1424.000000,39.283150,39.283150,46.939200,46.939200,-46.035718,-46.035718,19.608800,19.608800
7.122000,1424.400000,39.452549,39.452549,46.939200,46.939200,-45.926781,-45.926781,19.913600,19.913600
7.124000,1424.800000,39.619814,39.619814,46.939200,46.939200,-45.835162,-45.835162,20.167600,20.167600
7.126000,1425.200000,39.784939,39.784939,46.939200,46.939200,-45.724216,-45.724216,20.472400,20.472400
7.128000,1425.600000,39.947919,39.947919,46.939200,46.939200,-45.612180,-45.612180,20.777200,20.777200
7.130000,1426.000000,40.108751,40.108751,46.939200,46.939200,-45.499055,-45.499055,21.082000,21.082000
7.132000,1426.400000,40.267430,40.267430,46.939200,46.939200,-45.403956,-45.403956,21.336000,21.336000
7.134000,1426.800000,40.423953,40.423953,46.939200,46.939200,-45.288845,-45.288845,21.640800,21.640800
7.136000,1427.200000,40.578317,40.578317,46.939200,46.939200,-45.172655,-45.172655,21.945600,21.945600
7.138000,1427.600000,40.730519,40.730519,46.939200,46.939200,-45.055390,-45.055390,22.250400,22.250400
7.140000,1428.000000,40.880559,40.880559,46.939200,46.939200,-44.956849,-44.956849,22.504400,22.504400
7.142000,1428.400000,41.028435,41.028435,46.939200,46.939200,-44.837620,-44.837620,22.809200,22.809200
7.144000,1428.800000,41.174147,41.174147,46.939200,46.939200,-44.717323,-44.717323,23.114000,23.114000
7.146000,1429.200000,41.317693,41.317693,46.939200,46.939200,-44.616263,-44.616263,23.368000,23.368000
7.148000,1429.600000,41.459076,41.459076,46.939200,46.939200,-44.494017,-44.494017,23.672800,23.672800
7.150000,1430.000000,41.598296,41.598296,46.939200,46.939200,-44.370713,-44.370713,23.977600,23.977600
7.152000,1430.400000,41.735354,41.735354,46.939200,46.939200,-44.246354,-44.246354,24.282400,24.282400
7.154000,1430.800000,41.870252,41.870252,46.939200,46.939200,-44.141916,-44.141916,24.536400,24.536400
7.156000,1431.200000,42.002994,42.002994,46.939200,46.939200,-44.015628,-44.015628,24.841200,24.841200
7.158000,1431.600000,42.133582,42.133582,46.939200,46.939200,-43.888292,-43.888292,25.146000,25.146000
7.160000,1432.000000,42.262020,42.262020,46.939200,46.939200,-43.759912,-43.759912,25.450800,25.450800
7.162000,1432.400000,42.388313,42.388313,46.939200,46.939200,-43.652132,-43.652132,25.704800,25.704800
7.164000,1432.800000,42.512465,42.512465,46.939200,46.939200,-43.521843,-43.521843,26.009600,26.009600
7.166000,1433.200000,42.634482,42.634482,46.939200,46.939200,-43.390518,-43.390518,26.314400,26.314400
7.168000,1433.600000,42.754369,42.754369,46.939200,46.939200,-43.280289,-43.280289,26.568400,26.568400
7.170000,1434.000000,42.872133,42.872133,46.939200,46.939200,-43.147069,-43.147069,26.873200,26.873200
7.172000,1434.400000,42.987781,42.987781,46.939200,46.939200,-43.012820,-43.012820,27.178000,27.178000
7.174000,1434.800000,43.101321,43.101321,46.939200,46.939200,-42.877544,-42.877544,27.482800,27.482800
7.176000,1435.200000,43.212760,43.212760,46.939200,46.939200,-42.764031,-42.764031,27.736800,27.736800
7.178000,1435.600000,43.322107,43.322107,46.939200,46.939200,-42.626880,-42.626880,28.041600,28.041600
7.180000,1436.000000,43.429371,43.429371,46.939200,46.939200,-42.488708,-42.488708,28.346400,28.346400
7.182000,1436.400000,43.534561,43.534561,46.939200,46.939200,-42.349520,-42.349520,28.651200,28.651200
7.184000,1436.800000,43.637688,43.637688,46.939200,46.939200,-42.232756,-42.232756,28.905200,28.905200
7.186000,1437.200000,43.738763,43.738763,46.939200,46.939200,-42.091710,-42.091710,29.210000,29.210000
7.188000,1437.600000,43.837795,43.837795,46.939200,46.939200,-41.949654,-41.949654,29.514800,29.514800
7.190000,1438.000000,43.934798,43.934798,46.939200,46.939200,-41.830505,-41.830505,29.768800,29.768800
7.192000,1438.400000,44.029782,44.029782,46.939200,46.939200,-41.686605,-41.686605,30.073600,30.073600
7.194000,1438.800000,44.122761,44.122761,46.939200,46.939200,-41.541702,-41.541702,30.378400,30.378400
7.196000,1439.200000,44.213747,44.213747,46.939200,46.939200,-41.395798,-41.395798,30.683200,30.683200
7.198000,1439.600000,44.302755,44.302755,46.939200,46.939200,-41.273449,-41.273449,30.937200,30.937200
7.200000,1440.000000,44.389797,44.389797,46.939200,46.939200,-41.125717,-41.125717,31.242000,31.242000
7.202000,1440.400000,44.474889,44.474889,46.939200,46.939200,-40.976992,-40.976992,31.546800,31.546800
7.204000,1440.800000,44.558046,44.558046,46.939200,46.939200,-40.827275,-40.827275,31.851600,31.851600
7.206000,1441.200000,44.639282,44.639282,46.939200,46.939200,-40.701755,-40.701755,32.105600,32.105600
7.208000,1441.600000,44.718614,44.718614,46.939200,46.939200,-40.550226,-40.550226,32.410400,32.410400
7.210000,1442.000000,44.796058,44.796058,46.939200,46.939200,-40.397712,-40.397712,32.715200,32.715200
7.212000,1442.400000,44.871630,44.871630,46.939200,46.939200,-40.269866,-40.269866,32.969200,32.969200
7.214000,1442.800000,44.945349,44.945349,46.939200,46.939200,-40.115551,-40.115551,33.274000,33.274000
7.216000,1443.200000,45.017231,45.017231,46.939200,46.939200,-39.960258,-39.960258,33.578800,33.578800
7.218000,1443.600000,45.087294,45.087294,46.939200,46.939200,-39.803988,-39.803988,33.883600,33.883600
7.220000,1444.000000,45.155556,45.155556,46.939200,46.939200,-39.673019,-39.673019,34.137600,34.137600
7.222000,1444.400000,45.222038,45.222038,46.939200,46.939200,-39.514964,-39.514964,34.442400,34.442400
7.224000,1444.800000,45.286757,45.286757,46.939200,46.939200,-39.355939,-39.355939,34.747200,34.747200
7.226000,1445.200000,45.349733,45.349733,46.939200,46.939200,-39.195945,-39.195945,35.052000,35.052000
7.228000,1445.600000,45.410987,45.410987,46.939200,46.939200,-39.061878,-39.061878,35.306000,35.306000
7.230000,1446.000000,45.470538,45.470538,46.939200,46.939200,-38.900113,-38.900113,35.610800,35.610800
7.232000,1446.400000,45.528408,45.528408,46.939200,46.939200,-38.737386,-38.737386,35.915600,35.915600
7.234000,1446.800000,45.584617,45.584617,46.939200,46.939200,-38.601046,-38.601046,36.169600,36.169600
7.236000,1447.200000,45.639186,45.639186,46.939200,46.939200,-38.436559,-38.436559,36.474400,36.474400
7.238000,1447.600000,45.692138,45.692138,46.939200,46.939200,-38.271115,-38.271115,36.779200,36.779200
7.240000,1448.000000,45.743494,45.743494,46.939200,46.939200,-38.104716,-38.104716,37.084000,37.084000
7.242000,1448.400000,45.793277,45.793277,46.939200,46.939200,-37.965322,-37.965322,37.338000,37.338000
7.244000,1448.800000,45.841510,45.841510,46.939200,46.939200,-37.797176,-37.797176,37.642800,37.642800
7.246000,1449.200000,45.888215,45.888215,46.939200,46.939200,-37.628081,-37.628081,37.947600,37.947600
7.248000,1449.600000,45.933415,45.933415,46.939200,46.939200,-37.458038,-37.458038,38.252400,38.252400
7.250000,1450.000000,45.977134,45.977134,46.939200,46.939200,-37.315613,-37.315613,38.506400,38.506400
7.252000,1450.400000,46.019397,46.019397,46.939200,46.939200,-37.143838,-37.143838,38.811200,38.811200
7.254000,1450.800000,46.060226,46.060226,46.939200,46.939200,-36.971120,-36.971120,39.116000,39.116000
7.256000,1451.200000,46.099646,46.099646,46.939200,46.939200,-36.826469,-36.826469,39.370000,39.370000
7.258000,1451.600000,46.137682,46.137682,46.939200,46.939200,-36.652028,-36.652028,39.674800,39.674800
7.260000,1452.000000,46.174358,46.174358,46.939200,46.939200,-36.476649,-36.476649,39.979600,39.979600
7.262000,1452.400000,46.209699,46.209699,46.939200,46.939200,-36.300334,-36.300334,40.284400,40.284400
7.264000,1452.800000,46.243731,46.243731,46.939200,46.939200,-36.152692,-36.152692,40.538400,40.538400
7.266000,1453.200000,46.276478,46.276478,46.939200,46.939200,-35.974666,-35.974666,40.843200,40.843200
7.268000,1453.600000,46.307966,46.307966,46.939200,46.939200,-35.795710,-35.795710,41.148000,41.148000
7.270000,1454.000000,46.338220,46.338220,46.939200,46.939200,-35.615825,-35.615825,41.452800,41.452800
7.272000,1454.400000,46.367268,46.367268,46.939200,46.939200,-35.465212,-35.465212,41.706800,41.706800
7.274000,1454.800000,46.395133,46.395133,46.939200,46.939200,-35.283628,-35.283628,42.011600,42.011600
7.276000,1455.200000,46.421843,46.421843,46.939200,46.939200,-35.101119,-35.101119,42.316400,42.316400
7.278000,1455.600000,46.447423,46.447423,46.939200,46.939200,-34.948324,-34.948324,42.570400,42.570400
7.280000,1456.000000,46.471900,46.471900,46.939200,46.939200,-34.764125,-34.764125,42.875200,42.875200
7.282000,1456.400000,46.495299,46.495299,46.939200,46.939200,-34.579007,-34.579007,43.180000,43.180000
7.284000,1456.800000,46.517648,46.517648,46.939200,46.939200,-34.392970,-34.392970,43.484800,43.484800
7.286000,1457.200000,46.538972,46.538972,46.939200,46.939200,-34.237240,-34.237240,43.738800,43.738800
7.288000,1457.600000,46.559298,46.559298,46.939200,46.939200,-34.049524,-34.049524,44.043600,44.043600
7.290000,1458.000000,46.578653,46.578653,46.939200,46.939200,-33.860895,-33.860895,44.348400,44.348400
7.292000,1458.400000,46.597063,46.597063,46.939200,46.939200,-33.671353,-33.671353,44.653200,44.653200
7.294000,1458.800000,46.614554,46.614554,46.939200,46.939200,-33.512706,-33.512706,44.907200,44.907200
7.296000,1459.200000,46.631152,46.631152,46.939200,46.939200,-33.321497,-33.321497,45.212000,45.212000
7.298000,1459.600000,46.646885,46.646885,46.939200,46.939200,-33.129379,-33.129379,45.516800,45.516800
7.300000,1460.000000,46.661778,46.661778,46.939200,46.939200,-32.968589,-32.968589,45.770800,45.770800
7.302000,1460.400000,46.675859,46.675859,46.939200,46.939200,-32.774810,-32.774810,46.075600,46.075600
7.304000,1460.800000,46.689151,46.689151,46.939200,46.939200,-32.580128,-32.580128,46.380400,46.380400
7.306000,1461.200000,46.701683,46.701683,46.939200,46.939200,-32.384544,-32.384544,46.685200,46.685200
7.308000,1461.600000,46.713480,46.713480,46.939200,46.939200,-32.220869,-32.220869,46.939200,46.939200
7.310000,1462.000000,46.724567,46.724567,46.939200,46.939200,-32.023635,-32.023635,43.529464,43.529464
7.312000,1462.400000,46.734970,46.734970,46.939198,46.939198,-31.825502,-31.825502,38.848352,38.848352
7.314000,1462.800000,46.744715,46.744715,46.939182,46.939182,-31.626472,-31.626472,35.169225,35.169225
7.316000,1463.200000,46.753827,46.753827,46.939122,46.939122,-31.459929,-31.459929,32.547717,32.547717
7.318000,1463.600000,46.762331,46.762331,46.938975,46.938975,-31.259258,-31.259258,29.763502,29.763502
7.320000,1464.000000,46.770253,46.770253,46.938691,46.938691,-31.057695,-31.057695,27.270300,27.270300
7.322000,1464.400000,46.777615,46.777615,46.938210,46.938210,-30.889043,-30.889043,25.364909,25.364909
7.324000,1464.800000,46.784444,46.784444,46.937463,46.937463,-30.685846,-30.685846,23.245029,23.245029
7.326000,1465.200000,46.790763,46.790763,46.936377,46.936377,-30.481759,-30.481759,21.275838,21.275838
7.328000,1465.600000,46.796595,46.796595,46.934873,46.934873,-30.276783,-30.276783,19.432999,19.432999
7.330000,1466.000000,46.801965,46.801965,46.932867,46.932867,-30.105293,-30.105293,17.980424,17.980424
7.332000,1466.400000,46.806894,46.806894,46.930268,46.930268,-29.898693,-29.898693,16.324475,16.324475
7.334000,1466.800000,46.811407,46.811407,46.926985,46.926985,-29.691209,-29.691209,14.752563,14.752563
7.336000,1467.200000,46.815526,46.815526,46.922921,46.922921,-29.482841,-29.482841,13.255147,13.255147
7.338000,1467.600000,46.819272,46.819272,46.917978,46.917978,-29.308527,-29.308527,12.058505,12.058505
7.340000,1468.000000,46.822667,46.822667,46.912052,46.912052,-29.098543,-29.098543,10.678232,10.678232
7.342000,1468.400000,46.825732,46.825732,46.905042,46.905042,-28.887679,-28.887679,9.353393,9.353393
7.344000,1468.800000,46.828488,46.828488,46.896839,46.896839,-28.711288,-28.711288,8.288188,8.288188
7.346000,1469.200000,46.830956,46.830956,46.887337,46.887337,-28.498814,-28.498814,7.052885,7.052885
7.348000,1469.600000,46.833154,46.833154,46.876426,46.876426,-28.285463,-28.285463,5.860950,5.860950
7.350000,1470.000000,46.835103,46.835103,46.863997,46.863997,-28.071237,-28.071237,4.709148,4.709148
7.352000,1470.400000,46.836820,46.836820,46.849937,46.849937,-27.892047,-27.892047,3.777905,3.777905
7.354000,1470.800000,46.838324,46.838324,46.834135,46.834135,-27.676219,-27.676219,2.692522,2.692522
7.356000,1471.200000,46.839633,46.839633,46.816477,46.816477,-27.459519,-27.459519,1.640015,1.640015
7.358000,1471.600000,46.840764,46.840764,46.796851,46.796851,-27.241948,-27.241948,0.618339,0.618339
7.360000,1472.000000,46.841732,46.841732,46.775143,46.775143,-27.059974,-27.059974,-0.210838,-0.210838
7.362000,1472.400000,46.842554,46.842554,46.751239,46.751239,-26.840808,-26.840808,-1.180636,-1.180636
7.364000,1472.800000,46.843244,46.843244,46.725026,46.725026,-26.620774,-26.620774,-2.124364,-2.124364
7.366000,1473.200000,46.843818,46.843818,46.696391,46.696391,-26.436750,-26.436750,-2.891896,-2.891896
7.368000,1473.600000,46.844288,46.844288,46.665224,46.665224,-26.215127,-26.215127,-3.791351,-3.791351
7.370000,1474.000000,46.844667,46.844667,46.631419,46.631419,-25.992640,-25.992640,-4.668368,-4.668368
7.372000,1474.400000,46.844968,46.844968,46.594874,46.594874,-25.769287,-25.769287,-5.524028,-5.524028
7.374000,1474.800000,46.845202,46.845202,46.555493,46.555493,-25.582501,-25.582501,-6.221484,-6.221484
7.376000,1475.200000,46.845379,46.845379,46.513185,46.513185,-25.357568,-25.357568,-7.040517,-7.040517
7.378000,1475.600000,46.845510,46.845510,46.467862,46.467862,-25.131772,-25.131772,-7.840817,-7.840817
7.380000,1476.000000,46.845603,46.845603,46.419439,46.419439,-24.942953,-24.942953,-8.494002,-8.494002
7.382000,1476.400000,46.845666,46.845666,46.367837,46.367837,-24.715581,-24.715581,-9.261991,-9.261991
7.384000,1476.800000,46.845706,46.845706,46.312978,46.312978,-24.487350,-24.487350,-10.013363,-10.013363
7.386000,1477.200000,46.845730,46.845730,46.254788,46.254788,-24.258262,-24.258262,-10.748771,-10.748771
7.388000,1477.600000,46.845742,46.845742,46.193196,46.193196,-24.066701,-24.066701,-11.349856,-11.349856
7.390000,1478.000000,46.845747,46.845747,46.128136,46.128136,-23.836042,-23.836042,-12.057547,-12.057547
7.392000,1478.400000,46.845749,46.845749,46.059542,46.059542,-23.604529,-23.604529,-12.750899,-12.750899
7.394000,1478.800000,46.845749,46.845749,45.987354,45.987354,-23.372161,-23.372161,-13.430418,-13.430418
7.396000,1479.200000,46.845749,46.845749,45.911513,45.911513,-23.177869,-23.177869,-13.986463,-13.986463
7.398000,1479.600000,46.845749,46.845749,45.831965,45.831965,-22.943938,-22.943938,-14.641840,-14.641840
7.400000,1480.000000,46.845749,46.845749,45.748657,45.748657,-22.709154,-22.709154,-15.284666,-15.284666
7.402000,1480.400000,46.845749,46.845749,45.661542,45.661542,-22.512851,-22.512851,-15.811057,-15.811057
7.404000,1480.800000,46.845749,46.845749,45.570573,45.570573,-22.276508,-22.276508,-16.431903,-16.431903
7.406000,1481.200000,46.845749,46.845749,45.475707,45.475707,-22.039316,-22.039316,-17.041284,-17.041284
7.408000,1481.600000,46.845749,46.845749,45.376904,45.376904,-21.801275,-21.801275,-17.639548,-17.639548
7.410000,1482.000000,46.845749,46.845749,45.274128,45.274128,-21.602260,-21.602260,-18.129844,-18.129844
7.412000,1482.400000,46.845749,46.845749,45.167343,45.167343,-21.362665,-21.362665,-18.708564,-18.708564
7.414000,1482.800000,46.845749,46.845749,45.056520,45.056520,-21.122224,-21.122224,-19.277052,-19.277052
7.416000,1483.200000,46.845749,46.845749,44.941628,44.941628,-20.880937,-20.880937,-19.835593,-19.835593
7.418000,1483.600000,46.845749,46.845749,44.822643,44.822643,-20.679219,-20.679219,-20.293642,-20.293642
7.420000,1484.000000,46.845749,46.845749,44.699540,44.699540,-20.436384,-20.436384,-20.834641,-20.834641
7.422000,1484.400000,46.845749,46.845749,44.572301,44.572301,-20.192705,-20.192705,-21.366427,-21.366427
7.424000,1484.800000,46.845749,46.845749,44.440906,44.440906,-19.988995,-19.988995,-21.802717,-21.802717
7.426000,1485.200000,46.845749,46.845749,44.305342,44.305342,-19.743772,-19.743772,-22.318223,-22.318223
7.428000,1485.600000,46.845749,46.845749,44.165594,44.165594,-19.497707,-19.497707,-22.825162,-22.825162
7.430000,1486.000000,46.845749,46.845749,44.021654,44.021654,-19.250802,-19.250802,-23.323742,-23.323742
7.432000,1486.400000,46.845749,46.845749,43.873514,43.873514,-19.044405,-19.044405,-23.732985,-23.732985
7.434000,1486.800000,46.845749,46.845749,43.721169,43.721169,-18.795960,-18.795960,-24.216755,-24.216755
7.436000,1487.200000,46.845749,46.845749,43.564616,43.564616,-18.546676,-18.546676,-24.692713,-24.692713
7.438000,1487.600000,46.845749,46.845749,43.403855,43.403855,-18.296553,-18.296553,-25.161036,-25.161036
7.440000,1488.000000,46.845749,46.845749,43.238889,43.238889,-18.087478,-18.087478,-25.545597,-25.545597
7.442000,1488.400000,46.845749,46.845749,43.069723,43.069723,-17.835821,-17.835821,-26.000362,-26.000362
7.444000,1488.800000,46.845749,46.845749,42.896363,42.896363,-17.583327,-17.583327,-26.447961,-26.447961
7.446000,1489.200000,46.845749,46.845749,42.718818,42.718818,-17.372277,-17.372277,-26.815595,-26.815595
7.448000,1489.600000,46.845749,46.845749,42.537101,42.537101,-17.118251,-17.118251,-27.250447,-27.250447
7.450000,1490.000000,46.845749,46.845749,42.351224,42.351224,-16.863390,-16.863390,-27.678550,-27.678550
7.452000,1490.400000,46.845749,46.845749,42.161205,42.161205,-16.607696,-16.607696,-28.100042,-28.100042
7.454000,1490.800000,46.845749,46.845749,41.967060,41.967060,-16.393980,-16.393980,-28.446332,-28.446332
7.456000,1491.200000,46.845749,46.845749,41.768811,41.768811,-16.136758,-16.136758,-28.856046,-28.856046
7.458000,1491.600000,46.845749,46.845749,41.566480,41.566480,-15.878703,-15.878703,-29.259513,-29.259513
7.460000,1492.000000,46.845749,46.845749,41.360090,41.360090,-15.619816,-15.619816,-29.656854,-29.656854
7.462000,1492.400000,46.845749,46.845749,41.149669,41.149669,-15.403442,-15.403442,-29.983375,-29.983375
7.464000,1492.800000,46.845749,46.845749,40.935245,40.935245,-15.143031,-15.143031,-30.369782,-30.369782
7.466000,1493.200000,46.845749,46.845749,40.716849,40.716849,-14.881790,-14.881790,-30.750381,-30.750381
7.468000,1493.600000,46.845749,46.845749,40.494512,40.494512,-14.663455,-14.663455,-31.063187,-31.063187
7.470000,1494.000000,46.845749,46.845749,40.268269,40.268269,-14.400693,-14.400693,-31.433410,-31.433410
7.472000,1494.400000,46.845749,46.845749,40.038156,40.038156,-14.137101,-14.137101,-31.798115,-31.798115
7.474000,1494.800000,46.845749,46.845749,39.804210,39.804210,-13.872681,-13.872681,-32.157400,-32.157400
7.476000,1495.200000,46.845749,46.845749,39.566473,39.566473,-13.651698,-13.651698,-32.452729,-32.452729
7.478000,1495.600000,46.845749,46.845749,39.324984,39.324984,-13.385760,-13.385760,-32.802315,-32.802315
7.480000,1496.000000,46.845749,46.845749,39.079787,39.079787,-13.118995,-13.118995,-33.146736,-33.146736
7.482000,1496.400000,46.845749,46.845749,38.830928,38.830928,-12.851403,-12.851403,-33.486078,-33.486078
7.484000,1496.800000,46.845749,46.845749,38.578452,38.578452,-12.627778,-12.627778,-33.765044,-33.765044
7.486000,1497.200000,46.845749,46.845749,38.322408,38.322408,-12.358671,-12.358671,-34.095290,-34.095290
7.488000,1497.600000,46.845749,46.845749,38.062845,38.062845,-12.088739,-12.088739,-34.420686,-34.420686
7.490000,1498.000000,46.845749,46.845749,37.799815,37.799815,-11.863164,-11.863164,-34.688200,-34.688200
7.492000,1498.400000,46.845749,46.845749,37.533371,37.533371,-11.591719,-11.591719,-35.004902,-35.004902
7.494000,1498.800000,46.845749,46.845749,37.263567,37.263567,-11.319449,-11.319449,-35.316965,-35.316965
7.496000,1499.200000,46.845749,46.845749,36.990458,36.990458,-11.046356,-11.046356,-35.624460,-35.624460
7.498000,1499.600000,46.845749,46.845749,36.714103,36.714103,-10.818148,-10.818148,-35.877265,-35.877265
7.500000,1500.000000,46.845749,46.845749,36.434559,36.434559,-10.543544,-10.543544,-36.176562,-36.176562
7.502000,1500.400000,46.845749,46.845749,36.151887,36.151887,-10.268117,-10.268117,-36.471480,-36.471480
7.504000,1500.800000,46.845749,46.845749,35.866148,35.866148,-9.991867,-9.991867,-36.762083,-36.762083
7.506000,1501.200000,46.845749,46.845749,35.577405,35.577405,-9.761031,-9.761031,-37.001000,-37.001000
7.508000,1501.600000,46.845749,46.845749,35.285721,35.285721,-9.483273,-9.483273,-37.283851,-37.283851
7.510000,1502.000000,46.845749,46.845749,34.991161,34.991161,-9.204694,-9.204694,-37.562559,-37.562559
7.512000,1502.400000,46.845749,46.845749,34.693793,34.693793,-8.971916,-8.971916,-37.791690,-37.791690
7.514000,1502.800000,46.845749,46.845749,34.393682,34.393682,-8.691831,-8.691831,-38.062948,-38.062948
7.516000,1503.200000,46.845749,46.845749,34.090899,34.090899,-8.410924,-8.410924,-38.330221,-38.330221
7.518000,1503.600000,46.845749,46.845749,33.785512,33.785512,-8.129197,-8.129197,-38.593562,-38.593562
7.520000,1504.000000,46.845749,46.845749,33.477592,33.477592,-7.893797,-7.893797,-38.810048,-38.810048
7.522000,1504.400000,46.845749,46.845749,33.167212,33.167212,-7.610566,-7.610566,-39.066316,-39.066316
7.524000,1504.800000,46.845749,46.845749,32.854443,32.854443,-7.326514,-7.326514,-39.318796,-39.318796
7.526000,1505.200000,46.845749,46.845749,32.539360,32.539360,-7.041643,-7.041643,-39.567539,-39.567539
7.528000,1505.600000,46.845749,46.845749,32.222037,32.222037,-6.803624,-6.803624,-39.772003,-39.772003
7.530000,1506.000000,46.845749,46.845749,31.902550,31.902550,-6.517250,-6.517250,-40.014014,-40.014014
7.532000,1506.400000,46.845749,46.845749,31.580975,31.580975,-6.230057,-6.230057,-40.252419,-40.252419
7.534000,1506.800000,46.845749,46.845749,31.257390,31.257390,-5.990104,-5.990104,-40.448367,-40.448367
7.536000,1507.200000,46.845749,46.845749,30.931872,30.931872,-5.701409,-5.701409,-40.680275,-40.680275
7.538000,1507.600000,46.845749,46.845749,30.604500,30.604500,-5.411896,-5.411896,-40.908700,-40.908700
7.540000,1508.000000,46.845749,46.845749,30.275355,30.275355,-5.121564,-5.121564,-41.133683,-41.133683
7.542000,1508.400000,46.845749,46.845749,29.944515,29.944515,-4.878996,-4.878996,-41.318569,-41.318569
7.544000,1508.800000,46.845749,46.845749,29.612062,29.612062,-4.587164,-4.587164,-41.537348,-41.537348
7.546000,1509.200000,46.845749,46.845749,29.278078,29.278078,-4.294515,-4.294515,-41.752799,-41.752799
7.548000,1509.600000,46.845749,46.845749,28.942645,28.942645,-4.001047,-4.001047,-41.964960,-41.964960
7.550000,1510.000000,46.845749,46.845749,28.605844,28.605844,-3.755866,-3.755866,-42.139274,-42.139274
7.552000,1510.400000,46.845749,46.845749,28.267761,28.267761,-3.460899,-3.460899,-42.345500,-42.345500
7.554000,1510.800000,46.845749,46.845749,27.928477,27.928477,-3.165114,-3.165114,-42.548540,-42.548540
7.556000,1511.200000,46.845749,46.845749,27.588078,27.588078,-2.918003,-2.918003,-42.715332,-42.715332
7.558000,1511.600000,46.845749,46.845749,27.246648,27.246648,-2.620719,-2.620719,-42.912622,-42.912622
7.560000,1512.000000,46.845749,46.845749,26.904272,26.904272,-2.322619,-2.322619,-43.106825,-43.106825
7.562000,1512.400000,46.845749,46.845749,26.561035,26.561035,-2.023701,-2.023701,-43.297973,-43.297973
7.564000,1512.800000,46.845749,46.845749,26.217024,26.217024,-1.773979,-1.773979,-43.454953,-43.454953
7.566000,1513.200000,46.845749,46.845749,25.872323,25.872323,-1.473563,-1.473563,-43.640585,-43.640585
7.568000,1513.600000,46.845749,46.845749,25.527020,25.527020,-1.172330,-1.172330,-43.823253,-43.823253
7.570000,1514.000000,46.845749,46.845749,25.181201,25.181201,-0.870281,-0.870281,-44.002988,-44.002988
7.572000,1514.400000,46.845749,46.845749,24.834952,24.834952,-0.617948,-0.617948,-44.150548,-44.150548
7.574000,1514.800000,46.845749,46.845749,24.488361,24.488361,-0.314401,-0.314401,-44.324983,-44.324983
7.576000,1515.200000,46.845749,46.845749,24.141514,24.141514,-0.010036,-0.010036,-44.496569,-44.496569
7.578000,1515.600000,46.845749,46.845749,23.794498,23.794498,0.243964,0.243964,-44.637402,-44.637402
7.580000,1516.000000,46.845749,46.845749,23.447401,23.447401,0.548764,0.548764,-44.803838,-44.803838
7.582000,1516.400000,46.845749,46.845749,23.100310,23.100310,0.853564,0.853564,-44.967504,-44.967504
7.584000,1516.800000,46.845749,46.845749,22.753312,22.753312,1.158364,1.158364,-45.128428,-45.128428
7.586000,1517.200000,46.845749,46.845749,22.406493,22.406493,1.412364,1.412364,-45.260455,-45.260455
7.588000,1517.600000,46.845749,46.845749,22.059942,22.059942,1.717164,1.717164,-45.416418,-45.416418
7.590000,1518.000000,46.845749,46.845749,21.713745,21.713745,2.021964,2.021964,-45.569713,-45.569713
7.592000,1518.400000,46.845749,46.845749,21.367989,21.367989,2.326764,2.326764,-45.720364,-45.720364
7.594000,1518.800000,46.845749,46.845749,21.022761,21.022761,2.580764,2.580764,-45.843904,-45.843904
7.596000,1519.200000,46.845749,46.845749,20.678146,20.678146,2.885564,2.885564,-45.989772,-45.989772
7.598000,1519.600000,46.845749,46.845749,20.334232,20.334232,3.190364,3.190364,-46.133065,-46.133065
7.600000,1520.000000,46.845749,46.845749,19.991105,19.991105,3.444364,3.444364,-46.250525,-46.250525
7.602000,1520.400000,46.845749,46.845749,19.648849,19.648849,3.749164,3.749164,-46.389158,-46.389158
7.604000,1520.800000,46.845749,46.845749,19.307550,19.307550,4.053964,4.053964,-46.525281,-46.525281
7.606000,1521.200000,46.845749,46.845749,18.967294,18.967294,4.358764,4.358764,-46.658917,-46.658917
7.608000,1521.600000,46.845749,46.845749,18.628164,18.628164,4.612764,4.612764,-46.768396,-46.768396
7.610000,1522.000000,46.845749,46.845749,18.290245,18.290245,4.917564,4.917564,-46.897529,-46.897529
7.612000,1522.400000,46.845749,46.845749,17.953621,17.953621,5.222364,5.222364,-47.024235,-47.024235
7.614000,1522.800000,46.845749,46.845749,17.618375,17.618375,5.527164,5.527164,-47.148536,-47.148536
7.616000,1523.200000,46.845749,46.845749,17.284589,17.284589,5.781164,5.781164,-47.250298,-47.250298
7.618000,1523.600000,46.845749,46.845749,16.952345,16.952345,6.085964,6.085964,-47.370243,-47.370243
7.620000,1524.000000,46.845749,46.845749,16.621725,16.621725,6.390764,6.390764,-47.487840,-47.487840
7.622000,1524.400000,46.845749,46.845749,16.292809,16.292809,6.644764,6.644764,-47.584058,-47.584058
7.624000,1524.800000,46.845749,46.845749,15.965679,15.965679,6.949564,6.949564,-47.697400,-47.697400
7.626000,1525.200000,46.845749,46.845749,15.640413,15.640413,7.254364,7.254364,-47.808450,-47.808450
7.628000,1525.600000,46.845749,46.845749,15.317089,15.317089,7.559164,7.559164,-47.917225,-47.917225
7.630000,1526.000000,46.845749,46.845749,14.995787,14.995787,7.813164,7.813164,-48.006146,-48.006146
7.632000,1526.400000,46.845749,46.845749,14.676582,14.676582,8.117964,8.117964,-48.110798,-48.110798
7.634000,1526.800000,46.845749,46.845749,14.359552,14.359552,8.422764,8.422764,-48.213226,-48.213226
7.636000,1527.200000,46.845749,46.845749,14.044772,14.044772,8.676764,8.676764,-48.296898,-48.296898
7.638000,1527.600000,46.845749,46.845749,13.732317,13.732317,8.981564,8.981564,-48.395295,-48.395295
7.640000,1528.000000,46.845749,46.845749,13.422259,13.422259,9.286364,9.286364,-48.491519,-48.491519
7.642000,1528.400000,46.845749,46.845749,13.114672,13.114672,9.591164,9.591164,-48.585584,-48.585584
7.644000,1528.800000,46.845749,46.845749,12.809627,12.809627,9.845164,9.845164,-48.662336,-48.662336
7.646000,1529.200000,46.845749,46.845749,12.507195,12.507195,10.149964,10.149964,-48.752489,-48.752489
7.648000,1529.600000,46.845749,46.845749,12.207445,12.207445,10.454764,10.454764,-48.840530,-48.840530
7.650000,1530.000000,46.845749,46.845749,11.910447,11.910447,10.759564,10.759564,-48.926475,-48.926475
7.652000,1530.400000,46.845749,46.845749,11.616267,11.616267,11.013564,11.013564,-48.996507,-48.996507
7.654000,1530.800000,46.845749,46.845749,11.324971,11.324971,11.318364,11.318364,-49.078651,-49.078651
7.656000,1531.200000,46.845749,46.845749,11.036624,11.036624,11.623164,11.623164,-49.158742,-49.158742
7.658000,1531.600000,46.845749,46.845749,10.751291,10.751291,11.877164,11.877164,-49.223928,-49.223928
7.660000,1532.000000,46.845749,46.845749,10.469033,10.469033,12.181964,12.181964,-49.300296,-49.300296
7.662000,1532.400000,46.845749,46.845749,10.189912,10.189912,12.486764,12.486764,-49.374653,-49.374653
7.664000,1532.800000,46.845749,46.845749,9.913987,9.913987,12.791564,12.791564,-49.447014,-49.447014
7.666000,1533.200000,46.845749,46.845749,9.641317,9.641317,13.045564,13.045564,-49.505800,-49.505800
7.668000,1533.600000,46.845749,46.845749,9.371959,9.371959,13.350364,13.350364,-49.574537,-49.574537
7.670000,1534.000000,46.845749,46.845749,9.105969,9.105969,13.655164,13.655164,-49.641318,-49.641318
7.672000,1534.400000,46.845749,46.845749,8.843401,8.843401,13.959964,13.959964,-49.706155,-49.706155
7.674000,1534.800000,46.845749,46.845749,8.584307,8.584307,14.213964,14.213964,-49.758711,-49.758711
7.676000,1535.200000,46.845749,46.845749,8.328739,8.328739,14.518764,14.518764,-49.820020,-49.820020
7.678000,1535.600000,46.845749,46.845749,8.076746,8.076746,14.823564,14.823564,-49.879423,-49.879423
7.680000,1536.000000,46.845749,46.845749,7.828377,7.828377,15.077564,15.077564,-49.927478,-49.927478
7.682000,1536.400000,46.845749,46.845749,7.583676,7.583676,15.382364,15.382364,-49.983420,-49.983420
7.684000,1536.800000,46.845749,46.845749,7.342690,7.342690,15.687164,15.687164,-50.037491,-50.037491
7.686000,1537.200000,46.845749,46.845749,7.105461,7.105461,15.991964,15.991964,-50.089704,-50.089704
7.688000,1537.600000,46.845749,46.845749,6.872031,6.872031,16.245964,16.245964,-50.131804,-50.131804
7.690000,1538.000000,46.845749,46.845749,6.642438,6.642438,16.550764,16.550764,-50.180642,-50.180642
7.692000,1538.400000,46.845749,46.845749,6.416721,6.416721,16.855564,16.855564,-50.227656,-50.227656
7.694000,1538.800000,46.845749,46.845749,6.194916,6.194916,17.160364,17.160364,-50.272857,-50.272857
7.696000,1539.200000,46.845749,46.845749,5.977055,5.977055,17.414364,17.414364,-50.309149,-50.309149
7.698000,1539.600000,46.845749,46.845749,5.763173,5.763173,17.719164,17.719164,-50.351057,-50.351057
7.700000,1540.000000,46.845749,46.845749,5.553298,5.553298,18.023964,18.023964,-50.391185,-50.391185
7.702000,1540.400000,46.845749,46.845749,5.347458,5.347458,18.277964,18.277964,-50.423273,-50.423273
7.704000,1540.800000,46.845749,46.845749,5.145681,5.145681,18.582764,18.582764,-50.460165,-50.460165
7.706000,1541.200000,46.845749,46.845749,4.947990,4.947990,18.887564,18.887564,-50.495308,-50.495308
7.708000,1541.600000,46.845749,46.845749,4.754407,4.754407,19.192364,19.192364,-50.528713,-50.528713
7.710000,1542.000000,46.845749,46.845749,4.564953,4.564953,19.446364,19.446364,-50.555230,-50.555230
7.712000,1542.400000,46.845749,46.845749,4.379645,4.379645,19.751164,19.751164,-50.585474,-50.585474
7.714000,1542.800000,46.845749,46.845749,4.198499,4.198499,20.055964,20.055964,-50.614009,-50.614009
7.716000,1543.200000,46.845749,46.845749,4.021528,4.021528,20.360764,20.360764,-50.640844,-50.640844
7.718000,1543.600000,46.845749,46.845749,3.848744,3.848744,20.614764,20.614764,-50.661917,-50.661917
7.720000,1544.000000,46.845749,46.845749,3.680155,3.680155,20.919564,20.919564,-50.685663,-50.685663
7.722000,1544.400000,46.845749,46.845749,3.515769,3.515769,21.224364,21.224364,-50.707739,-50.707739
7.724000,1544.800000,46.845749,46.845749,3.355590,3.355590,21.478364,21.478364,-50.724865,-50.724865
7.726000,1545.200000,46.845749,46.845749,3.199620,3.199620,21.783164,21.783164,-50.743902,-50.743902
7.728000,1545.600000,46.845749,46.845749,3.047858,3.047858,22.087964,22.087964,-50.761294,-50.761294
7.730000,1546.000000,46.845749,46.845749,2.900302,2.900302,22.392764,22.392764,-50.777052,-50.777052
7.732000,1546.400000,46.845749,46.845749,2.756947,2.756947,22.646764,22.646764,-50.788941,-50.788941
7.734000,1546.800000,46.845749,46.845749,2.617784,2.617784,22.951564,22.951564,-50.801725,-50.801725
7.736000,1547.200000,46.845749,46.845749,2.482804,2.482804,23.256364,23.256364,-50.812900,-50.812900
7.738000,1547.600000,46.845749,46.845749,2.351993,2.351993,23.561164,23.561164,-50.822475,-50.822475
7.740000,1548.000000,46.845749,46.845749,2.225337,2.225337,23.815164,23.815164,-50.829237,-50.829237
7.742000,1548.400000,46.845749,46.845749,2.102816,2.102816,24.119964,24.119964,-50.835901,-50.835901
7.744000,1548.800000,46.845749,46.845749,1.984411,1.984411,24.424764,24.424764,-50.840989,-50.840989
7.746000,1549.200000,46.845749,46.845749,1.870098,1.870098,24.678764,24.678764,-50.844031,-50.844031
7.748000,1549.600000,46.845749,46.845749,1.759850,1.759850,24.983564,24.983564,-50.846251,-50.846251
7.750000,1550.000000,46.845749,46.845749,1.653639,1.653639,25.288364,25.288364,-50.846920,-50.846920
7.752000,1550.400000,46.845749,46.845749,1.551434,1.551434,25.593164,25.593164,-50.846045,-50.846045
7.754000,1550.800000,46.845749,46.845749,1.453199,1.453199,25.847164,25.847164,-50.844142,-50.844142
7.756000,1551.200000,46.845749,46.845749,1.358897,1.358897,26.151964,26.151964,-50.840457,-50.840457
7.758000,1551.600000,46.845749,46.845749,1.268488,1.268488,26.456764,26.456764,-50.835251,-50.835251
7.760000,1552.000000,46.845749,46.845749,1.181929,1.181929,26.761564,26.761564,-50.828531,-50.828531
7.762000,1552.400000,46.845749,46.845749,1.099173,1.099173,27.015564,27.015564,-50.821780,-50.821780
7.764000,1552.800000,46.845749,46.845749,1.020172,1.020172,27.320364,27.320364,-50.812306,-50.812306
7.766000,1553.200000,46.845749,46.845749,0.944872,0.944872,27.625164,27.625164,-50.801339,-50.801339
7.768000,1553.600000,46.845749,46.845749,0.873219,0.873219,27.879164,27.879164,-50.791066,-50.791066
7.770000,1554.000000,46.845749,46.845749,0.805155,0.805155,28.183964,28.183964,-50.777384,-50.777384
7.772000,1554.400000,46.845749,46.845749,0.740618,0.740618,28.488764,28.488764,-50.762231,-50.762231
7.774000,1554.800000,46.845749,46.845749,0.679543,0.679543,28.793564,28.793564,-50.745613,-50.745613
7.776000,1555.200000,46.845749,46.845749,0.621862,0.621862,29.047564,29.047564,-50.730653,-50.730653
7.778000,1555.600000,46.845749,46.845749,0.567504,0.567504,29.352364,29.352364,-50.711370,-50.711370
7.780000,1556.000000,46.845749,46.845749,0.516396,0.516396,29.657164,29.657164,-50.690644,-50.690644
7.782000,1556.400000,46.845749,46.845749,0.468459,0.468459,29.961964,29.961964,-50.668481,-50.668481
7.784000,1556.800000,46.845749,46.845749,0.423612,0.423612,30.215964,30.215964,-50.648919,-50.648919
7.786000,1557.200000,46.845749,46.845749,0.381771,0.381771,30.520764,30.520764,-50.624139,-50.624139
7.788000,1557.600000,46.845749,46.845749,0.342849,0.342849,30.825564,30.825564,-50.597941,-50.597941
7.790000,1558.000000,46.845749,46.845749,0.306754,0.306754,31.079564,31.079564,-50.575031,-50.575031
7.792000,1558.400000,46.845749,46.845749,0.273391,0.273391,31.384364,31.384364,-50.546251,-50.546251
7.794000,1558.800000,46.845749,46.845749,0.242663,0.242663,31.689164,31.689164,-50.516072,-50.516072
7.796000,1559.200000,46.845749,46.845749,0.214467,0.214467,31.993964,31.993964,-50.484499,-50.484499
7.798000,1559.600000,46.845749,46.845749,0.188700,0.188700,32.247964,32.247964,-50.457130,-50.457130
7.800000,1560.000000,46.845749,46.845749,0.165251,0.165251,32.552764,32.552764,-50.423020,-50.423020
7.802000,1560.400000,46.845749,46.845749,0.144008,0.144008,32.857564,32.857564,-50.387536,-50.387536
7.804000,1560.800000,46.845749,46.845749,0.124856,0.124856,33.162364,33.162364,-50.350682,-50.350682
7.806000,1561.200000,46.845749,46.845749,0.107675,0.107675,33.416364,33.416364,-50.318929,-50.318929
7.808000,1561.600000,46.845749,46.845749,0.092341,0.092341,33.721164,33.721164,-50.279581,-50.279581
7.810000,1562.000000,46.845749,46.845749,0.078726,0.078726,34.025964,34.025964,-50.238881,-50.238881
7.812000,1562.400000,46.845749,46.845749,0.066701,0.066701,34.279964,34.279964,-50.203936,-50.203936
7.814000,1562.800000,46.845749,46.845749,0.056129,0.056129,34.584764,34.584764,-50.160773,-50.160773
7.816000,1563.200000,46.845749,46.845749,0.046874,0.046874,34.889564,34.889564,-50.116273,-50.116273
7.818000,1563.600000,46.845749,46.845749,0.038807,0.038807,35.194364,35.194364,-50.070445,-50.070445
7.820000,1564.000000,46.845749,46.845749,0.031812,0.031812,35.448364,35.448364,-50.031242,-50.031242
7.822000,1564.400000,46.845749,46.845749,0.025783,0.025783,35.753164,35.753164,-49.982990,-49.982990
7.824000,1564.800000,46.845749,46.845749,0.020624,0.020624,36.057964,36.057964,-49.933423,-49.933423
7.826000,1565.200000,46.845749,46.845749,0.016242,0.016242,36.362764,36.362764,-49.882548,-49.882548
7.828000,1565.600000,46.845749,46.845749,0.012556,0.012556,36.616764,36.616764,-49.839157,-49.839157
7.830000,1566.000000,46.845749,46.845749,0.009488,0.009488,36.921564,36.921564,-49.785897,-49.785897
7.832000,1566.400000,46.845749,46.845749,0.006965,0.006965,37.226364,37.226364,-49.731344,-49.731344
7.834000,1566.800000,46.845749,46.845749,0.004921,0.004921,37.480364,37.480364,-49.684898,-49.684898
7.836000,1567.200000,46.845749,46.845749,0.003294,0.003294,37.785164,37.785164,-49.627987,-49.627987
7.838000,1567.600000,46.845749,46.845749,0.002027,0.002027,38.089964,38.089964,-49.569798,-49.569798
7.840000,1568.000000,46.845749,46.845749,0.001066,0.001066,38.394764,38.394764,-49.510335,-49.510335
7.842000,1568.400000,46.845749,46.845749,0.000364,0.000364,38.648764,38.648764,-49.459813,-49.459813
7.844000,1568.800000,46.845749,46.845749,-0.000123,-0.000123,38.953564,38.953564,-49.398028,-49.398028
7.846000,1569.200000,46.845749,46.845749,-0.000436,-0.000436,39.258364,39.258364,-49.334983,-49.334983
7.848000,1569.600000,46.845749,46.845749,-0.000611,-0.000611,39.563164,39.563164,-49.270684,-49.270684
7.850000,1570.000000,46.845749,46.845749,-0.000680,-0.000680,39.817164,39.817164,-49.216147,-49.216147
7.852000,1570.400000,46.845749,46.845749,-0.000671,-0.000671,40.121964,40.121964,-49.149561,-49.149561
7.854000,1570.800000,46.845749,46.845749,-0.000611,-0.000611,40.426764,40.426764,-49.081734,-49.081734
7.856000,1571.200000,46.845749,46.845749,-0.000520,-0.000520,40.680764,40.680764,-49.024266,-49.024266
7.858000,1571.600000,46.845749,46.845749,-0.000415,-0.000415,40.985564,40.985564,-48.954176,-48.954176
7.860000,1572.000000,46.845749,46.845749,-0.000309,-0.000309,41.290364,41.290364,-48.882858,-48.882858
7.862000,1572.400000,46.845749,46.845749,-0.000215,-0.000215,41.595164,41.595164,-48.810317,-48.810317
7.864000,1572.800000,46.845749,46.845749,-0.000137,-0.000137,41.849164,41.849164,-48.748936,-48.748936
7.866000,1573.200000,46.845749,46.845749,-0.000079,-0.000079,42.153964,42.153964,-48.674164,-48.674164
7.868000,1573.600000,46.845749,46.845749,-0.000041,-0.000041,42.458764,42.458764,-48.598182,-48.598182
7.870000,1574.000000,46.845749,46.845749,-0.000018,-0.000018,42.763564,42.763564,-48.520994,-48.520994
7.872000,1574.400000,46.845749,46.845749,-0.000006,-0.000006,43.017564,43.017564,-48.455752,-48.455752
7.874000,1574.800000,46.845749,46.845749,-0.000002,-0.000002,43.322364,43.322364,-48.376364,-48.376364
7.876000,1575.200000,46.845749,46.845749,-0.000000,-0.000000,43.627164,43.627164,-48.295782,-48.295782
7.878000,1575.600000,46.845749,46.845749,-0.000000,-0.000000,43.881164,43.881164,-48.227722,-48.227722
7.880000,1576.000000,46.845749,46.845749,-0.000000,-0.000000,44.185964,44.185964,-48.144962,-48.144962
7.882000,1576.400000,46.845749,46.845749,-0.000000,-0.000000,44.490764,44.490764,-48.061021,-48.061021
7.884000,1576.800000,46.845749,46.845749,-0.000000,-0.000000,44.795564,44.795564,-47.975901,-47.975901
7.886000,1577.200000,46.845749,46.845749,-0.000000,-0.000000,45.049564,45.049564,-47.904072,-47.904072
7.888000,1577.600000,46.845749,46.845749,-0.000000,-0.000000,45.354364,45.354364,-47.816803,-47.816803
7.890000,1578.000000,46.845749,46.845749,-0.000000,-0.000000,45.659164,45.659164,-47.728369,-47.728369
7.892000,1578.400000,46.845749,46.845749,-0.000000,-0.000000,45.913164,45.913164,-47.653785,-47.653785
7.894000,1578.800000,46.845749,46.845749,-0.000000,-0.000000,46.217964,46.217964,-47.563222,-47.563222
7.896000,1579.200000,46.845749,46.845749,-0.000000,-0.000000,46.522764,46.522764,-47.471504,-47.471504
7.898000,1579.600000,46.845749,46.845749,-0.000000,-0.000000,46.827564,46.827564,-47.378634,-47.378634
7.900000,1580.000000,46.845749,46.845749,-0.000000,-0.000000,46.845749,46.845749,-47.300366,-47.300366
7.902000,1580.400000,46.845749,46.845749,-0.000000,-0.000000,41.169272,41.169272,-47.205395,-47.205395
7.904000,1580.800000,46.845749,46.845749,-0.000000,-0.000000,37.040795,37.040795,-47.109284,-47.109284
7.906000,1581.200000,46.845749,46.845749,-0.000000,-0.000000,33.660332,33.660332,-47.012035,-47.012035
7.908000,1581.600000,46.845749,46.845749,-0.000000,-0.000000,31.205328,31.205328,-46.930128,-46.930128
7.910000,1582.000000,46.845749,46.845749,-0.000000,-0.000000,28.567641,28.567641,-46.830805,-46.830805
7.912000,1582.400000,46.845749,46.845749,-0.000000,-0.000000,26.185254,26.185254,-46.730354,-46.730354
7.914000,1582.800000,46.845749,46.845749,-0.000000,-0.000000,24.354154,24.354154,-46.645787,-46.645787
7.916000,1583.200000,46.845749,46.845749,-0.000000,-0.000000,22.308169,22.308169,-46.543280,-46.543280
7.918000,1583.600000,46.845749,46.845749,-0.000000,-0.000000,20.400606,20.400606,-46.439656,-46.439656
7.920000,1584.000000,46.845749,46.845749,-0.000000,-0.000000,18.610201,18.610201,-46.334919,-46.334919
7.922000,1584.400000,46.845749,46.845749,-0.000000,-0.000000,17.195828,17.195828,-46.246790,-46.246790
7.924000,1584.800000,46.845749,46.845749,-0.000000,-0.000000,15.580446,15.580446,-46.140021,-46.140021
7.926000,1585.200000,46.845749,46.845749,-0.000000,-0.000000,14.044402,14.044402,-46.032148,-46.032148
7.928000,1585.600000,46.845749,46.845749,-0.000000,-0.000000,12.579006,12.579006,-45.923175,-45.923175
7.930000,1586.000000,46.845749,46.845749,-0.000000,-0.000000,11.406579,11.406579,-45.831526,-45.831526
7.932000,1586.400000,46.845749,46.845749,-0.000000,-0.000000,10.052850,10.052850,-45.720545,-45.720545
7.934000,1586.800000,46.845749,46.845749,-0.000000,-0.000000,8.752197,8.752197,-45.608472,-45.608472
7.936000,1587.200000,46.845749,46.845749,-0.000000,-0.000000,7.705591,7.705591,-45.514247,-45.514247
7.938000,1587.600000,46.845749,46.845749,-0.000000,-0.000000,6.490974,6.490974,-45.400183,-45.400183
7.940000,1588.000000,46.845749,46.845749,-0.000000,-0.000000,5.318162,5.318162,-45.285036,-45.285036
7.942000,1588.400000,46.845749,46.845749,-0.000000,-0.000000,4.184108,4.184108,-45.168811,-45.168811
7.944000,1588.800000,46.845749,46.845749,-0.000000,-0.000000,3.266721,3.266721,-45.071135,-45.071135
7.946000,1589.200000,46.845749,46.845749,-0.000000,-0.000000,2.196963,2.196963,-44.952940,-44.952940
7.948000,1589.600000,46.845749,46.845749,-0.000000,-0.000000,1.159098,1.159098,-44.833676,-44.833676
7.950000,1590.000000,46.845749,46.845749,-0.000000,-0.000000,0.151181,0.151181,-44.713344,-44.713344
7.952000,1590.400000,46.845749,46.845749,-0.000000,-0.000000,-0.667142,-0.667142,-44.612254,-44.612254
7.954000,1590.800000,46.845749,46.845749,-0.000000,-0.000000,-1.624582,-1.624582,-44.489974,-44.489974
7.956000,1591.200000,46.845749,46.845749,-0.000000,-0.000000,-2.556618,-2.556618,-44.366635,-44.366635
7.958000,1591.600000,46.845749,46.845749,-0.000000,-0.000000,-3.314872,-3.314872,-44.263046,-44.263046
7.960000,1592.000000,46.845749,46.845749,-0.000000,-0.000000,-4.203706,-4.203706,-44.137774,-44.137774
7.962000,1592.400000,46.845749,46.845749,-0.000000,-0.000000,-5.070619,-5.070619,-44.011452,-44.011452
7.964000,1592.800000,46.845749,46.845749,-0.000000,-0.000000,-5.916649,-5.916649,-43.884082,-43.884082
7.966000,1593.200000,46.845749,46.845749,-0.000000,-0.000000,-6.606416,-6.606416,-43.777142,-43.777142
7.968000,1593.600000,46.845749,46.845749,-0.000000,-0.000000,-7.416597,-7.416597,-43.647859,-43.647859
7.970000,1594.000000,46.845749,46.845749,-0.000000,-0.000000,-8.208425,-8.208425,-43.517536,-43.517536
7.972000,1594.400000,46.845749,46.845749,-0.000000,-0.000000,-8.982671,-8.982671,-43.386176,-43.386176
7.974000,1594.800000,46.845749,46.845749,-0.000000,-0.000000,-9.614963,-9.614963,-43.275919,-43.275919
7.976000,1595.200000,46.845749,46.845749,-0.000000,-0.000000,-10.358801,-10.358801,-43.142665,-43.142665
7.978000,1595.600000,46.845749,46.845749,-0.000000,-0.000000,-11.086963,-11.086963,-43.008382,-43.008382
7.980000,1596.000000,46.845749,46.845749,-0.000000,-0.000000,-11.682217,-11.682217,-42.895695,-42.895695
7.982000,1596.400000,46.845749,46.845749,-0.000000,-0.000000,-12.383146,-12.383146,-42.759531,-42.759531
7.984000,1596.800000,46.845749,46.845749,-0.000000,-0.000000,-13.069976,-13.069976,-42.622346,-42.622346
7.986000,1597.200000,46.845749,46.845749,-0.000000,-0.000000,-13.743199,-13.743199,-42.484141,-42.484141
7.988000,1597.600000,46.845749,46.845749,-0.000000,-0.000000,-14.294160,-14.294160,-42.368194,-42.368194
7.990000,1598.000000,46.845749,46.845749,-0.000000,-0.000000,-14.943623,-14.943623,-42.228127,-42.228127
7.992000,1598.400000,46.845749,46.845749,-0.000000,-0.000000,-15.580726,-15.580726,-42.087048,-42.087048
7.994000,1598.800000,46.845749,46.845749,-0.000000,-0.000000,-16.205860,-16.205860,-41.944960,-41.944960
7.996000,1599.200000,46.845749,46.845749,-0.000000,-0.000000,-16.717933,-16.717933,-41.825783,-41.825783
7.998000,1599.600000,46.845749,46.845749,-0.000000,-0.000000,-17.322080,-17.322080,-41.681850,-41.681850
8.000000,1600.000000,46.845749,46.845749,-0.000000,-0.000000,-17.915264,-17.915264,-41.536913,-41.536913
8.002000,1600.400000,46.845749,46.845749,-0.000000,-0.000000,-18.401440,-18.401440,-41.415369,-41.415369
8.004000,1600.800000,46.845749,46.845749,-0.000000,-0.000000,-18.975345,-18.975345,-41.268600,-41.268600
8.006000,1601.200000,46.845749,46.845749,-0.000000,-0.000000,-19.539152,-19.539152,-41.120836,-41.120836
8.008000,1601.600000,46.845749,46.845749,-0.000000,-0.000000,-20.093141,-20.093141,-40.972078,-40.972078
8.010000,1602.000000,46.845749,46.845749,-0.000000,-0.000000,-20.547489,-20.547489,-40.847355,-40.847355
8.012000,1602.400000,46.845749,46.845749,-0.000000,-0.000000,-21.084155,-21.084155,-40.696781,-40.696781
8.014000,1602.800000,46.845749,46.845749,-0.000000,-0.000000,-21.611721,-21.611721,-40.545219,-40.545219
8.016000,1603.200000,46.845749,46.845749,-0.000000,-0.000000,-22.130419,-22.130419,-40.392673,-40.392673
8.018000,1603.600000,46.845749,46.845749,-0.000000,-0.000000,-22.556053,-22.556053,-40.264800,-40.264800
8.020000,1604.000000,46.845749,46.845749,-0.000000,-0.000000,-23.059062,-23.059062,-40.110454,-40.110454
8.022000,1604.400000,46.845749,46.845749,-0.000000,-0.000000,-23.553808,-23.553808,-39.955128,-39.955128
8.024000,1604.800000,46.845749,46.845749,-0.000000,-0.000000,-23.959924,-23.959924,-39.824944,-39.824944
8.026000,1605.200000,46.845749,46.845749,-0.000000,-0.000000,-24.440023,-24.440023,-39.667830,-39.667830
8.028000,1605.600000,46.845749,46.845749,-0.000000,-0.000000,-24.912393,-24.912393,-39.509743,-39.509743
8.030000,1606.000000,46.845749,46.845749,-0.000000,-0.000000,-25.377209,-25.377209,-39.350686,-39.350686
8.032000,1606.400000,46.845749,46.845749,-0.000000,-0.000000,-25.758907,-25.758907,-39.217398,-39.217398
8.034000,1606.800000,46.845749,46.845749,-0.000000,-0.000000,-26.210306,-26.210306,-39.056567,-39.056567
8.036000,1607.200000,46.845749,46.845749,-0.000000,-0.000000,-26.654609,-26.654609,-38.894771,-38.894771
8.038000,1607.600000,46.845749,46.845749,-0.000000,-0.000000,-27.091968,-27.091968,-38.732012,-38.732012
8.040000,1608.000000,46.845749,46.845749,-0.000000,-0.000000,-27.451233,-27.451233,-38.595645,-38.595645
8.042000,1608.400000,46.845749,46.845749,-0.000000,-0.000000,-27.876232,-27.876232,-38.431127,-38.431127
8.044000,1608.800000,46.845749,46.845749,-0.000000,-0.000000,-28.294682,-28.294682,-38.265651,-38.265651
8.046000,1609.200000,46.845749,46.845749,-0.000000,-0.000000,-28.638483,-28.638483,-38.127025,-38.127025
8.048000,1609.600000,46.845749,46.845749,-0.000000,-0.000000,-29.045265,-29.045265,-37.959800,-37.959800
8.050000,1610.000000,46.845749,46.845749,-0.000000,-0.000000,-29.445856,-29.445856,-37.791623,-37.791623
8.052000,1610.400000,46.845749,46.845749,-0.000000,-0.000000,-29.840375,-29.840375,-37.622497,-37.622497
8.054000,1610.800000,46.845749,46.845749,-0.000000,-0.000000,-30.164585,-30.164585,-37.480835,-37.480835
8.056000,1611.200000,46.845749,46.845749,-0.000000,-0.000000,-30.548266,-30.548266,-37.309972,-37.309972
8.058000,1611.600000,46.845749,46.845749,-0.000000,-0.000000,-30.926189,-30.926189,-37.138166,-37.138166
8.060000,1612.000000,46.845749,46.845749,-0.000000,-0.000000,-31.298457,-31.298457,-36.965416,-36.965416
8.062000,1612.400000,46.845749,46.845749,-0.000000,-0.000000,-31.604435,-31.604435,-36.820740,-36.820740
8.064000,1612.800000,46.845749,46.845749,-0.000000,-0.000000,-31.966596,-31.966596,-36.646268,-36.646268
8.066000,1613.200000,46.845749,46.845749,-0.000000,-0.000000,-32.323380,-32.323380,-36.470858,-36.470858
8.068000,1613.600000,46.845749,46.845749,-0.000000,-0.000000,-32.616659,-32.616659,-36.323968,-36.323968
8.070000,1614.000000,46.845749,46.845749,-0.000000,-0.000000,-32.963822,-32.963822,-36.146845,-36.146845
8.072000,1614.400000,46.845749,46.845749,-0.000000,-0.000000,-33.305860,-33.305860,-35.968788,-35.968788
8.074000,1614.800000,46.845749,46.845749,-0.000000,-0.000000,-33.642859,-33.642859,-35.789802,-35.789802
8.076000,1615.200000,46.845749,46.845749,-0.000000,-0.000000,-33.919901,-33.919901,-35.639936,-35.639936
8.078000,1615.600000,46.845749,46.845749,-0.000000,-0.000000,-34.247872,-34.247872,-35.459247,-35.459247
8.080000,1616.000000,46.845749,46.845749,-0.000000,-0.000000,-34.571029,-34.571029,-35.277633,-35.277633
8.082000,1616.400000,46.845749,46.845749,-0.000000,-0.000000,-34.889448,-34.889448,-35.095094,-35.095094
8.084000,1616.800000,46.845749,46.845749,-0.000000,-0.000000,-35.151231,-35.151231,-34.942273,-34.942273
8.086000,1617.200000,46.845749,46.845749,-0.000000,-0.000000,-35.461151,-35.461151,-34.758044,-34.758044
8.088000,1617.600000,46.845749,46.845749,-0.000000,-0.000000,-35.766536,-35.766536,-34.572896,-34.572896
8.090000,1618.000000,46.845749,46.845749,-0.000000,-0.000000,-36.017607,-36.017607,-34.417904,-34.417904
8.092000,1618.400000,46.845749,46.845749,-0.000000,-0.000000,-36.314851,-36.314851,-34.231073,-34.231073
8.094000,1618.800000,46.845749,46.845749,-0.000000,-0.000000,-36.607746,-36.607746,-34.043327,-34.043327
8.096000,1619.200000,46.845749,46.845749,-0.000000,-0.000000,-36.896354,-36.896354,-33.854668,-33.854668
8.098000,1619.600000,46.845749,46.845749,-0.000000,-0.000000,-37.133632,-37.133632,-33.696755,-33.696755
8.100000,1620.000000,46.845749,46.845749,-0.000000,-0.000000,-37.414540,-37.414540,-33.506425,-33.506425
8.102000,1620.400000,46.845749,46.845749,-0.000000,-0.000000,-37.691331,-37.691331,-33.315185,-33.315185
8.104000,1620.800000,46.845749,46.845749,-0.000000,-0.000000,-37.964062,-37.964062,-33.123038,-33.123038
8.106000,1621.200000,46.845749,46.845749,-0.000000,-0.000000,-38.188277,-38.188277,-32.962222,-32.962222
8.108000,1621.600000,46.845749,46.845749,-0.000000,-0.000000,-38.453707,-38.453707,-32.768414,-32.768414
8.110000,1622.000000,46.845749,46.845749,-0.000000,-0.000000,-38.715229,-38.715229,-32.573703,-32.573703
8.112000,1622.400000,46.845749,46.845749,-0.000000,-0.000000,-38.930218,-38.930218,-32.410754,-32.410754
8.114000,1622.800000,46.845749,46.845749,-0.000000,-0.000000,-39.184711,-39.184711,-32.214389,-32.214389
8.116000,1623.200000,46.845749,46.845749,-0.000000,-0.000000,-39.435440,-39.435440,-32.017125,-32.017125
8.118000,1623.600000,46.845749,46.845749,-0.000000,-0.000000,-39.682452,-39.682452,-31.818962,-31.818962
8.120000,1624.000000,46.845749,46.845749,-0.000000,-0.000000,-39.885492,-39.885492,-31.653142,-31.653142
8.122000,1624.400000,46.845749,46.845749,-0.000000,-0.000000,-40.125813,-40.125813,-31.453336,-31.453336
8.124000,1624.800000,46.845749,46.845749,-0.000000,-0.000000,-40.362549,-40.362549,-31.252636,-31.252636
8.126000,1625.200000,46.845749,46.845749,-0.000000,-0.000000,-40.595743,-40.595743,-31.051042,-31.051042
8.128000,1625.600000,46.845749,46.845749,-0.000000,-0.000000,-40.787397,-40.787397,-30.882367,-30.882367
8.130000,1626.000000,46.845749,46.845749,-0.000000,-0.000000,-41.014209,-41.014209,-30.679140,-30.679140
8.132000,1626.400000,46.845749,46.845749,-0.000000,-0.000000,-41.237598,-41.237598,-30.475023,-30.475023
8.134000,1626.800000,46.845749,46.845749,-0.000000,-0.000000,-41.421171,-41.421171,-30.304248,-30.304248
8.136000,1627.200000,46.845749,46.845749,-0.000000,-0.000000,-41.638391,-41.638391,-30.098505,-30.098505
8.138000,1627.600000,46.845749,46.845749,-0.000000,-0.000000,-41.852300,-41.852300,-29.891875,-29.891875
8.140000,1628.000000,46.845749,46.845749,-0.000000,-0.000000,-42.062937,-42.062937,-29.684362,-29.684362
8.142000,1628.400000,46.845749,46.845749,-0.000000,-0.000000,-42.235995,-42.235995,-29.510759,-29.510759
8.144000,1628.800000,46.845749,46.845749,-0.000000,-0.000000,-42.440729,-42.440729,-29.301627,-29.301627
8.146000,1629.200000,46.845749,46.845749,-0.000000,-0.000000,-42.642293,-42.642293,-29.091614,-29.091614
8.148000,1629.600000,46.845749,46.845749,-0.000000,-0.000000,-42.807867,-42.807867,-28.915931,-28.915931
8.150000,1630.000000,46.845749,46.845749,-0.000000,-0.000000,-43.003711,-43.003711,-28.704305,-28.704305
8.152000,1630.400000,46.845749,46.845749,-0.000000,-0.000000,-43.196483,-43.196483,-28.491802,-28.491802
8.154000,1630.800000,46.845749,46.845749,-0.000000,-0.000000,-43.386215,-43.386215,-28.278423,-28.278423
8.156000,1631.200000,46.845749,46.845749,-0.000000,-0.000000,-43.542027,-43.542027,-28.099938,-28.099938
8.158000,1631.600000,46.845749,46.845749,-0.000000,-0.000000,-43.726271,-43.726271,-27.884955,-27.884955
8.160000,1632.000000,46.845749,46.845749,-0.000000,-0.000000,-43.907565,-43.907565,-27.669098,-27.669098
8.162000,1632.400000,46.845749,46.845749,-0.000000,-0.000000,-44.085941,-44.085941,-27.452369,-27.452369
8.164000,1632.800000,46.845749,46.845749,-0.000000,-0.000000,-44.232378,-44.232378,-27.271096,-27.271096
8.166000,1633.200000,46.845749,46.845749,-0.000000,-0.000000,-44.405479,-44.405479,-27.052771,-27.052771
8.168000,1633.600000,46.845749,46.845749,-0.000000,-0.000000,-44.575744,-44.575744,-26.833576,-26.833576
8.170000,1634.000000,46.845749,46.845749,-0.000000,-0.000000,-44.715486,-44.715486,-26.650251,-26.650251
8.172000,1634.400000,46.845749,46.845749,-0.000000,-0.000000,-44.880625,-44.880625,-26.429466,-26.429466
8.174000,1634.800000,46.845749,46.845749,-0.000000,-0.000000,-45.043007,-45.043007,-26.207815,-26.207815
8.176000,1635.200000,46.845749,46.845749,-0.000000,-0.000000,-45.202658,-45.202658,-25.985299,-25.985299
8.178000,1635.600000,46.845749,46.845749,-0.000000,-0.000000,-45.333635,-45.333635,-25.799208,-25.799208
8.180000,1636.000000,46.845749,46.845749,-0.000000,-0.000000,-45.488349,-45.488349,-25.575109,-25.575109
8.182000,1636.400000,46.845749,46.845749,-0.000000,-0.000000,-45.640405,-45.640405,-25.350146,-25.350146
8.184000,1636.800000,46.845749,46.845749,-0.000000,-0.000000,-45.789830,-45.789830,-25.124323,-25.124323
8.186000,1637.200000,46.845749,46.845749,-0.000000,-0.000000,-45.912357,-45.912357,-24.935479,-24.935479
8.188000,1637.600000,46.845749,46.845749,-0.000000,-0.000000,-46.057019,-46.057019,-24.708079,-24.708079
8.190000,1638.000000,46.845749,46.845749,-0.000000,-0.000000,-46.199117,-46.199117,-24.479821,-24.479821
8.192000,1638.400000,46.845749,46.845749,-0.000000,-0.000000,-46.315591,-46.315591,-24.288950,-24.288950
8.194000,1638.800000,46.845749,46.845749,-0.000000,-0.000000,-46.453048,-46.453048,-24.059119,-24.059119
8.196000,1639.200000,46.845749,46.845749,-0.000000,-0.000000,-46.588007,-46.588007,-23.828433,-23.828433
8.198000,1639.600000,46.845749,46.845749,-0.000000,-0.000000,-46.720489,-46.720489,-23.596891,-23.596891
8.200000,1640.000000,46.845749,46.845749,-0.000000,-0.000000,-46.829014,-46.829014,-23.403287,-23.403287
8.202000,1640.400000,46.845749,46.845749,-0.000000,-0.000000,-46.957010,-46.957010,-23.170180,-23.170180
8.204000,1640.800000,46.845749,46.845749,-0.000000,-0.000000,-47.082591,-47.082591,-22.936220,-22.936220
8.206000,1641.200000,46.845749,46.845749,-0.000000,-0.000000,-47.205776,-47.205776,-22.701409,-22.701409
8.208000,1641.600000,46.845749,46.845749,-0.000000,-0.000000,-47.306615,-47.306615,-22.505083,-22.505083
8.210000,1642.000000,46.845749,46.845749,-0.000000,-0.000000,-47.425460,-47.425460,-22.268712,-22.268712
8.212000,1642.400000,46.845749,46.845749,-0.000000,-0.000000,-47.541967,-47.541967,-22.031491,-22.031491
8.214000,1642.800000,46.845749,46.845749,-0.000000,-0.000000,-47.637284,-47.637284,-21.833159,-21.833159
8.216000,1643.200000,46.845749,46.845749,-0.000000,-0.000000,-47.749553,-47.749553,-21.594384,-21.594384
8.218000,1643.600000,46.845749,46.845749,-0.000000,-0.000000,-47.859537,-47.859537,-21.354761,-21.354761
8.220000,1644.000000,46.845749,46.845749,-0.000000,-0.000000,-47.967256,-47.967256,-21.114292,-21.114292
8.222000,1644.400000,46.845749,46.845749,-0.000000,-0.000000,-48.055304,-48.055304,-20.913255,-20.913255
8.224000,1644.800000,46.845749,46.845749,-0.000000,-0.000000,-48.158915,-48.158915,-20.671236,-20.671236
8.226000,1645.200000,46.845749,46.845749,-0.000000,-0.000000,-48.260311,-48.260311,-20.428373,-20.428373
8.228000,1645.600000,46.845749,46.845749,-0.000000,-0.000000,-48.359509,-48.359509,-20.184667,-20.184667
8.230000,1646.000000,46.845749,46.845749,-0.000000,-0.000000,-48.440508,-48.440508,-19.980934,-19.980934
8.232000,1646.400000,46.845749,46.845749,-0.000000,-0.000000,-48.535722,-48.535722,-19.735683,-19.735683
8.234000,1646.800000,46.845749,46.845749,-0.000000,-0.000000,-48.628785,-48.628785,-19.489591,-19.489591
8.236000,1647.200000,46.845749,46.845749,-0.000000,-0.000000,-48.704708,-48.704708,-19.283871,-19.283871
8.238000,1647.600000,46.845749,46.845749,-0.000000,-0.000000,-48.793872,-48.793872,-19.036238,-19.036238
8.240000,1648.000000,46.845749,46.845749,-0.000000,-0.000000,-48.880933,-48.880933,-18.787765,-18.787765
8.242000,1648.400000,46.845749,46.845749,-0.000000,-0.000000,-48.965905,-48.965905,-18.538453,-18.538453
8.244000,1648.800000,46.845749,46.845749,-0.000000,-0.000000,-49.035130,-49.035130,-18.330053,-18.330053
8.246000,1649.200000,46.845749,46.845749,-0.000000,-0.000000,-49.116314,-49.116314,-18.079205,-18.079205
8.248000,1649.600000,46.845749,46.845749,-0.000000,-0.000000,-49.195452,-49.195452,-17.827520,-17.827520
8.250000,1650.000000,46.845749,46.845749,-0.000000,-0.000000,-49.272559,-49.272559,-17.574998,-17.574998
8.252000,1650.400000,46.845749,46.845749,-0.000000,-0.000000,-49.335275,-49.335275,-17.363925,-17.363925
8.254000,1650.800000,46.845749,46.845749,-0.000000,-0.000000,-49.408698,-49.408698,-17.109872,-17.109872
8.256000,1651.200000,46.845749,46.845749,-0.000000,-0.000000,-49.480131,-49.480131,-16.854984,-16.854984
8.258000,1651.600000,46.845749,46.845749,-0.000000,-0.000000,-49.538149,-49.538149,-16.641940,-16.641940
8.260000,1652.000000,46.845749,46.845749,-0.000000,-0.000000,-49.605971,-49.605971,-16.385524,-16.385524
8.262000,1652.400000,46.845749,46.845749,-0.000000,-0.000000,-49.671842,-49.671842,-16.128274,-16.128274
8.264000,1652.800000,46.845749,46.845749,-0.000000,-0.000000,-49.735777,-49.735777,-15.870192,-15.870192
8.266000,1653.200000,46.845749,46.845749,-0.000000,-0.000000,-49.787585,-49.787585,-15.654488,-15.654488
8.268000,1653.600000,46.845749,46.845749,-0.000000,-0.000000,-49.848002,-49.848002,-15.394880,-15.394880
8.270000,1654.000000,46.845749,46.845749,-0.000000,-0.000000,-49.906519,-49.906519,-15.134442,-15.134442
8.272000,1654.400000,46.845749,46.845749,-0.000000,-0.000000,-49.963148,-49.963148,-14.873174,-14.873174
8.274000,1654.800000,46.845749,46.845749,-0.000000,-0.000000,-50.008907,-50.008907,-14.654816,-14.654816
8.276000,1655.200000,46.845749,46.845749,-0.000000,-0.000000,-50.062108,-50.062108,-14.392026,-14.392026
8.278000,1655.600000,46.845749,46.845749,-0.000000,-0.000000,-50.113458,-50.113458,-14.128407,-14.128407
8.280000,1656.000000,46.845749,46.845749,-0.000000,-0.000000,-50.154843,-50.154843,-13.908092,-13.908092
8.282000,1656.400000,46.845749,46.845749,-0.000000,-0.000000,-50.202827,-50.202827,-13.642955,-13.642955
8.284000,1656.800000,46.845749,46.845749,-0.000000,-0.000000,-50.248993,-50.248993,-13.376989,-13.376989
8.286000,1657.200000,46.845749,46.845749,-0.000000,-0.000000,-50.293352,-50.293352,-13.110197,-13.110197
8.288000,1657.600000,46.845749,46.845749,-0.000000,-0.000000,-50.328945,-50.328945,-12.887238,-12.887238
8.290000,1658.000000,46.845749,46.845749,-0.000000,-0.000000,-50.370020,-50.370020,-12.618930,-12.618930
8.292000,1658.400000,46.845749,46.845749,-0.000000,-0.000000,-50.409320,-50.409320,-12.349796,-12.349796
8.294000,1658.800000,46.845749,46.845749,-0.000000,-0.000000,-50.446856,-50.446856,-12.079836,-12.079836
8.296000,1659.200000,46.845749,46.845749,-0.000000,-0.000000,-50.476797,-50.476797,-11.854239,-11.854239
8.298000,1659.600000,46.845749,46.845749,-0.000000,-0.000000,-50.511127,-50.511127,-11.582767,-11.582767
8.300000,1660.000000,46.845749,46.845749,-0.000000,-0.000000,-50.543723,-50.543723,-11.310470,-11.310470
8.302000,1660.400000,46.845749,46.845749,-0.000000,-0.000000,-50.569569,-50.569569,-11.082927,-11.082927
8.304000,1660.800000,46.845749,46.845749,-0.000000,-0.000000,-50.599014,-50.599014,-10.809119,-10.809119
8.306000,1661.200000,46.845749,46.845749,-0.000000,-0.000000,-50.626754,-50.626754,-10.534488,-10.534488
8.308000,1661.600000,46.845749,46.845749,-0.000000,-0.000000,-50.652799,-50.652799,-10.259034,-10.259034
8.310000,1662.000000,46.845749,46.845749,-0.000000,-0.000000,-50.673217,-50.673217,-10.028860,-10.028860
8.312000,1662.400000,46.845749,46.845749,-0.000000,-0.000000,-50.696181,-50.696181,-9.751898,-9.751898
8.314000,1662.800000,46.845749,46.845749,-0.000000,-0.000000,-50.717480,-50.717480,-9.474113,-9.474113
8.316000,1663.200000,46.845749,46.845749,-0.000000,-0.000000,-50.737121,-50.737121,-9.195507,-9.195507
8.318000,1663.600000,46.845749,46.845749,-0.000000,-0.000000,-50.752229,-50.752229,-8.962707,-8.962707
8.320000,1664.000000,46.845749,46.845749,-0.000000,-0.000000,-50.768857,-50.768857,-8.682594,-8.682594
8.322000,1664.400000,46.845749,46.845749,-0.000000,-0.000000,-50.783854,-50.783854,-8.401661,-8.401661
8.324000,1664.800000,46.845749,46.845749,-0.000000,-0.000000,-50.795113,-50.795113,-8.166922,-8.166922
8.326000,1665.200000,46.845749,46.845749,-0.000000,-0.000000,-50.807144,-50.807144,-7.884484,-7.884484
8.328000,1665.600000,46.845749,46.845749,-0.000000,-0.000000,-50.817571,-50.817571,-7.601226,-7.601226
8.330000,1666.000000,46.845749,46.845749,-0.000000,-0.000000,-50.826401,-50.826401,-7.317147,-7.317147
8.332000,1666.400000,46.845749,46.845749,-0.000000,-0.000000,-50.832546,-50.832546,-7.079789,-7.079789
8.334000,1666.800000,46.845749,46.845749,-0.000000,-0.000000,-50.838473,-50.838473,-6.794207,-6.794207
8.336000,1667.200000,46.845749,46.845749,-0.000000,-0.000000,-50.842827,-50.842827,-6.507806,-6.507806
8.338000,1667.600000,46.845749,46.845749,-0.000000,-0.000000,-50.845619,-50.845619,-6.220586,-6.220586
8.340000,1668.000000,46.845749,46.845749,-0.000000,-0.000000,-50.846756,-50.846756,-5.980611,-5.980611
8.342000,1668.400000,46.845749,46.845749,-0.000000,-0.000000,-50.846703,-50.846703,-5.691889,-5.691889
8.344000,1668.800000,46.845749,46.845749,-0.000000,-0.000000,-50.845109,-50.845109,-5.402349,-5.402349
8.346000,1669.200000,46.845749,46.845749,-0.000000,-0.000000,-50.842610,-50.842610,-5.160441,-5.160441
8.348000,1669.600000,46.845749,46.845749,-0.000000,-0.000000,-50.838214,-50.838214,-4.869400,-4.869400
8.350000,1670.000000,46.845749,46.845749,-0.000000,-0.000000,-50.832300,-50.832300,-4.577541,-4.577541
8.352000,1670.400000,46.845749,46.845749,-0.000000,-0.000000,-50.824876,-50.824876,-4.284864,-4.284864
8.354000,1670.800000,46.845749,46.845749,-0.000000,-0.000000,-50.817541,-50.817541,-4.040342,-4.040342
8.356000,1671.200000,46.845749,46.845749,-0.000000,-0.000000,-50.807369,-50.807369,-3.746166,-3.746166
8.358000,1671.600000,46.845749,46.845749,-0.000000,-0.000000,-50.795708,-50.795708,-3.451172,-3.451172
8.360000,1672.000000,46.845749,46.845749,-0.000000,-0.000000,-50.782566,-50.782566,-3.155361,-3.155361
8.362000,1672.400000,46.845749,46.845749,-0.000000,-0.000000,-50.770489,-50.770489,-2.908227,-2.908227
8.364000,1672.800000,46.845749,46.845749,-0.000000,-0.000000,-50.754651,-50.754651,-2.610917,-2.610917
8.366000,1673.200000,46.845749,46.845749,-0.000000,-0.000000,-50.737352,-50.737352,-2.312789,-2.312789
8.368000,1673.600000,46.845749,46.845749,-0.000000,-0.000000,-50.721826,-50.721826,-2.063726,-2.063726
8.370000,1674.000000,46.845749,46.845749,-0.000000,-0.000000,-50.701869,-50.701869,-1.764100,-1.764100
8.372000,1674.400000,46.845749,46.845749,-0.000000,-0.000000,-50.680470,-50.680470,-1.463657,-1.463657
8.374000,1674.800000,46.845749,46.845749,-0.000000,-0.000000,-50.657638,-50.657638,-1.162398,-1.162398
8.376000,1675.200000,46.845749,46.845749,-0.000000,-0.000000,-50.637521,-50.637521,-0.910724,-0.910724
8.378000,1675.600000,46.845749,46.845749,-0.000000,-0.000000,-50.612078,-50.612078,-0.607966,-0.607966
8.380000,1676.000000,46.845749,46.845749,-0.000000,-0.000000,-50.585221,-50.585221,-0.304392,-0.304392
8.382000,1676.400000,46.845749,46.845749,-0.000000,-0.000000,-50.556955,-50.556955,-0.000000,-0.000000
